,index,brand_name,model,price,rating,sim,has_5g,has_nfc,has_ir_blaster,processor,processor_name,processor_brand,num_cores,processor_speed,ram,battery,display,camera,card,os
0,2,oneplus,OnePlus 11 5G,54999,89.0,"Dual Sim, 3G, 4G, 5G, VoLTE, Wi-Fi, NFC",True,True,False,"Snapdragon 8 Gen2, Octa Core, 3.2 GHz Processor",Snapdragon 8 Gen2,snapdragon,Octa Core, 3.2 GHz Processor,"12 GB RAM, 256 GB inbuilt",5000 mAh Battery with 100W Fast Charging,"6.7 inches, 1440 x 3216 px, 120 Hz Display with Punch Hole",50 MP + 48 MP + 32 MP Triple Rear & 16 MP Front Camera,Memory Card Not Supported,Android v13
1,3,oneplus,OnePlus Nord CE 2 Lite 5G,19989,81.0,"Dual Sim, 3G, 4G, 5G, VoLTE, Wi-Fi",True,False,False,"Snapdragon 695, Octa Core, 2.2 GHz Processor",Snapdragon 695,snapdragon,Octa Core, 2.2 GHz Processor,"6 GB RAM, 128 GB inbuilt",5000 mAh Battery with 33W Fast Charging,"6.59 inches, 1080 x 2412 px, 120 Hz Display with Punch Hole",64 MP + 2 MP + 2 MP Triple Rear & 16 MP Front Camera,"Memory Card (Hybrid), upto 1 TB",Android v12
2,4,samsung,Samsung Galaxy A14 5G,16499,75.0,"Dual Sim, 3G, 4G, 5G, VoLTE, Wi-Fi",True,False,False,"Exynos 1330, Octa Core, 2.4 GHz Processor",Exynos 1330,exynos,Octa Core, 2.4 GHz Processor,"4 GB RAM, 64 GB inbuilt",5000 mAh Battery with 15W Fast Charging,"6.6 inches, 1080 x 2408 px, 90 Hz Display with Water Drop Notch",50 MP + 2 MP + 2 MP Triple Rear & 13 MP Front Camera,"Memory Card Supported, upto 1 TB",Android v13
3,5,motorola,Motorola Moto G62 5G,14999,81.0,"Dual Sim, 3G, 4G, 5G, VoLTE, Wi-Fi",True,False,False,"Snapdragon  695, Octa Core, 2.2 GHz Processor",Snapdragon  695,snapdragon,Octa Core, 2.2 GHz Processor,"6 GB RAM, 128 GB inbuilt",5000 mAh Battery with Fast Charging,"6.55 inches, 1080 x 2400 px, 120 Hz Display with Punch Hole",50 MP + 8 MP + 2 MP Triple Rear & 16 MP Front Camera,"Memory Card (Hybrid), upto 1 TB",Android v12
4,6,realme,Realme 10 Pro Plus,24999,82.0,"Dual Sim, 3G, 4G, 5G, VoLTE, Wi-Fi",True,False,False,"Dimensity 1080, Octa Core, 2.6 GHz Processor",Dimensity 1080,dimensity,Octa Core, 2.6 GHz Processor,"6 GB RAM, 128 GB inbuilt",5000 mAh Battery with 67W Fast Charging,"6.7 inches, 1080 x 2412 px, 120 Hz Display with Punch Hole",108 MP + 8 MP + 2 MP Triple Rear & 16 MP Front Camera,Memory Card Not Supported,Android v13
5,7,samsung,Samsung Galaxy F23 5G (6GB RAM + 128GB),16999,80.0,"Dual Sim, 3G, 4G, 5G, VoLTE, Wi-Fi, NFC",True,True,False,"Snapdragon  750G, Octa Core, 2.2 GHz Processor",Snapdragon  750G,snapdragon,Octa Core, 2.2 GHz Processor,"6 GB RAM, 128 GB inbuilt",5000 mAh Battery with 25W Fast Charging,"6.6 inches, 1080 x 2408 px, 120 Hz Display with Water Drop Notch",50 MP + 8 MP + 2 MP Triple Rear & 8 MP Front Camera,"Memory Card Supported, upto 1 TB",Android v12
6,8,apple,Apple iPhone 14,65999,81.0,"Dual Sim, 3G, 4G, 5G, VoLTE, Wi-Fi, NFC",True,True,False,"Bionic A15, Hexa Core, 3.22 GHz Processor",Bionic A15,bionic,Hexa Core, 3.22 GHz Processor,"6 GB RAM, 128 GB inbuilt",3279 mAh Battery with Fast Charging,"6.1 inches, 1170 x 2532 px Display with Small Notch",12 MP + 12 MP Dual Rear & 12 MP Front Camera,Memory Card Not Supported,iOS v16
7,9,xiaomi,Xiaomi Redmi Note 12 Pro Plus,29999,86.0,"Dual Sim, 3G, 4G, 5G, VoLTE, Wi-Fi, IR Blaster",True,False,True,"Dimensity 1080, Octa Core, 2.6 GHz Processor",Dimensity 1080,dimensity,Octa Core, 2.6 GHz Processor,"8 GB RAM, 256 GB inbuilt",4980 mAh Battery with 120W Fast Charging,"6.67 inches, 1080 x 2400 px, 120 Hz Display with Punch Hole",200 MP + 8 MP + 2 MP Triple Rear & 16 MP Front Camera,Memory Card Not Supported,Android v12
8,10,nothing,Nothing Phone 1,26749,85.0,"Dual Sim, 3G, 4G, 5G, VoLTE, Wi-Fi, NFC",True,True,False,"Snapdragon 778G Plus, Octa Core, 2.5 GHz Processor",Snapdragon 778G Plus,snapdragon,Octa Core, 2.5 GHz Processor,"8 GB RAM, 128 GB inbuilt",4500 mAh Battery with 33W Fast Charging,"6.55 inches, 1080 x 2400 px, 120 Hz Display with Punch Hole",50 MP + 50 MP Dual Rear & 16 MP Front Camera,Memory Card Not Supported,
9,11,oneplus,OnePlus Nord 2T 5G,28999,84.0,"Dual Sim, 3G, 4G, 5G, VoLTE, Wi-Fi, NFC",True,True,False,"Dimensity  1300, Octa Core, 3 GHz Processor",Dimensity  1300,dimensity,Octa Core, 3 GHz Processor,"8 GB RAM, 128 GB inbuilt",4500 mAh Battery with 80W Fast Charging,"6.43 inches, 1080 x 2400 px, 90 Hz Display with Punch Hole",50 MP + 8 MP + 2 MP Triple Rear & 32 MP Front Camera,Memory Card Not Supported,
10,12,realme,Realme 10 Pro,18999,82.0,"Dual Sim, 3G, 4G, 5G, VoLTE, Wi-Fi",True,False,False,"Snapdragon 695, Octa Core, 2.2 GHz Processor",Snapdragon 695,snapdragon,Octa Core, 2.2 GHz Processor,"6 GB RAM, 128 GB inbuilt",5000 mAh Battery with 33W Fast Charging,"6.72 inches, 1080 x 2400 px, 120 Hz Display with Punch Hole",108 MP + 2 MP Dual Rear & 16 MP Front Camera,"Memory Card Supported, upto 1 TB",Android v13
11,13,oppo,Oppo A78,18999,79.0,"Dual Sim, 3G, 4G, 5G, VoLTE, Wi-Fi, NFC",True,True,False,"Dimensity 700 5G, Octa Core, 2.2 GHz Processor",Dimensity 700 5G,dimensity,Octa Core, 2.2 GHz Processor,"8 GB RAM, 128 GB inbuilt",5000 mAh Battery with 33W Fast Charging,"6.56 inches, 720 x 1612 px, 90 Hz Display with Water Drop Notch",50 MP + 2 MP Dual Rear & 8 MP Front Camera,Memory Card Supported,Android v12
12,14,xiaomi,Xiaomi Redmi Note 12 Pro 5G,24762,79.0,"Dual Sim, 3G, 4G, 5G, VoLTE, Wi-Fi, IR Blaster",True,False,True,"Dimensity 1080, Octa Core, 2.6 GHz Processor",Dimensity 1080,dimensity,Octa Core, 2.6 GHz Processor,"6 GB RAM, 128 GB inbuilt",5000 mAh Battery with 67W Fast Charging,"6.67 inches, 1080 x 2400 px, 120 Hz Display with Punch Hole",50 MP + 8 MP + 2 MP Triple Rear & 16 MP Front Camera,Memory Card Not Supported,
13,15,vivo,Vivo T1 5G (6GB RAM + 128GB),16990,80.0,"Dual Sim, 3G, 4G, 5G, VoLTE, Wi-Fi",True,False,False,"Snapdragon  695, Octa Core, 2.2 GHz Processor",Snapdragon  695,snapdragon,Octa Core, 2.2 GHz Processor,"6 GB RAM, 128 GB inbuilt",5000 mAh Battery with 18W Fast Charging,"6.58 inches, 1080 x 2408 px, 120 Hz Display with Water Drop Notch",50 MP + 2 MP + 2 MP Triple Rear & 16 MP Front Camera,"Memory Card (Hybrid), upto 1 TB",Android v12
14,16,samsung,Samsung Galaxy S23 Ultra 5G,114990,,"Dual Sim, 3G, 4G, 5G, VoLTE, Vo5G, Wi-Fi, NFC",True,True,False,"Snapdragon 8 Gen2, Octa Core, 3.2 GHz Processor",Snapdragon 8 Gen2,snapdragon,Octa Core, 3.2 GHz Processor,"8 GB RAM, 256 GB inbuilt",5000 mAh Battery with 45W Fast Charging,"6.8 inches, 1440 x 3088 px, 120 Hz Display with Punch Hole",200 MP Quad Rear & 12 MP Front Camera,Memory Card Not Supported,Android v13
15,17,apple,Apple iPhone 13,62999,79.0,"Dual Sim, 3G, 4G, 5G, VoLTE, Wi-Fi, NFC",True,True,False,"Bionic A15, Hexa Core, 3.22 GHz Processor",Bionic A15,bionic,Hexa Core, 3.22 GHz Processor,"4 GB RAM, 128 GB inbuilt",3240 mAh Battery with Fast Charging,"6.1 inches, 1170 x 2532 px Display with Small Notch",12 MP + 12 MP Dual Rear & 12 MP Front Camera,Memory Card Not Supported,iOS v15
16,18,vivo,Vivo Y16,9999,65.0,"Dual Sim, 3G, 4G, VoLTE, Wi-Fi",False,False,False,"Helio P35, Octa Core, 2.3 GHz Processor",Helio P35,helio,Octa Core, 2.3 GHz Processor,"3 GB RAM, 32 GB inbuilt",5000 mAh Battery with 10W Fast Charging,"6.51 inches, 720 x 1600 px Display with Water Drop Notch",13 MP + 2 MP Dual Rear & 5 MP Front Camera,Memory Card Supported,Android v12
17,19,oppo,OPPO Reno 9 Pro Plus,45999,86.0,"Dual Sim, 3G, 4G, 5G, VoLTE, Wi-Fi, NFC",True,True,False,"Snapdragon 8+ Gen1, Octa Core, 3.2 GHz Processor",Snapdragon 8+ Gen1,snapdragon,Octa Core, 3.2 GHz Processor,"16 GB RAM, 256 GB inbuilt",4700 mAh Battery with 80W Fast Charging,"6.7 inches, 1080 x 2412 px, 120 Hz Display with Punch Hole",50 MP + 8 MP + 2 MP Triple Rear & 32 MP Front Camera,Memory Card Not Supported,
18,20,oneplus,OnePlus 10R 5G,32999,86.0,"Dual Sim, 3G, 4G, 5G, VoLTE, Wi-Fi, NFC",True,True,False,"Dimensity 8100 Max, Octa Core, 2.85 GHz Processor",Dimensity 8100 Max,dimensity,Octa Core, 2.85 GHz Processor,"8 GB RAM, 128 GB inbuilt",5000 mAh Battery with 80W Fast Charging,"6.7 inches, 1080 x 2412 px, 120 Hz Display with Punch Hole",50 MP + 8 MP + 2 MP Triple Rear & 16 MP Front Camera,Memory Card Not Supported,
19,21,vivo,Vivo Y22,14499,72.0,"Dual Sim, 3G, 4G, VoLTE, Wi-Fi",False,False,False,"Helio G70, Octa Core, 2 GHz Processor",Helio G70,helio,Octa Core, 2 GHz Processor,"4 GB RAM, 64 GB inbuilt",5000 mAh Battery with 18W Fast Charging,"6.55 inches, 720 x 1612 px Display with Water Drop Notch",50 MP + 2 MP Dual Rear & 8 MP Front Camera,"Memory Card Supported, upto 1 TB",Android v12
20,22,oneplus,OnePlus 11R,39999,85.0,"Dual Sim, 3G, 4G, 5G, VoLTE, Wi-Fi, NFC",True,True,False,"Snapdragon  8+ Gen1, Octa Core, 3.2 GHz Processor",Snapdragon  8+ Gen1,snapdragon,Octa Core, 3.2 GHz Processor,"8 GB RAM, 128 GB inbuilt",5000 mAh Battery with 100W Fast Charging,"6.7 inches, 1080 x 2412 px, 120 Hz Display with Punch Hole",50 MP + 12 MP + 2 MP Triple Rear & 16 MP Front Camera,Memory Card Not Supported,
21,23,vivo,Vivo V25 Pro 5G,35999,85.0,"Dual Sim, 3G, 4G, 5G, VoLTE, Wi-Fi",True,False,False,"Dimensity 1300, Octa Core, 3 GHz Processor",Dimensity 1300,dimensity,Octa Core, 3 GHz Processor,"8 GB RAM, 128 GB inbuilt",4830 mAh Battery with 66W Fast Charging,"6.56 inches, 1080 x 2376 px, 120 Hz Display with Punch Hole",64 MP + 8 MP + 2 MP Triple Rear & 32 MP Front Camera,Memory Card Not Supported,
22,24,poco,Poco X4 Pro 5G,14999,80.0,"Dual Sim, 3G, 4G, 5G, VoLTE, Wi-Fi, IR Blaster",True,False,True,"Snapdragon 695 , Octa Core, 2.2 GHz Processor",Snapdragon 695,snapdragon,Octa Core, 2.2 GHz Processor,"6 GB RAM, 64 GB inbuilt",5000 mAh Battery with 67W Fast Charging,"6.67 inches, 1080 x 2400 px, 120 Hz Display with Punch Hole",64 MP + 8 MP + 2 MP Triple Rear & 16 MP Front Camera,"Memory Card (Hybrid), upto 1 TB",Android v11
23,25,xiaomi,Xiaomi Redmi Note 12,17859,76.0,"Dual Sim, 3G, 4G, 5G, VoLTE, Wi-Fi, IR Blaster",True,False,True,"Snapdragon 4 Gen 1, Octa Core, 2 GHz Processor",Snapdragon 4 Gen 1,snapdragon,Octa Core, 2 GHz Processor,"4 GB RAM, 128 GB inbuilt",5000 mAh Battery with 33W Fast Charging,"6.67 inches, 1080 x 2400 px, 120 Hz Display with Punch Hole",48 MP + 8 MP + 2 MP Triple Rear & 13 MP Front Camera,"Memory Card (Hybrid), upto 1 TB",Android v12
24,26,vivo,Vivo V26 Pro,42990,87.0,"Dual Sim, 3G, 4G, 5G, VoLTE, Wi-Fi, NFC",True,True,False,"Dimensity 9000 Plus, Octa Core, 3.2 GHz Processor",Dimensity 9000 Plus,dimensity,Octa Core, 3.2 GHz Processor,"12 GB RAM, 256 GB inbuilt",4800 mAh Battery with 100W Fast Charging,"6.7 inches, 1080 x 2400 px, 120 Hz Display with Punch Hole",64 MP + 8 MP + 2 MP Triple Rear & 32 MP Front Camera,Memory Card Not Supported,
25,27,samsung,Samsung Galaxy S20 FE 5G,31239,88.0,"Dual Sim, 3G, 4G, 5G, VoLTE, Wi-Fi, NFC",True,True,False,"Snapdragon 865, Octa Core, 2.84 GHz Processor",Snapdragon 865,snapdragon,Octa Core, 2.84 GHz Processor,"8 GB RAM, 128 GB inbuilt",4500 mAh Battery with Fast Charging,"6.5 inches, 1080 x 2400 px, 120 Hz Display with Punch Hole",12 MP + 12 MP + 8 MP Triple Rear & 32 MP Front Camera,Memory Card (Hybrid),Android v10
26,28,oneplus,OnePlus Nord CE 2 Lite 5G (8GB RAM + 128GB),21995,84.0,"Dual Sim, 3G, 4G, 5G, VoLTE, Wi-Fi",True,False,False,"Snapdragon 695, Octa Core, 2.2 GHz Processor",Snapdragon 695,snapdragon,Octa Core, 2.2 GHz Processor,"8 GB RAM, 128 GB inbuilt",5000 mAh Battery with 33W Fast Charging,"6.59 inches, 1080 x 2412 px, 120 Hz Display with Punch Hole",64 MP + 2 MP + 2 MP Triple Rear & 16 MP Front Camera,"Memory Card (Hybrid), upto 1 TB",Android v12
27,29,apple,Apple iPhone 14 Pro Max,129990,76.0,"Dual Sim, 3G, 4G, 5G, VoLTE, Wi-Fi, NFC",True,True,False,"Bionic  A16, Hexa Core Processor",Bionic  A16,bionic,Hexa Core,,"6 GB RAM, 128 GB inbuilt",4323 mAh Battery with Fast Charging,"6.7 inches, 1290 x 2796 px, 120 Hz Display",48 MP + 12 MP + 12 MP Triple Rear & 12 MP Front Camera,Memory Card Not Supported,iOS v16
28,30,vivo,Vivo V25 5G,27999,83.0,"Dual Sim, 3G, 4G, 5G, VoLTE, Wi-Fi",True,False,False,"Dimensity  900, Octa Core, 2 GHz Processor",Dimensity  900,dimensity,Octa Core, 2 GHz Processor,"8 GB RAM, 128 GB inbuilt",4500 mAh Battery with 44W Fast Charging,"6.44 inches, 1080 x 2408 px, 90 Hz Display with Water Drop Notch",64 MP + 8 MP + 2 MP Triple Rear & 50 MP Front Camera,"Memory Card (Hybrid), upto 1 TB",Android v12
29,31,oneplus,OnePlus 11 Pro,69999,,"Dual Sim, 3G, 4G, 5G, VoLTE, Wi-Fi, NFC",True,True,False,"Snapdragon  8 Gen2, Octa Core, 3.2 GHz Processor",Snapdragon  8 Gen2,snapdragon,Octa Core, 3.2 GHz Processor,"8 GB RAM, 128 GB inbuilt",4500 mAh Battery with 100W Fast Charging,"6.7 inches, 1440 x 3216 px, 120 Hz Display with Punch Hole",50 MP + 48 MP + 32 MP Triple Rear & 16 MP Front Camera,Memory Card Not Supported,
30,32,realme,Realme 10 Pro (8GB RAM + 128GB),19999,84.0,"Dual Sim, 3G, 4G, 5G, VoLTE, Wi-Fi",True,False,False,"Snapdragon 695, Octa Core, 2.2 GHz Processor",Snapdragon 695,snapdragon,Octa Core, 2.2 GHz Processor,"8 GB RAM, 128 GB inbuilt",5000 mAh Battery with 33W Fast Charging,"6.72 inches, 1080 x 2400 px, 120 Hz Display with Punch Hole",108 MP + 2 MP Dual Rear & 16 MP Front Camera,"Memory Card Supported, upto 1 TB",Android v13
31,33,poco,Poco X5 Pro,20999,81.0,"Dual Sim, 3G, 4G, 5G, VoLTE, Wi-Fi, NFC, IR Blaster",True,True,True,"Snapdragon 778G, Octa Core, 2.4 GHz Processor",Snapdragon 778G,snapdragon,Octa Core, 2.4 GHz Processor,"6 GB RAM, 128 GB inbuilt",5000 mAh Battery with 67W Fast Charging,"6.67 inches, 1080 x 2400 px, 120 Hz Display with Punch Hole",108 MP + 8 MP + 2 MP Triple Rear & 16 MP Front Camera,Memory Card Not Supported,Android v13
32,34,vivo,Vivo V27,27990,83.0,"Dual Sim, 3G, 4G, 5G, VoLTE, Wi-Fi",True,False,False,"Dimensity  930, Octa Core, 2.2 GHz Processor",Dimensity  930,dimensity,Octa Core, 2.2 GHz Processor,"8 GB RAM, 256 GB inbuilt",4700 mAh Battery with 67W Fast Charging,"6.56 inches, 1080 x 2400 px, 120 Hz Display with Punch Hole",64 MP + 13 MP + 2 MP Triple Rear & 50 MP Front Camera,Memory Card Supported,Android v13
33,35,apple,Apple iPhone 11,38999,73.0,"Dual Sim, 3G, 4G, VoLTE, Wi-Fi, NFC",False,True,False,"A13 Bionic, Hexa Core, 2.65 GHz Processor",A13 Bionic,a13,Hexa Core, 2.65 GHz Processor,"4 GB RAM, 64 GB inbuilt",3110 mAh Battery,"6.1 inches, 828 x 1792 px Display with Large Notch",12 MP + 12 MP Dual Rear & 12 MP Front Camera,Memory Card Not Supported,iOS v13
34,36,samsung,Samsung Galaxy M53 5G,23790,85.0,"Dual Sim, 3G, 4G, 5G, VoLTE, Wi-Fi",True,False,False,"Dimensity  900 5G, Octa Core, 2.4 GHz Processor",Dimensity  900 5G,dimensity,Octa Core, 2.4 GHz Processor,"6 GB RAM, 128 GB inbuilt",5000 mAh Battery with 25W Fast Charging,"6.7 inches, 1080 x 2400 px, 120 Hz Display with Punch Hole",108 MP Quad Rear & 32 MP Front Camera,"Memory Card (Hybrid), upto 1 TB",Android v12
35,37,samsung,Samsung Galaxy S21 FE 5G,39999,87.0,"Dual Sim, 3G, 4G, 5G, VoLTE, Wi-Fi, NFC",True,True,False,"Exynos  2100, Octa Core, 2.9 GHz Processor",Exynos  2100,exynos,Octa Core, 2.9 GHz Processor,"8 GB RAM, 128 GB inbuilt",4500 mAh Battery with 25W Fast Charging,"6.4 inches, 1080 x 2340 px, 120 Hz Display with Punch Hole",12 MP + 12 MP + 8 MP Triple Rear & 32 MP Front Camera,Memory Card Not Supported,Android v11
36,38,oppo,Oppo Reno 8T,29990,87.0,"Dual Sim, 3G, 4G, 5G, VoLTE, Wi-Fi, NFC",True,True,False,"Snapdragon  695, Octa Core, 2.2 GHz Processor",Snapdragon  695,snapdragon,Octa Core, 2.2 GHz Processor,"8 GB RAM, 256 GB inbuilt",5000 mAh Battery with 66W Fast Charging,"6.67 inches, 1080 x 2400 px, 120 Hz Display with Punch Hole",108 MP + 13 MP + 2 MP Triple Rear & 16 MP Front Camera,"Memory Card Supported, upto 1 TB",Android v13
37,39,samsung,Samsung Galaxy S22 Ultra 5G,91999,,"Dual Sim, 3G, 4G, 5G, VoLTE, Wi-Fi, NFC",True,True,False,"Snapdragon  8 Gen1, Octa Core, 3 GHz Processor",Snapdragon  8 Gen1,snapdragon,Octa Core, 3 GHz Processor,"12 GB RAM, 256 GB inbuilt",5000 mAh Battery with 45W Fast Charging,"6.8 inches, 1440 x 3080 px, 120 Hz Display with Punch Hole",108 MP Quad Rear & 40 MP Front Camera,Memory Card Not Supported,
38,40,xiaomi,Xiaomi Redmi Note 12 Pro Max 5G,32999,83.0,"Dual Sim, 3G, 4G, 5G, VoLTE, Wi-Fi, IR Blaster",True,False,True,"Snapdragon  7 Gen1, Octa Core, 2.36 GHz Processor",Snapdragon  7 Gen1,snapdragon,Octa Core, 2.36 GHz Processor,"6 GB RAM, 128 GB inbuilt",5200 mAh Battery with 210W Fast Charging,"6.67 inches, 1080 x 2460 px, 120 Hz Display with Punch Hole",108 MP Quad Rear & 32 MP Front Camera,"Memory Card Supported, upto 512 GB",Android v12
39,41,oppo,OPPO Reno 9 5G,28499,83.0,"Dual Sim, 3G, 4G, 5G, VoLTE, Wi-Fi, NFC",True,True,False,"Snapdragon 778G, Octa Core, 2.4 GHz Processor",Snapdragon 778G,snapdragon,Octa Core, 2.4 GHz Processor,"8 GB RAM, 256 GB inbuilt",4500 mAh Battery with 67W Fast Charging,"6.7 inches, 1080 x 2412 px, 120 Hz Display with Punch Hole",64 MP + 2 MP Dual Rear & 32 MP Front Camera,Memory Card Not Supported,
40,42,oneplus,OnePlus Nord CE 3 5G,21999,83.0,"Dual Sim, 3G, 4G, 5G, VoLTE, Wi-Fi, NFC",True,True,False,"Snapdragon  695, Octa Core, 2.2 GHz Processor",Snapdragon  695,snapdragon,Octa Core, 2.2 GHz Processor,"6 GB RAM, 128 GB inbuilt",5000 mAh Battery with 67W Fast Charging,"6.7 inches, 1080 x 2412 px, 120 Hz Display with Punch Hole",108 MP + 2 MP + 2 MP Triple Rear & 16 MP Front Camera,"Memory Card Supported, upto 1 TB",Android v12
41,43,xiaomi,Xiaomi Redmi Note 11 Pro Plus 5G,19999,83.0,"Dual Sim, 3G, 4G, 5G, VoLTE, Wi-Fi, IR Blaster",True,False,True," Snapdragon  695, Octa Core, 2.2 GHz Processor",Snapdragon  695,snapdragon,Octa Core, 2.2 GHz Processor,"6 GB RAM, 128 GB inbuilt",5000 mAh Battery with 67W Fast Charging,"6.67 inches, 1080 x 2400 px, 120 Hz Display with Punch Hole",108 MP + 8 MP + 2 MP Triple Rear & 16 MP Front Camera,"Memory Card (Hybrid), upto 1 TB",Android v11
42,44,motorola,Motorola Edge 20 Fusion 5G,18999,87.0,"Dual Sim, 3G, 4G, 5G, VoLTE, Wi-Fi, NFC",True,True,False,"Dimensity 800U, Octa Core, 2.4 GHz Processor",Dimensity 800U,dimensity,Octa Core, 2.4 GHz Processor,"6 GB RAM, 128 GB inbuilt",5000 mAh Battery with 30W Fast Charging,"6.67 inches, 1080 x 2400 px, 90 Hz Display with Punch Hole",108 MP + 8 MP + 2 MP Triple Rear & 32 MP Front Camera,"Memory Card (Hybrid), upto 1 TB",Android v11
43,45,realme,Realme 10 Pro Plus (8GB RAM + 256GB),27999,85.0,"Dual Sim, 3G, 4G, 5G, VoLTE, Wi-Fi",True,False,False,"Dimensity 1080, Octa Core, 2.6 GHz Processor",Dimensity 1080,dimensity,Octa Core, 2.6 GHz Processor,"8 GB RAM, 256 GB inbuilt",5000 mAh Battery with 67W Fast Charging,"6.7 inches, 1080 x 2412 px, 120 Hz Display with Punch Hole",108 MP + 8 MP + 2 MP Triple Rear & 16 MP Front Camera,Memory Card Not Supported,Android v13
44,46,vivo,Vivo Y35,18499,80.0,"Dual Sim, 3G, 4G, VoLTE, Wi-Fi",False,False,False,"Snapdragon 680, Octa Core, 2.4 GHz Processor",Snapdragon 680,snapdragon,Octa Core, 2.4 GHz Processor,"8 GB RAM, 128 GB inbuilt",5000 mAh Battery with 44W Fast Charging,"6.58 inches, 1080 x 2408 px, 90 Hz Display with Water Drop Notch",50 MP + 2 MP + 2 MP Triple Rear & 16 MP Front Camera,"Memory Card Supported, upto 1 TB",Android v12
45,47,samsung,Samsung Galaxy M33 5G,17478,81.0,"Dual Sim, 3G, 4G, 5G, VoLTE, Wi-Fi, NFC",True,True,False,"Exynos  1280, Octa Core, 2.4 GHz Processor",Exynos  1280,exynos,Octa Core, 2.4 GHz Processor,"6 GB RAM, 128 GB inbuilt",6000 mAh Battery with 25W Fast Charging,"6.6 inches, 1080 x 2400 px, 120 Hz Display with Water Drop Notch",50 MP Quad Rear & 8 MP Front Camera,"Memory Card Supported, upto 1 TB",Android v12
46,48,xiaomi,Xiaomi Redmi Note 11,11936,76.0,"Dual Sim, 3G, 4G, VoLTE, Wi-Fi, IR Blaster",False,False,True,"Snapdragon  680, Octa Core, 2.4 GHz Processor",Snapdragon  680,snapdragon,Octa Core, 2.4 GHz Processor,"4 GB RAM, 64 GB inbuilt",5000 mAh Battery with 33W Fast Charging,"6.43 inches, 1080 x 2400 px, 90 Hz Display with Punch Hole",50 MP Quad Rear & 13 MP Front Camera,"Memory Card Supported, upto 512 GB",Android v11
47,49,realme,Realme C33,8950,64.0,"Dual Sim, 3G, 4G, VoLTE, Wi-Fi",False,False,False,"Unisoc T612, Octa Core, 1.8 GHz Processor",Unisoc T612,unisoc,Octa Core, 1.8 GHz Processor,"3 GB RAM, 32 GB inbuilt",5000 mAh Battery,"6.5 inches, 720 x 1600 px Display with Water Drop Notch",50 MP + 0.3 MP Dual Rear & 5 MP Front Camera,"Memory Card Supported, upto 1 TB",Android v12
48,50,vivo,Vivo Y16 (4GB RAM + 64GB),12489,68.0,"Dual Sim, 3G, 4G, VoLTE, Wi-Fi",False,False,False,"Helio P35, Octa Core, 2.3 GHz Processor",Helio P35,helio,Octa Core, 2.3 GHz Processor,"4 GB RAM, 64 GB inbuilt",5000 mAh Battery with 10W Fast Charging,"6.51 inches, 720 x 1600 px Display with Water Drop Notch",13 MP + 2 MP Dual Rear & 5 MP Front Camera,Memory Card Supported,Android v12
49,51,samsung,Samsung Galaxy A74 5G,42999,,"Dual Sim, 3G, 4G, 5G, VoLTE, Wi-Fi, NFC",True,True,False,"Snapdragon 7 Gen1, Octa Core, 2.36 GHz Processor",Snapdragon 7 Gen1,snapdragon,Octa Core, 2.36 GHz Processor,"8 GB RAM, 128 GB inbuilt",5000 mAh Battery with 33W Fast Charging,"6.7 inches, 1080 x 2412 px, 120 Hz Display with Punch Hole",108 MP Quad Rear & 32 MP Front Camera,"Memory Card (Hybrid), upto 1 TB",Android v12
50,52,samsung,Samsung Galaxy A14 5G (6GB RAM + 128GB),18999,79.0,"Dual Sim, 3G, 4G, 5G, VoLTE, Wi-Fi",True,False,False,"Exynos 1330, Octa Core, 2.4 GHz Processor",Exynos 1330,exynos,Octa Core, 2.4 GHz Processor,"6 GB RAM, 128 GB inbuilt",5000 mAh Battery with 15W Fast Charging,"6.6 inches, 1080 x 2408 px, 90 Hz Display with Water Drop Notch",50 MP + 2 MP + 2 MP Triple Rear & 13 MP Front Camera,"Memory Card Supported, upto 1 TB",Android v13
51,53,iqoo,iQOO Neo 7 5G,29999,82.0,"Dual Sim, 3G, 4G, 5G, VoLTE, Wi-Fi, NFC, IR Blaster",True,True,True,"Dimensity 8200, Octa Core, 3.1 GHz Processor",Dimensity 8200,dimensity,Octa Core, 3.1 GHz Processor,"8 GB RAM, 128 GB inbuilt",5000 mAh Battery with 120W Fast Charging,"6.78 inches, 1080 x 2400 px, 120 Hz Display with Punch Hole",64 MP + 2 MP + 2 MP Triple Rear & 16 MP Front Camera,Memory Card Not Supported,
52,54,jio,Jio JioPhone 5G,11990,64.0,"Dual Sim, 3G, 4G, 5G, VoLTE, Wi-Fi",True,False,False,"Snapdragon 480+, Octa Core, 2.2 GHz Processor",Snapdragon 480+,snapdragon,Octa Core, 2.2 GHz Processor,"4 GB RAM, 32 GB inbuilt",5000 mAh Battery with 18W Fast Charging,"6.5 inches, 720 x 1600 px, 90 Hz Display",13 MP Rear & 8 MP Front Camera,"Memory Card Supported, upto 512 GB",Android v12
53,55,motorola,Motorola Moto G82 5G,18999,83.0,"Dual Sim, 3G, 4G, 5G, VoLTE, Wi-Fi, NFC",True,True,False,"Snapdragon 695, Octa Core, 2.2 GHz Processor",Snapdragon 695,snapdragon,Octa Core, 2.2 GHz Processor,"6 GB RAM, 128 GB inbuilt",5000 mAh Battery with 30W Fast Charging,"6.6 inches, 1080 x 2400 px, 120 Hz Display with Punch Hole",50 MP + 8 MP + 2 MP Triple Rear & 16 MP Front Camera,"Memory Card Supported, upto 1 TB",Android v12
54,56,realme,Realme 10,13999,74.0,"Dual Sim, 3G, 4G, VoLTE, Wi-Fi",False,False,False,"Helio G99, Octa Core, 2.2 GHz Processor",Helio G99,helio,Octa Core, 2.2 GHz Processor,"4 GB RAM, 64 GB inbuilt",5000 mAh Battery with 33W Fast Charging,"6.4 inches, 1080 x 2400 px, 90 Hz Display with Punch Hole",50 MP + 2 MP Dual Rear & 16 MP Front Camera,"Memory Card Supported, upto 1 TB",Android v12
55,57,realme,Realme 9i 5G,14965,75.0,"Dual Sim, 3G, 4G, 5G, VoLTE, Wi-Fi",True,False,False,"Dimensity 810 5G, Octa Core, 2.4 GHz Processor",Dimensity 810 5G,dimensity,Octa Core, 2.4 GHz Processor,"4 GB RAM, 64 GB inbuilt",5000 mAh Battery with 18W Fast Charging,"6.6 inches, 1080 x 2408 px, 90 Hz Display with Punch Hole",50 MP + 2 MP + 2 MP Triple Rear & 8 MP Front Camera,"Memory Card Supported, upto 1 TB",Android v12
56,58,apple,Apple iPhone 14 Plus,74999,82.0,"Dual Sim, 3G, 4G, 5G, VoLTE, Wi-Fi, NFC",True,True,False,"Bionic A15, Hexa Core, 3.22 GHz Processor",Bionic A15,bionic,Hexa Core, 3.22 GHz Processor,"6 GB RAM, 128 GB inbuilt",4325 mAh Battery with Fast Charging,"6.7 inches, 1284 x 2778 px Display with Small Notch",12 MP + 12 MP Dual Rear & 12 MP Front Camera,Memory Card Not Supported,iOS v16
57,59,xiaomi,Xiaomi Redmi Note 10S,10999,78.0,"Dual Sim, 3G, 4G, VoLTE, Wi-Fi, IR Blaster",False,False,True,"Helio G95, Octa Core, 2.05 GHz Processor",Helio G95,helio,Octa Core, 2.05 GHz Processor,"6 GB RAM, 64 GB inbuilt",5000 mAh Battery with 33W Fast Charging,"6.43 inches, 1080 x 2400 px Display with Punch Hole",64 MP Quad Rear & 13 MP Front Camera,"Memory Card Supported, upto 512 GB",Android v11
58,60,samsung,Samsung Galaxy S23 Plus,84990,89.0,"Dual Sim, 3G, 4G, 5G, VoLTE, Vo5G, Wi-Fi, NFC",True,True,False,"Snapdragon 8 Gen2, Octa Core, 3.2 GHz Processor",Snapdragon 8 Gen2,snapdragon,Octa Core, 3.2 GHz Processor,"8 GB RAM, 256 GB inbuilt",4700 mAh Battery with 45W Fast Charging,"6.6 inches, 1080 x 2340 px, 120 Hz Display with Punch Hole",50 MP + 12 MP + 10 MP Triple Rear & 12 MP Front Camera,Memory Card Not Supported,
59,61,motorola,Motorola Moto G32,10499,75.0,"Dual Sim, 3G, 4G, VoLTE, Wi-Fi",False,False,False,"Snapdragon 680, Octa Core, 2.4 GHz Processor",Snapdragon 680,snapdragon,Octa Core, 2.4 GHz Processor,"4 GB RAM, 64 GB inbuilt",5000 mAh Battery with 33W Fast Charging,"6.55 inches, 1080 x 2400 px, 90 Hz Display with Punch Hole",50 MP + 8 MP + 2 MP Triple Rear & 16 MP Front Camera,"Memory Card (Hybrid), upto 1 TB",Android v12
60,62,xiaomi,Xiaomi Redmi Note 13 Pro 5G,17990,78.0,"Dual Sim, 3G, 4G, 5G, VoLTE, Wi-Fi, NFC, IR Blaster",True,True,True,"Dimensity 720, Octa Core, 2 GHz Processor",Dimensity 720,dimensity,Octa Core, 2 GHz Processor,"6 GB RAM, 128 GB inbuilt",5000 mAh Battery with 67W Fast Charging,"6.67 inches, 1080 x 2460 px, 120 Hz Display with Punch Hole",108 MP + 8 MP + 2 MP Triple Rear & 16 MP Front Camera,Memory Card Not Supported,
61,63,vivo,Vivo S16,29990,85.0,"Dual Sim, 3G, 4G, 5G, VoLTE, Wi-Fi, NFC",True,True,False,"Snapdragon 870, Octa Core, 3.2 GHz Processor",Snapdragon 870,snapdragon,Octa Core, 3.2 GHz Processor,"8 GB RAM, 128 GB inbuilt",4600 mAh Battery with 66W Fast Charging,"6.78 inches, 1080 x 2400 px, 120 Hz Display with Punch Hole",64 MP + 8 MP + 2 MP Triple Rear & 50 MP Front Camera,Memory Card Not Supported,
62,64,samsung,Samsung Galaxy A23,18499,79.0,"Dual Sim, 3G, 4G, VoLTE, Wi-Fi",False,False,False,"Snapdragon  680, Octa Core, 2.4 GHz Processor",Snapdragon  680,snapdragon,Octa Core, 2.4 GHz Processor,"6 GB RAM, 128 GB inbuilt",5000 mAh Battery with 25W Fast Charging,"6.6 inches, 1080 x 2408 px Display with Water Drop Notch",50 MP Quad Rear & 8 MP Front Camera,"Memory Card Supported, upto 1 TB",Android v12
63,65,vivo,Vivo Y22 (6GB RAM + 128GB),16499,75.0,"Dual Sim, 3G, 4G, VoLTE, Wi-Fi",False,False,False,"Helio G70, Octa Core, 2 GHz Processor",Helio G70,helio,Octa Core, 2 GHz Processor,"6 GB RAM, 128 GB inbuilt",5000 mAh Battery with 18W Fast Charging,"6.55 inches, 720 x 1612 px Display with Water Drop Notch",50 MP + 2 MP Dual Rear & 8 MP Front Camera,"Memory Card Supported, upto 1 TB",Android v12
64,66,poco,Poco M4 Pro 5G (6GB RAM + 128GB),14999,81.0,"Dual Sim, 3G, 4G, 5G, VoLTE, Wi-Fi, IR Blaster",True,False,True,"Dimensity  810 5G, Octa Core, 2.4 GHz Processor",Dimensity  810 5G,dimensity,Octa Core, 2.4 GHz Processor,"6 GB RAM, 128 GB inbuilt",5000 mAh Battery with 33W Fast Charging,"6.6 inches, 1080 x 2400 px, 90 Hz Display with Punch Hole",50 MP + 8 MP Dual Rear & 16 MP Front Camera,"Memory Card (Hybrid), upto 1 TB",Android v11
65,67,vivo,Vivo S16 Pro,35499,86.0,"Dual Sim, 3G, 4G, 5G, VoLTE, Wi-Fi, NFC",True,True,False,"Dimensity 8200, Octa Core, 3.1 GHz Processor",Dimensity 8200,dimensity,Octa Core, 3.1 GHz Processor,"8 GB RAM, 256 GB inbuilt",4600 mAh Battery with 66W Fast Charging,"6.78 inches, 1080 x 2400 px, 120 Hz Display with Punch Hole",50 MP + 8 MP + 2 MP Triple Rear & 50 MP Front Camera,Memory Card Not Supported,
66,68,oneplus,OnePlus 10 Pro 5G,60999,89.0,"Dual Sim, 3G, 4G, 5G, VoLTE, Wi-Fi, NFC",True,True,False,"Snapdragon  8 Gen1, Octa Core, 3 GHz Processor",Snapdragon  8 Gen1,snapdragon,Octa Core, 3 GHz Processor,"8 GB RAM, 128 GB inbuilt",5000 mAh Battery with 80W Fast Charging,"6.7 inches, 1440 x 3216 px, 120 Hz Display with Punch Hole",50 MP + 48 MP + 8 MP Triple Rear & 32 MP Front Camera,Memory Card Not Supported,
67,69,xiaomi,Xiaomi Redmi Note 12 Pro Plus (12GB RAM + 256GB),32999,87.0,"Dual Sim, 3G, 4G, 5G, VoLTE, Wi-Fi, IR Blaster",True,False,True,"Dimensity 1080, Octa Core, 2.6 GHz Processor",Dimensity 1080,dimensity,Octa Core, 2.6 GHz Processor,"12 GB RAM, 256 GB inbuilt",4980 mAh Battery with 120W Fast Charging,"6.67 inches, 1080 x 2400 px, 120 Hz Display with Punch Hole",200 MP + 8 MP + 2 MP Triple Rear & 16 MP Front Camera,Memory Card Not Supported,Android v12
68,70,samsung,Samsung Galaxy F23 5G,15999,78.0,"Dual Sim, 3G, 4G, 5G, VoLTE, Wi-Fi, NFC",True,True,False,"Snapdragon  750G, Octa Core, 2.2 GHz Processor",Snapdragon  750G,snapdragon,Octa Core, 2.2 GHz Processor,"4 GB RAM, 128 GB inbuilt",5000 mAh Battery with 25W Fast Charging,"6.6 inches, 1080 x 2408 px, 120 Hz Display with Water Drop Notch",50 MP + 8 MP + 2 MP Triple Rear & 8 MP Front Camera,"Memory Card Supported, upto 1 TB",Android v12
69,71,oppo,Oppo Find N Fold,99990,,"Dual Sim, 3G, 4G, 5G, VoLTE, Wi-Fi, NFC",True,True,False,"Snapdragon  8+ Gen1, Octa Core, 3.2 GHz Processor",Snapdragon  8+ Gen1,snapdragon,Octa Core, 3.2 GHz Processor,"8 GB RAM, 256 GB inbuilt",5000 mAh Battery with 67W Fast Charging,"7.1 inches, 1792 x 1920 px, 120 Hz Display with Punch Hole","Foldable Display, Dual Display",Memory Card Not Supported,Android v12
70,72,oppo,OPPO A17K,9499,62.0,"Dual Sim, 3G, 4G, VoLTE, Wi-Fi",False,False,False,"Helio G35, Octa Core, 2.3 GHz Processor",Helio G35,helio,Octa Core, 2.3 GHz Processor,"3 GB RAM, 64 GB inbuilt",5000 mAh Battery,"6.56 inches, 720 x 1612 px Display with Water Drop Notch",8 MP Rear & 5 MP Front Camera,"Memory Card Supported, upto 1 TB",Android v12
71,73,vivo,Vivo V23 5G (12GB RAM + 256GB),27994,86.0,"Dual Sim, 3G, 4G, 5G, VoLTE, Wi-Fi",True,False,False,"Dimensity  920 5G, Octa Core, 2.5 GHz Processor",Dimensity  920 5G,dimensity,Octa Core, 2.5 GHz Processor,"12 GB RAM, 256 GB inbuilt",4200 mAh Battery with 44W Fast Charging,"6.44 inches, 1080 x 2400 px, 90 Hz Display with Small Notch",64 MP + 8 MP + 2 MP Triple Rear & 50 MP + 8 MP Dual Front Camera,Memory Card Supported,Android v12
72,74,iqoo,iQOO Z6 Lite 5G,13989,75.0,"Dual Sim, 3G, 4G, 5G, VoLTE, Wi-Fi",True,False,False,"Snapdragon  4 Gen 1, Octa Core, 2 GHz Processor",Snapdragon  4 Gen 1,snapdragon,Octa Core, 2 GHz Processor,"4 GB RAM, 64 GB inbuilt",5000 mAh Battery with 18W Fast Charging,"6.58 inches, 1080 x 2408 px, 120 Hz Display with Water Drop Notch",50 MP + 2 MP Dual Rear & 8 MP Front Camera,"Memory Card (Hybrid), upto 1 TB",Android v12
73,75,oneplus,OnePlus 10T,44999,85.0,"Dual Sim, 3G, 4G, 5G, VoLTE, Wi-Fi, NFC",True,True,False,"Snapdragon 8+ Gen1, Octa Core, 3.2 GHz Processor",Snapdragon 8+ Gen1,snapdragon,Octa Core, 3.2 GHz Processor,"8 GB RAM, 128 GB inbuilt",4800 mAh Battery with 150W Fast Charging,"6.7 inches, 1080 x 2412 px, 120 Hz Display with Punch Hole",50 MP + 8 MP + 2 MP Triple Rear & 16 MP Front Camera,Memory Card Not Supported,
74,76,xiaomi,Xiaomi Redmi Note 10T 5G (6GB RAM +128GB),13999,79.0,"Dual Sim, 3G, 4G, 5G, VoLTE, Wi-Fi, IR Blaster",True,False,True,"Dimensity 700 , Octa Core, 2.2 GHz Processor",Dimensity 700,dimensity,Octa Core, 2.2 GHz Processor,"6 GB RAM, 128 GB inbuilt",5000 mAh Battery with 18W Fast Charging,"6.5 inches, 1080 x 2400 px, 90 Hz Display with Punch Hole",48 MP + 2 MP + 2 MP Triple Rear & 8 MP Front Camera,"Memory Card Supported, upto 1 TB",Android v11
75,77,gionee,Gionee G13 Pro,6190,,"Dual Sim, 3G, 4G, VoLTE, Wi-Fi",False,False,False,"Tiger  T310, Quad Core, 2 GHz Processor",Tiger  T310,tiger,Quad Core, 2 GHz Processor,"4 GB RAM, 32 GB inbuilt",3500 mAh Battery,"6.26 inches, 720 x 1600 px Display with Large Notch",13 MP Dual Rear & 5 MP Front Camera,Memory Card Supported,HarmonyOS v2
76,78,apple,Apple iPhone 13 Pro,119900,83.0,"Dual Sim, 3G, 4G, 5G, VoLTE, Wi-Fi, NFC",True,True,False,"Bionic A15, Hexa Core, 3.22 GHz Processor",Bionic A15,bionic,Hexa Core, 3.22 GHz Processor,"6 GB RAM, 128 GB inbuilt",3095 mAh Battery with Fast Charging,"6.1 inches, 1170 x 2532 px, 120 Hz Display with Large Notch",12 MP + 12 MP + 12 MP Triple Rear & 12 MP Front Camera,Memory Card Not Supported,iOS v15.0
77,79,oppo,OPPO F22 Pro,27660,83.0,"Dual Sim, 3G, 4G, 5G, VoLTE, Wi-Fi",True,False,False,"Snapdragon 6 Gen 1, Octa Core, 2.2 GHz Processor",Snapdragon 6 Gen 1,snapdragon,Octa Core, 2.2 GHz Processor,"8 GB RAM, 128 GB inbuilt",4800 mAh Battery with 67W Fast Charging,"6.58 inches, 1080 x 2400 px, 120 Hz Display with Punch Hole",64 MP + 2 MP + 2 MP Triple Rear & 32 MP Front Camera,"Memory Card Supported, upto 1 TB",Android v13
78,80,samsung,Samsung Galaxy A34 5G,24999,75.0,"Dual Sim, 3G, 4G, 5G, VoLTE, Wi-Fi, NFC",True,True,False,"Exynos 1280, Octa Core Processor",Exynos 1280,exynos,Octa Core,,"6 GB RAM, 128 GB inbuilt",5000 mAh Battery with 33W Fast Charging,"6.5 inches, 1080 x 2400 px, 90 Hz Display with Punch Hole",48 MP Quad Rear & 13 MP Front Camera,"Memory Card (Hybrid), upto 1 TB",Android v12
79,81,xiaomi,Xiaomi Redmi 10A (4GB RAM + 64GB),8388,66.0,"Dual Sim, 3G, 4G, VoLTE, Wi-Fi",False,False,False,"Helio  G25, Octa Core, 2 GHz Processor",Helio  G25,helio,Octa Core, 2 GHz Processor,"4 GB RAM, 64 GB inbuilt",5000 mAh Battery,"6.53 inches, 720 x 1600 px Display with Water Drop Notch",13 MP Rear & 5 MP Front Camera,"Memory Card Supported, upto 512 GB",Android v11
80,82,motorola,Motorola Moto G72 4G,15999,83.0,"Dual Sim, 3G, 4G, VoLTE, Wi-Fi, NFC",False,True,False,"Helio  G99, Octa Core, 2.2 GHz Processor",Helio  G99,helio,Octa Core, 2.2 GHz Processor,"6 GB RAM, 128 GB inbuilt",5000 mAh Battery with 33W Fast Charging,"6.55 inches, 1080 x 2400 px, 120 Hz Display with Punch Hole",108 MP + 8 MP + 2 MP Triple Rear & 16 MP Front Camera,Memory Card (Hybrid),Android v12
81,83,samsung,Samsung Galaxy A14 5G (8GB RAM + 128GB),20999,82.0,"Dual Sim, 3G, 4G, 5G, VoLTE, Wi-Fi",True,False,False,"Exynos 1330, Octa Core, 2.4 GHz Processor",Exynos 1330,exynos,Octa Core, 2.4 GHz Processor,"8 GB RAM, 128 GB inbuilt",5000 mAh Battery with 15W Fast Charging,"6.6 inches, 1080 x 2408 px, 90 Hz Display with Water Drop Notch",50 MP + 2 MP + 2 MP Triple Rear & 13 MP Front Camera,"Memory Card Supported, upto 1 TB",Android v13
82,84,realme,Realme 9 5G,13999,75.0,"Dual Sim, 3G, 4G, 5G, VoLTE, Wi-Fi",True,False,False,"Dimensity  810 5G, Octa Core, 2.4 GHz Processor",Dimensity  810 5G,dimensity,Octa Core, 2.4 GHz Processor,"4 GB RAM, 64 GB inbuilt",5000 mAh Battery with 18W Fast Charging,"6.5 inches, 1080 x 2400 px, 90 Hz Display with Punch Hole",48 MP + 2 MP + 2 MP Triple Rear & 16 MP Front Camera,"Memory Card Supported, upto 1 TB",Android v11
83,85,vivo,Vivo T1 5G (8GB RAM + 128GB),19990,83.0,"Dual Sim, 3G, 4G, 5G, VoLTE, Wi-Fi",True,False,False,"Snapdragon  695, Octa Core, 2.2 GHz Processor",Snapdragon  695,snapdragon,Octa Core, 2.2 GHz Processor,"8 GB RAM, 128 GB inbuilt",5000 mAh Battery with 18W Fast Charging,"6.58 inches, 1080 x 2408 px, 120 Hz Display with Water Drop Notch",50 MP + 2 MP + 2 MP Triple Rear & 16 MP Front Camera,"Memory Card (Hybrid), upto 1 TB",Android v12
84,86,samsung,Samsung Galaxy M13 5G,13999,75.0,"Dual Sim, 3G, 4G, 5G, VoLTE, Wi-Fi",True,False,False,"Dimensity 700, Octa Core, 2.2 GHz Processor",Dimensity 700,dimensity,Octa Core, 2.2 GHz Processor,"6 GB RAM, 128 GB inbuilt",5000 mAh Battery with 15W Fast Charging,"6.5 inches, 720 x 1600 px, 90 Hz Display with Water Drop Notch",50 MP + 2 MP Dual Rear & 5 MP Front Camera,"Memory Card Supported, upto 1 TB",Android v12
85,87,motorola,Motorola Edge 30 5G,22999,83.0,"Dual Sim, 3G, 4G, 5G, VoLTE, Wi-Fi, NFC",True,True,False,"Snapdragon 778G+, Octa Core, 2.5 GHz Processor",Snapdragon 778G+,snapdragon,Octa Core, 2.5 GHz Processor,"6 GB RAM, 128 GB inbuilt",4020 mAh Battery with 33W Fast Charging,"6.5 inches, 1080 x 2400 px, 144 Hz Display with Punch Hole",50 MP + 50 MP + 2 MP Triple Rear & 32 MP Front Camera,Memory Card Not Supported,
86,88,samsung,Samsung Galaxy A23 5G,22999,79.0,"Dual Sim, 3G, 4G, 5G, VoLTE, Wi-Fi",True,False,False,"Snapdragon 695, Octa Core, 2.2 GHz Processor",Snapdragon 695,snapdragon,Octa Core, 2.2 GHz Processor,"6 GB RAM, 128 GB inbuilt",5000 mAh Battery with 25W Fast Charging,"6.6 inches, 1080 x 2408 px, 120 Hz Display with Water Drop Notch",50 MP Quad Rear & 8 MP Front Camera,"Memory Card Supported, upto 1 TB",Android v12
87,89,oppo,OPPO K10 5G,16999,79.0,"Dual Sim, 3G, 4G, 5G, VoLTE, Wi-Fi",True,False,False,"Dimensity  810 5G, Octa Core, 2.4 GHz Processor",Dimensity  810 5G,dimensity,Octa Core, 2.4 GHz Processor,"8 GB RAM, 128 GB inbuilt",5000 mAh Battery with 33W Fast Charging,"6.56 inches, 720 x 1612 px, 90 Hz Display with Water Drop Notch",48 MP + 2 MP Dual Rear & 8 MP Front Camera,"Memory Card Supported, upto 1 TB",Android v12
88,90,xiaomi,Xiaomi Redmi Note 11 (6GB RAM + 128GB),14290,80.0,"Dual Sim, 3G, 4G, VoLTE, Wi-Fi, IR Blaster",False,False,True,"Snapdragon  680, Octa Core, 2.4 GHz Processor",Snapdragon  680,snapdragon,Octa Core, 2.4 GHz Processor,"6 GB RAM, 128 GB inbuilt",5000 mAh Battery with 33W Fast Charging,"6.43 inches, 1080 x 2400 px, 90 Hz Display with Punch Hole",50 MP Quad Rear & 13 MP Front Camera,"Memory Card Supported, upto 512 GB",Android v11
89,91,samsung,Samsung Galaxy A73 5G,41999,,"Dual Sim, 3G, 4G, 5G, VoLTE, Wi-Fi, NFC",True,True,False,"Snapdragon 778G, Octa Core, 2.4 GHz Processor",Snapdragon 778G,snapdragon,Octa Core, 2.4 GHz Processor,"8 GB RAM, 128 GB inbuilt",5000 mAh Battery with 25W Fast Charging,"6.7 inches, 1080 x 2400 px, 120 Hz Display with Punch Hole",108 MP Quad Rear & 32 MP Front Camera,"Memory Card (Hybrid), upto 1 TB",Android v12
90,92,vivo,Vivo Y21 2021,13489,69.0,"Dual Sim, 3G, 4G, VoLTE, Wi-Fi",False,False,False,"Helio P35, Octa Core, 2.3 GHz Processor",Helio P35,helio,Octa Core, 2.3 GHz Processor,"4 GB RAM, 64 GB inbuilt",5000 mAh Battery with 18W Fast Charging,"6.51 inches, 720 x 1600 px Display with Water Drop Notch",13 MP + 2 MP Dual Rear & 8 MP Front Camera,"Memory Card Supported, upto 1 TB",Android v11
91,93,oneplus,OnePlus Ace Racing Edition 5G,22990,83.0,"Dual Sim, 3G, 4G, 5G, VoLTE, Wi-Fi, NFC",True,True,False,"Dimensity 8100 Max, Octa Core, 2.85 GHz Processor",Dimensity 8100 Max,dimensity,Octa Core, 2.85 GHz Processor,"8 GB RAM, 128 GB inbuilt",5000 mAh Battery with Fast Charging,"6.59 inches, 1080 x 2412 px, 120 Hz Display with Punch Hole",64 MP + 8 MP + 2 MP Triple Rear & 16 MP Front Camera,Memory Card Not Supported,
92,94,motorola,Motorola Moto G62 (8GB RAM + 128GB),16499,84.0,"Dual Sim, 3G, 4G, 5G, VoLTE, Wi-Fi",True,False,False,"Snapdragon  695, Octa Core, 2.2 GHz Processor",Snapdragon  695,snapdragon,Octa Core, 2.2 GHz Processor,"8 GB RAM, 128 GB inbuilt",5000 mAh Battery with Fast Charging,"6.55 inches, 1080 x 2400 px, 120 Hz Display with Punch Hole",50 MP + 8 MP + 2 MP Triple Rear & 16 MP Front Camera,"Memory Card (Hybrid), upto 1 TB",Android v12
93,95,vivo,Vivo X90 Pro Plus 5G,73999,,"Dual Sim, 3G, 4G, 5G, VoLTE, Wi-Fi, NFC, IR Blaster",True,True,True,"Snapdragon 8 Gen2, Octa Core, 3.2 GHz Processor",Snapdragon 8 Gen2,snapdragon,Octa Core, 3.2 GHz Processor,"12 GB RAM, 256 GB inbuilt",4700 mAh Battery with 80W Fast Charging,"6.78 inches, 1440 x 3200 px, 120 Hz Display with Punch Hole",50.3 MP Quad Rear & 32 MP Front Camera,Memory Card Not Supported,
94,96,realme,Realme C33 (4GB RAM + 64GB),9999,67.0,"Dual Sim, 3G, 4G, VoLTE, Wi-Fi",False,False,False,"Unisoc T612, Octa Core, 1.8 GHz Processor",Unisoc T612,unisoc,Octa Core, 1.8 GHz Processor,"4 GB RAM, 64 GB inbuilt",5000 mAh Battery,"6.5 inches, 720 x 1600 px Display with Water Drop Notch",50 MP + 0.3 MP Dual Rear & 5 MP Front Camera,"Memory Card Supported, upto 1 TB",Android v12
95,97,realme,Realme 9i,12499,75.0,"Dual Sim, 3G, 4G, VoLTE, Wi-Fi",False,False,False,"Snapdragon  680, Octa Core, 2.4 GHz Processor",Snapdragon  680,snapdragon,Octa Core, 2.4 GHz Processor,"4 GB RAM, 64 GB inbuilt",5000 mAh Battery with 33W Fast Charging,"6.6 inches, 1080 x 2412 px, 90 Hz Display with Punch Hole",50 MP + 2 MP + 2 MP Triple Rear & 16 MP Front Camera,"Memory Card Supported, upto 1 TB",Android v11
96,98,oppo,OPPO A17,12499,72.0,"Dual Sim, 3G, 4G, VoLTE, Wi-Fi",False,False,False,"Helio G35, Octa Core, 2.3 GHz Processor",Helio G35,helio,Octa Core, 2.3 GHz Processor,"4 GB RAM, 64 GB inbuilt",5000 mAh Battery with Fast Charging,"6.56 inches, 720 x 1612 px Display with Water Drop Notch",50 MP + 2 MP Dual Rear & 5 MP Front Camera,"Memory Card Supported, upto 1 TB",Android v12
97,99,iqoo,iQOO 11 5G,59999,88.0,"Dual Sim, 3G, 4G, 5G, VoLTE, Wi-Fi, NFC",True,True,False,"Snapdragon 8 Gen2, Octa Core, 3.2 GHz Processor",Snapdragon 8 Gen2,snapdragon,Octa Core, 3.2 GHz Processor,"8 GB RAM, 256 GB inbuilt",5000 mAh Battery with 120W Fast Charging,"6.78 inches, 1440 x 3200 px, 144 Hz Display with Punch Hole",50 MP + 13 MP + 8 MP Triple Rear & 16 MP Front Camera,Memory Card Not Supported,
98,100,vivo,Vivo X Fold 5G,106990,,"Dual Sim, 3G, 4G, 5G, VoLTE, Wi-Fi, NFC",True,True,False,"Snapdragon 8 Gen1, Octa Core, 3 GHz Processor",Snapdragon 8 Gen1,snapdragon,Octa Core, 3 GHz Processor,"12 GB RAM, 256 GB inbuilt",4600 mAh Battery with 66W Fast Charging,"8.03 inches, 1916 x 2160 px, 120 Hz Display",50 MP Quad Rear & 16 MP Front Camera,Memory Card Not Supported,Android v12
99,101,vivo,Vivo T1 5G,15990,78.0,"Dual Sim, 3G, 4G, 5G, VoLTE, Wi-Fi",True,False,False,"Snapdragon  695, Octa Core, 2.2 GHz Processor",Snapdragon  695,snapdragon,Octa Core, 2.2 GHz Processor,"4 GB RAM, 128 GB inbuilt",5000 mAh Battery with 18W Fast Charging,"6.58 inches, 1080 x 2408 px, 120 Hz Display with Water Drop Notch",50 MP + 2 MP + 2 MP Triple Rear & 16 MP Front Camera,"Memory Card (Hybrid), upto 1 TB",Android v12
100,102,apple,Apple iPhone 14 Pro,119990,75.0,"Dual Sim, 3G, 4G, 5G, VoLTE, Wi-Fi, NFC",True,True,False,"Bionic  A16, Hexa Core Processor",Bionic  A16,bionic,Hexa Core,,"6 GB RAM, 128 GB inbuilt",3200 mAh Battery with Fast Charging,"6.1 inches, 1179 x 2556 px, 120 Hz Display",48 MP + 12 MP + 12 MP Triple Rear & 12 MP Front Camera,Memory Card Not Supported,iOS v16
101,103,xiaomi,Xiaomi Redmi Note 11 Pro Max 5G,19999,83.0,"Dual Sim, 3G, 4G, 5G, VoLTE, Wi-Fi, IR Blaster",True,False,True,"Snapdragon 778G, Octa Core, 2.4 GHz Processor",Snapdragon 778G,snapdragon,Octa Core, 2.4 GHz Processor,"6 GB RAM, 128 GB inbuilt",5200 mAh Battery with 33W Fast Charging,"6.67 inches, 1080 x 2400 px, 120 Hz Display with Punch Hole",108 MP Quad Rear & 32 MP Front Camera,"Memory Card Supported, upto 512 GB",Android v11
102,104,motorola,Motorola Moto S30 Pro,23990,83.0,"Dual Sim, 3G, 4G, 5G, VoLTE, Wi-Fi",True,False,False,"Snapdragon 888+, Octa Core, 2.9 GHz Processor",Snapdragon 888+,snapdragon,Octa Core, 2.9 GHz Processor,"8 GB RAM, 128 GB inbuilt",4400 mAh Battery with 68W Fast Charging,"6.55 inches, 1080 x 2460 px, 144 Hz Display with Punch Hole",50 MP + 13 MP + 2 MP Triple Rear & 32 MP Front Camera,Memory Card Not Supported,
103,105,realme,Realme 10s,12999,80.0,"Dual Sim, 3G, 4G, 5G, VoLTE, Wi-Fi",True,False,False,"Dimensity 810 5G, Octa Core, 2.4 GHz Processor",Dimensity 810 5G,dimensity,Octa Core, 2.4 GHz Processor,"8 GB RAM, 128 GB inbuilt",5000 mAh Battery with 33W Fast Charging,"6.6 inches, 1080 x 2408 px, 90 Hz Display with Punch Hole",50 MP + 0.3 MP Dual Rear & 8 MP Front Camera,"Memory Card Supported, upto 1 TB",Android v12
104,106,oppo,OPPO F19 Pro Plus 5G,19990,82.0,"Dual Sim, 3G, 4G, 5G, VoLTE, Wi-Fi",True,False,False,"Dimensity 800U , Octa Core, 2.4 GHz Processor",Dimensity 800U,dimensity,Octa Core, 2.4 GHz Processor,"8 GB RAM, 128 GB inbuilt",4310 mAh Battery with 50W Fast Charging,"6.43 inches, 1080 x 2400 px Display with Punch Hole",48 MP Quad Rear & 16 MP Front Camera,"Memory Card Supported, upto 256 GB",Android v11
105,107,xiaomi,Xiaomi 13 Pro 5G,58990,,"Dual Sim, 3G, 4G, 5G, VoLTE, Wi-Fi, NFC, IR Blaster",True,True,True,"Snapdragon 8 Gen2, Octa Core, 3.2 GHz Processor",Snapdragon 8 Gen2,snapdragon,Octa Core, 3.2 GHz Processor,"8 GB RAM, 128 GB inbuilt",4820 mAh Battery with 120W Fast Charging,"6.73 inches, 1440 x 3200 px, 120 Hz Display with Punch Hole",50.3 MP + 50 MP + 50 MP Triple Rear & 32 MP Front Camera,Memory Card Not Supported,Android v13
106,108,vivo,Vivo V27 Pro,43999,87.0,"Dual Sim, 3G, 4G, 5G, VoLTE, Wi-Fi",True,False,False,"Dimensity 9000 Plus, Octa Core, 3.2 GHz Processor",Dimensity 9000 Plus,dimensity,Octa Core, 3.2 GHz Processor,"12 GB RAM, 256 GB inbuilt",5000 mAh Battery with 120W Fast Charging,"6.73 inches, 1080 x 2400 px, 144 Hz Display with Punch Hole",108 MP + 8 MP + 2 MP Triple Rear & 32 MP Front Camera,Memory Card Not Supported,
107,109,samsung,Samsung Galaxy S22 5G,49999,86.0,"Dual Sim, 3G, 4G, 5G, VoLTE, Wi-Fi, NFC",True,True,False,"Snapdragon  8 Gen1, Octa Core, 3 GHz Processor",Snapdragon  8 Gen1,snapdragon,Octa Core, 3 GHz Processor,"8 GB RAM, 128 GB inbuilt",3700 mAh Battery with 25W Fast Charging,"6.1 inches, 1080 x 2340 px, 120 Hz Display with Punch Hole",50 MP + 12 MP + 10 MP Triple Rear & 10 MP Front Camera,Memory Card Not Supported,
108,110,vivo,Vivo T1 44W (6GB RAM + 128GB),15999,79.0,"Dual Sim, 3G, 4G, VoLTE, Wi-Fi",False,False,False,"Snapdragon 680, Octa Core, 2.4 GHz Processor",Snapdragon 680,snapdragon,Octa Core, 2.4 GHz Processor,"6 GB RAM, 128 GB inbuilt",5000 mAh Battery with 44W Fast Charging,"6.44 inches, 1080 x 2408 px Display with Water Drop Notch",50 MP + 2 MP + 2 MP Triple Rear & 16 MP Front Camera,"Memory Card (Hybrid), upto 1 TB",Android v12
109,111,oneplus,OnePlus 10R 5G (12GB RAM + 256GB),36999,87.0,"Dual Sim, 3G, 4G, 5G, VoLTE, Wi-Fi, NFC",True,True,False,"Dimensity 8100 Max, Octa Core, 2.85 GHz Processor",Dimensity 8100 Max,dimensity,Octa Core, 2.85 GHz Processor,"12 GB RAM, 256 GB inbuilt",5000 mAh Battery with 80W Fast Charging,"6.7 inches, 1080 x 2412 px, 120 Hz Display with Punch Hole",50 MP + 8 MP + 2 MP Triple Rear & 16 MP Front Camera,Memory Card Not Supported,
110,112,tecno,Tecno Phantom X2,39999,85.0,"Dual Sim, 3G, 4G, 5G, VoLTE, Wi-Fi, NFC",True,True,False,"Dimensity 9000, Octa Core, 3.05 GHz Processor",Dimensity 9000,dimensity,Octa Core, 3.05 GHz Processor,"8 GB RAM, 256 GB inbuilt",5160 mAh Battery with 45W Fast Charging,"6.8 inches, 1080 x 2400 px, 120 Hz Display with Punch Hole",64 MP + 13 MP + 2 MP Triple Rear & 32 MP Front Camera,Memory Card Not Supported,
111,113,apple,Apple iPhone 12,51999,74.0,"Dual Sim, 3G, 4G, 5G, VoLTE, Wi-Fi, NFC",True,True,False,"Bionic A14, Hexa Core, 3.1 GHz Processor",Bionic A14,bionic,Hexa Core, 3.1 GHz Processor,"4 GB RAM, 64 GB inbuilt",,"6.1 inches, 1170 x 2532 px Display with Large Notch",12 MP + 12 MP Dual Rear & 12 MP Front Camera,Memory Card Not Supported,iOS v14
112,114,xiaomi,Xiaomi Redmi K50i 5G,22999,82.0,"Dual Sim, 3G, 4G, 5G, VoLTE, Wi-Fi, IR Blaster",True,False,True,"Dimensity  8100, Octa Core, 2.85 GHz Processor",Dimensity  8100,dimensity,Octa Core, 2.85 GHz Processor,"6 GB RAM, 128 GB inbuilt",5080 mAh Battery with 67W Fast Charging,"6.6 inches, 1080 x 2460 px, 144 Hz Display with Punch Hole",64 MP + 8 MP + 2 MP Triple Rear & 16 MP Front Camera,Memory Card Not Supported,
113,115,samsung,Samsung Galaxy A53 5G,31999,87.0,"Dual Sim, 3G, 4G, 5G, VoLTE, Wi-Fi, NFC",True,True,False,"Exynos 1280, Octa Core, 2.4 GHz Processor",Exynos 1280,exynos,Octa Core, 2.4 GHz Processor,"6 GB RAM, 128 GB inbuilt",5000 mAh Battery with 25W Fast Charging,"6.5 inches, 1080 x 2400 px, 120 Hz Display with Punch Hole",64 MP Quad Rear & 32 MP Front Camera,"Memory Card Supported, upto 1 TB",Android v12
114,116,xiaomi,Xiaomi Redmi A1,6171,,"Dual Sim, 3G, 4G, VoLTE, Wi-Fi",False,False,False,"Helio A22, Quad Core, 2 GHz Processor",Helio A22,helio,Quad Core, 2 GHz Processor,"2 GB RAM, 32 GB inbuilt",5000 mAh Battery with 10W Fast Charging,"6.52 inches, 720 x 1600 px Display with Water Drop Notch",8 MP Dual Rear & 5 MP Front Camera,"Memory Card Supported, upto 512 GB",Android v12
115,117,oppo,OPPO Reno8 5G,29340,83.0,"Dual Sim, 3G, 4G, 5G, VoLTE, Wi-Fi, NFC",True,True,False,"Dimensity 1300, Octa Core, 3 GHz Processor",Dimensity 1300,dimensity,Octa Core, 3 GHz Processor,"8 GB RAM, 128 GB inbuilt",4500 mAh Battery with 80W Fast Charging,"6.43 inches, 1080 x 2400 px, 90 Hz Display with Punch Hole",50 MP + 8 MP + 2 MP Triple Rear & 32 MP Front Camera,Memory Card Not Supported,
116,118,samsung,Samsung Galaxy M53 5G (8GB RAM + 128GB),25289,87.0,"Dual Sim, 3G, 4G, 5G, VoLTE, Wi-Fi",True,False,False,"Dimensity  900 5G, Octa Core, 2.4 GHz Processor",Dimensity  900 5G,dimensity,Octa Core, 2.4 GHz Processor,"8 GB RAM, 128 GB inbuilt",5000 mAh Battery with 25W Fast Charging,"6.7 inches, 1080 x 2400 px, 120 Hz Display with Punch Hole",108 MP Quad Rear & 32 MP Front Camera,"Memory Card (Hybrid), upto 1 TB",Android v12
117,119,iqoo,iQOO Z6 Pro 5G,21788,78.0,"Dual Sim, 3G, 4G, 5G, VoLTE, Wi-Fi",True,False,False,"Snapdragon  778G, Octa Core, 2.4 GHz Processor",Snapdragon  778G,snapdragon,Octa Core, 2.4 GHz Processor,"6 GB RAM, 128 GB inbuilt",4700 mAh Battery with 66W Fast Charging,"6.44 inches, 1080 x 2404 px, 90 Hz Display with Water Drop Notch",64 MP + 8 MP + 2 MP Triple Rear & 16 MP Front Camera,Memory Card Not Supported,Android v12
118,120,tesla,Tesla Pi Phone,69999,83.0,"Dual Sim, 3G, 4G, 5G, VoLTE, Wi-Fi, NFC",True,True,False,Octa Core Processor,,octa,Octa Core,,"16 GB RAM, 512 GB inbuilt",5000 mAh Battery with 120W Fast Charging,"6.73 inches, 1080 x 2448 px, 165 Hz Display",50 MP + 50 MP + 50 MP Triple Rear & 32 MP Front Camera,Memory Card Not Supported,Android v13
119,121,samsung,Samsung Galaxy S23,70990,88.0,"Dual Sim, 3G, 4G, 5G, VoLTE, Vo5G, Wi-Fi, NFC",True,True,False,"Snapdragon 8 Gen2, Octa Core, 3.2 GHz Processor",Snapdragon 8 Gen2,snapdragon,Octa Core, 3.2 GHz Processor,"8 GB RAM, 128 GB inbuilt",3900 mAh Battery with 25W Fast Charging,"6.1 inches, 1080 x 2340 px, 120 Hz Display with Punch Hole",50 MP + 12 MP + 10 MP Triple Rear & 12 MP Front Camera,Memory Card Not Supported,
120,122,motorola,Motorola Edge 30 Pro 5G,34999,89.0,"Dual Sim, 3G, 4G, 5G, VoLTE, Wi-Fi, NFC",True,True,False,"Snapdragon 8 Gen1, Octa Core, 3 GHz Processor",Snapdragon 8 Gen1,snapdragon,Octa Core, 3 GHz Processor,"8 GB RAM, 128 GB inbuilt",4800 mAh Battery with 68W Fast Charging,"6.7 inches, 1080 x 2400 px, 144 Hz Display with Punch Hole",50 MP + 50 MP + 2 MP Triple Rear & 60 MP Front Camera,Memory Card Not Supported,
121,123,oneplus,OnePlus Nord 2T (12GB RAM + 256GB),33900,85.0,"Dual Sim, 3G, 4G, 5G, VoLTE, Wi-Fi, NFC",True,True,False,"Dimensity  1300, Octa Core, 3 GHz Processor",Dimensity  1300,dimensity,Octa Core, 3 GHz Processor,"12 GB RAM, 256 GB inbuilt",4500 mAh Battery with 80W Fast Charging,"6.43 inches, 1080 x 2400 px, 90 Hz Display with Punch Hole",50 MP + 8 MP + 2 MP Triple Rear & 32 MP Front Camera,Memory Card Not Supported,
122,124,google,Google Pixel 6A,29999,71.0,"Dual Sim, 3G, 4G, 5G, VoLTE, Wi-Fi, NFC",True,True,False,"Google  Tensor, Octa Core Processor",Google  Tensor,google,Octa Core,,"6 GB RAM, 128 GB inbuilt",4410 mAh Battery with Fast Charging,"6.14 inches, 1080 x 2400 px Display with Punch Hole",12.2 MP + 12 MP Dual Rear & 8 MP Front Camera,Memory Card Not Supported,Android v12
123,125,infinix,Infinix Note 12 Pro 5G,18999,84.0,"Dual Sim, 3G, 4G, 5G, VoLTE, Wi-Fi",True,False,False,"Dimensity 810 5G, Octa Core, 2.4 GHz Processor",Dimensity 810 5G,dimensity,Octa Core, 2.4 GHz Processor,"8 GB RAM, 128 GB inbuilt",5000 mAh Battery with 33W Fast Charging,"6.7 inches, 1080 x 2400 px Display with Punch Hole",108 MP + 2 MP + 2 MP Triple Rear & 16 MP Front Camera,"Memory Card Supported, upto 2 TB",Android v12
124,126,samsung,Samsung Galaxy M33 5G (8GB RAM + 128GB),19499,84.0,"Dual Sim, 3G, 4G, 5G, VoLTE, Wi-Fi, NFC",True,True,False,"Exynos  1280, Octa Core, 2.4 GHz Processor",Exynos  1280,exynos,Octa Core, 2.4 GHz Processor,"8 GB RAM, 128 GB inbuilt",6000 mAh Battery with 25W Fast Charging,"6.6 inches, 1080 x 2400 px, 120 Hz Display with Water Drop Notch",50 MP Quad Rear & 8 MP Front Camera,"Memory Card Supported, upto 1 TB",Android v12
125,127,vivo,Vivo V23 5G,24994,83.0,"Dual Sim, 3G, 4G, 5G, VoLTE, Wi-Fi",True,False,False,"Dimensity  920 5G, Octa Core, 2.5 GHz Processor",Dimensity  920 5G,dimensity,Octa Core, 2.5 GHz Processor,"8 GB RAM, 128 GB inbuilt",4200 mAh Battery with 44W Fast Charging,"6.44 inches, 1080 x 2400 px, 90 Hz Display with Small Notch",64 MP + 8 MP + 2 MP Triple Rear & 50 MP + 8 MP Dual Front Camera,Memory Card Not Supported,Android v12
126,128,motorola,Motorola Moto G42,10999,78.0,"Dual Sim, 3G, 4G, VoLTE, Wi-Fi, NFC",False,True,False,"Snapdragon 680, Octa Core, 2.4 GHz Processor",Snapdragon 680,snapdragon,Octa Core, 2.4 GHz Processor,"4 GB RAM, 64 GB inbuilt",5000 mAh Battery with 20W Fast Charging,"6.47 inches, 1080 x 2400 px Display with Punch Hole",50 MP + 8 MP + 2 MP Triple Rear & 16 MP Front Camera,"Memory Card Supported, upto 1 TB",Android v12
127,129,oneplus,OnePlus Nord CE 2 Lite 5G (8GB RAM + 256GB),24999,85.0,"Dual Sim, 3G, 4G, 5G, VoLTE, Wi-Fi",True,False,False,"Snapdragon 695, Octa Core, 2.2 GHz Processor",Snapdragon 695,snapdragon,Octa Core, 2.2 GHz Processor,"8 GB RAM, 256 GB inbuilt",5000 mAh Battery with 33W Fast Charging,"6.59 inches, 1080 x 2412 px, 120 Hz Display with Punch Hole",64 MP + 2 MP + 2 MP Triple Rear & 16 MP Front Camera,"Memory Card (Hybrid), upto 1 TB",Android v12
128,130,samsung,Samsung Galaxy A33 5G,25999,82.0,"Dual Sim, 3G, 4G, 5G, VoLTE, Wi-Fi, NFC",True,True,False,"Exynos  1280, Octa Core, 2.4 GHz Processor",Exynos  1280,exynos,Octa Core, 2.4 GHz Processor,"6 GB RAM, 128 GB inbuilt",5000 mAh Battery with 25W Fast Charging,"6.4 inches, 1080 x 2400 px, 90 Hz Display with Punch Hole",48 MP Quad Rear & 13 MP Front Camera,"Memory Card (Hybrid), upto 1 TB",Android v12
129,131,google,Google Pixel 7A,34990,69.0,"Dual Sim, 3G, 4G, 5G, VoLTE, Wi-Fi, NFC",True,True,False,"Google  Tensor, Octa Core Processor",Google  Tensor,google,Octa Core,,"6 GB RAM, 128 GB inbuilt",4410 mAh Battery with Fast Charging,"6.1 inches, 1080 x 2400 px, 90 Hz Display with Punch Hole",12.2 MP + 12 MP Dual Rear & 8 MP Front Camera,Memory Card Not Supported,Android v12
130,132,xiaomi,Xiaomi Redmi 11 Prime 5G,13466,74.0,"Dual Sim, 3G, 4G, 5G, VoLTE, Wi-Fi, IR Blaster",True,False,True,"Dimensity 700 5G, Octa Core, 2.2 GHz Processor",Dimensity 700 5G,dimensity,Octa Core, 2.2 GHz Processor,"4 GB RAM, 64 GB inbuilt",5000 mAh Battery with 18W Fast Charging,"6.58 inches, 1080 x 2408 px, 90 Hz Display with Water Drop Notch",50 MP + 2 MP Dual Rear & 5 MP Front Camera,"Memory Card Supported, upto 512 GB",Android v12
131,133,xiaomi,Xiaomi Redmi Note 10 Lite,9999,76.0,"Dual Sim, 3G, 4G, VoLTE, Wi-Fi, IR Blaster",False,False,True,"Snapdragon 720G, Octa Core, 2.3 GHz Processor",Snapdragon 720G,snapdragon,Octa Core, 2.3 GHz Processor,"4 GB RAM, 64 GB inbuilt",5020 mAh Battery with 18W Fast Charging,"6.67 inches, 1080 x 2400 px Display with Punch Hole",48 MP Quad Rear & 16 MP Front Camera,"Memory Card Supported, upto 512 GB",Android v10.0
132,134,motorola,Motorola Moto E40,7999,71.0,"Dual Sim, 3G, 4G, VoLTE, Wi-Fi",False,False,False,"Tiger T700, Octa Core, 1.8 GHz Processor",Tiger T700,tiger,Octa Core, 1.8 GHz Processor,"4 GB RAM, 64 GB inbuilt",5000 mAh Battery,"6.5 inches, 720 x 1600 px, 90 Hz Display with Punch Hole",48 MP + 2 MP + 2 MP Triple Rear & 8 MP Front Camera,"Memory Card Supported, upto 1 TB",Android v11
133,135,nothing,Nothing Phone 1 (8GB RAM + 256GB),28249,86.0,"Dual Sim, 3G, 4G, 5G, VoLTE, Wi-Fi, NFC",True,True,False,"Snapdragon 778G Plus, Octa Core, 2.5 GHz Processor",Snapdragon 778G Plus,snapdragon,Octa Core, 2.5 GHz Processor,"8 GB RAM, 256 GB inbuilt",4500 mAh Battery with 33W Fast Charging,"6.55 inches, 1080 x 2400 px, 120 Hz Display with Punch Hole",50 MP + 50 MP Dual Rear & 16 MP Front Camera,Memory Card Not Supported,
134,136,poco,Poco X4 Pro 5G (6GB RAM + 128GB),16499,82.0,"Dual Sim, 3G, 4G, 5G, VoLTE, Wi-Fi, IR Blaster",True,False,True,"Snapdragon 695 , Octa Core, 2.2 GHz Processor",Snapdragon 695,snapdragon,Octa Core, 2.2 GHz Processor,"6 GB RAM, 128 GB inbuilt",5000 mAh Battery with 67W Fast Charging,"6.67 inches, 1080 x 2400 px, 120 Hz Display with Punch Hole",64 MP + 8 MP + 2 MP Triple Rear & 16 MP Front Camera,"Memory Card (Hybrid), upto 1 TB",Android v11
135,137,xiaomi,Xiaomi Redmi Note 11 Pro Plus 5G (8GB RAM + 256GB),22999,87.0,"Dual Sim, 3G, 4G, 5G, VoLTE, Wi-Fi, IR Blaster",True,False,True," Snapdragon  695, Octa Core, 2.2 GHz Processor",Snapdragon  695,snapdragon,Octa Core, 2.2 GHz Processor,"8 GB RAM, 256 GB inbuilt",5000 mAh Battery with 67W Fast Charging,"6.67 inches, 1080 x 2400 px, 120 Hz Display with Punch Hole",108 MP + 8 MP + 2 MP Triple Rear & 16 MP Front Camera,"Memory Card (Hybrid), upto 1 TB",Android v11
136,138,apple,Apple iPhone 11 (128GB),46999,75.0,"Dual Sim, 3G, 4G, VoLTE, Wi-Fi, NFC",False,True,False,"A13 Bionic, Hexa Core, 2.65 GHz Processor",A13 Bionic,a13,Hexa Core, 2.65 GHz Processor,"4 GB RAM, 128 GB inbuilt",3110 mAh Battery,"6.1 inches, 828 x 1792 px Display with Large Notch",12 MP + 12 MP Dual Rear & 12 MP Front Camera,Memory Card Not Supported,iOS v13
137,139,realme,Realme C35 (6GB RAM + 128GB),13999,74.0,"Dual Sim, 3G, 4G, VoLTE, Wi-Fi",False,False,False,"Tiger  T616, Octa Core, 1.8 GHz Processor",Tiger  T616,tiger,Octa Core, 1.8 GHz Processor,"6 GB RAM, 128 GB inbuilt",5000 mAh Battery with 18W Fast Charging,"6.6 inches, 1080 x 2408 px, 90 Hz Display with Water Drop Notch",50 MP + 2 MP + 2 MP Triple Rear & 8 MP Front Camera,"Memory Card Supported, upto 1 TB",Android v11
138,140,oppo,OPPO K10,13490,78.0,"Dual Sim, 3G, 4G, VoLTE, Wi-Fi",False,False,False,"Snapdragon 680, Octa Core, 2.4 GHz Processor",Snapdragon 680,snapdragon,Octa Core, 2.4 GHz Processor,"6 GB RAM, 128 GB inbuilt",5000 mAh Battery with 33W Fast Charging,"6.59 inches, 1080 x 2412 px, 90 Hz Display with Punch Hole",50 MP + 2 MP + 2 MP Triple Rear & 16 MP Front Camera,"Memory Card Supported, upto 1 TB",Android v11
139,141,iqoo,iQOO Neo 6 5G,28999,82.0,"Dual Sim, 3G, 4G, 5G, VoLTE, Wi-Fi, IR Blaster",True,False,True,"Snapdragon 870, Octa Core, 3.2 GHz Processor",Snapdragon 870,snapdragon,Octa Core, 3.2 GHz Processor,"8 GB RAM, 128 GB inbuilt",4700 mAh Battery with 80W Fast Charging,"6.62 inches, 1080 x 2400 px, 120 Hz Display with Punch Hole",64 MP + 8 MP + 2 MP Triple Rear & 16 MP Front Camera,Memory Card Not Supported,
140,142,iqoo,iQOO Z6 5G,15499,78.0,"Dual Sim, 3G, 4G, 5G, VoLTE, Wi-Fi",True,False,False,"Snapdragon  695 , Octa Core, 2.2 GHz Processor",Snapdragon  695,snapdragon,Octa Core, 2.2 GHz Processor,"4 GB RAM, 128 GB inbuilt",5000 mAh Battery with 18W Fast Charging,"6.58 inches, 1080 x 2408 px, 120 Hz Display with Water Drop Notch",50 MP + 2 MP + 2 MP Triple Rear & 16 MP Front Camera,"Memory Card (Hybrid), upto 1 TB",Android v12
141,143,oppo,OPPO Reno 9 Pro 5G,39999,86.0,"Dual Sim, 3G, 4G, 5G, VoLTE, Wi-Fi, NFC",True,True,False,"Dimensity 8100 Max, Octa Core, 2.85 GHz Processor",Dimensity 8100 Max,dimensity,Octa Core, 2.85 GHz Processor,"16 GB RAM, 256 GB inbuilt",4500 mAh Battery with 67W Fast Charging,"6.7 inches, 1080 x 2412 px, 120 Hz Display with Punch Hole",50 MP + 8 MP Dual Rear & 32 MP Front Camera,Memory Card Not Supported,
142,144,poco,Poco M4 Pro 5G,12999,76.0,"Dual Sim, 3G, 4G, 5G, VoLTE, Wi-Fi, IR Blaster",True,False,True,"Dimensity  810 5G, Octa Core, 2.4 GHz Processor",Dimensity  810 5G,dimensity,Octa Core, 2.4 GHz Processor,"4 GB RAM, 64 GB inbuilt",5000 mAh Battery with 33W Fast Charging,"6.6 inches, 1080 x 2400 px, 90 Hz Display with Punch Hole",50 MP + 8 MP Dual Rear & 16 MP Front Camera,"Memory Card (Hybrid), upto 1 TB",Android v11
143,145,jio,Jio Phone 3,4499,,"Dual Sim, 3G, 4G, VoLTE, Wi-Fi",False,False,False,"Quad Core, 1.4 GHz Processor",,quad,Quad Core, 1.4 GHz Processor,"2 GB RAM, 64 GB inbuilt",2800 mAh Battery,"5 inches, 720 x 1280 px Display",5 MP Rear & 2 MP Front Camera,"Memory Card Supported, upto 128 GB",Android v8.1 (Oreo)
144,146,oneplus,OnePlus Clover,14999,69.0,"Dual Sim, 3G, 4G, VoLTE, Wi-Fi",False,False,False,"Snapdragon 460 , Octa Core, 1.8 GHz Processor",Snapdragon 460,snapdragon,Octa Core, 1.8 GHz Processor,"4 GB RAM, 64 GB inbuilt",6000 mAh Battery with 18W Fast Charging,"6.52 inches, 720 x 1560 px Display with Punch Hole",13 MP + 2 MP + 2 MP Triple Rear & 8 MP Front Camera,Memory Card Supported,Android v10
145,147,samsung,Samsung Galaxy F04,8499,68.0,"Dual Sim, 3G, 4G, VoLTE, Wi-Fi",False,False,False,"Helio P35, Octa Core, 2.3 GHz Processor",Helio P35,helio,Octa Core, 2.3 GHz Processor,"4 GB RAM, 64 GB inbuilt",5000 mAh Battery with 15W Fast Charging,"6.5 inches, 720 x 1600 px Display with Water Drop Notch",13 MP + 2 MP Dual Rear & 5 MP Front Camera,"Memory Card Supported, upto 1 TB",Android v12
146,148,iqoo,iQOO 7,24990,83.0,"Dual Sim, 3G, 4G, 5G, VoLTE, Wi-Fi, NFC",True,True,False,"Snapdragon 870, Octa Core, 3.2 GHz Processor",Snapdragon 870,snapdragon,Octa Core, 3.2 GHz Processor,"8 GB RAM, 128 GB inbuilt",4400 mAh Battery with 66W Fast Charging,"6.62 inches, 1080 x 2400 px, 120 Hz Display with Punch Hole",48 MP + 13 MP + 2 MP Triple Rear & 16 MP Front Camera,Memory Card Not Supported,
147,149,samsung,Samsung Galaxy M34 5G,16999,84.0,"Dual Sim, 3G, 4G, 5G, VoLTE, Wi-Fi, NFC",True,True,False,"Exynos 1200, Octa Core, 2.4 GHz Processor",Exynos 1200,exynos,Octa Core, 2.4 GHz Processor,"6 GB RAM, 128 GB inbuilt",6000 mAh Battery with 25W Fast Charging,"6.5 inches, 1080 x 2400 px, 120 Hz Display with Punch Hole",64 MP Quad Rear & 32 MP Front Camera,Memory Card (Hybrid),Android v12
148,150,xiaomi,Xiaomi Redmi 10,9589,71.0,"Dual Sim, 3G, 4G, VoLTE, Wi-Fi",False,False,False,"Snapdragon 680, Octa Core, 2.4 GHz Processor",Snapdragon 680,snapdragon,Octa Core, 2.4 GHz Processor,"4 GB RAM, 64 GB inbuilt",6000 mAh Battery with 18W Fast Charging,"6.7 inches, 720 x 1600 px Display with Water Drop Notch",50 MP + 2 MP Dual Rear & 5 MP Front Camera,"Memory Card Supported, upto 512 GB",Android v11
149,151,apple,Apple iPhone 12 Mini,40999,74.0,"Dual Sim, 3G, 4G, 5G, VoLTE, Wi-Fi, NFC",True,True,False,"Bionic A14, Hexa Core, 3.1 GHz Processor",Bionic A14,bionic,Hexa Core, 3.1 GHz Processor,"4 GB RAM, 64 GB inbuilt",,"5.4 inches, 1080 x 2340 px Display",12 MP + 12 MP Dual Rear & 12 MP Front Camera,Memory Card Not Supported,iOS v14
150,152,xiaomi,Xiaomi Redmi Note 12 (6GB RAM + 128GB),19988,79.0,"Dual Sim, 3G, 4G, 5G, VoLTE, Wi-Fi, IR Blaster",True,False,True,"Snapdragon 4 Gen 1, Octa Core, 2 GHz Processor",Snapdragon 4 Gen 1,snapdragon,Octa Core, 2 GHz Processor,"6 GB RAM, 128 GB inbuilt",5000 mAh Battery with 33W Fast Charging,"6.67 inches, 1080 x 2400 px, 120 Hz Display with Punch Hole",48 MP + 8 MP + 2 MP Triple Rear & 13 MP Front Camera,"Memory Card (Hybrid), upto 1 TB",Android v12
151,153,motorola,Motorola Moto G52,11999,75.0,"Dual Sim, 3G, 4G, VoLTE, Wi-Fi, NFC",False,True,False,"Snapdragon 680, Octa Core, 2.4 GHz Processor",Snapdragon 680,snapdragon,Octa Core, 2.4 GHz Processor,"4 GB RAM, 64 GB inbuilt",5000 mAh Battery with 33W Fast Charging,"6.6 inches, 2460 x 1080 px, 90 Hz Display with Punch Hole",50 MP + 8 MP + 2 MP Triple Rear & 16 MP Front Camera,Memory Card (Hybrid),Android v12
152,154,apple,Apple iPhone 15 Pro Max,142990,79.0,"Dual Sim, 3G, 4G, 5G, VoLTE, Wi-Fi, NFC",True,True,False,Bionic  A16,Bionic  A16,bionic,,,"8 GB RAM, 256 GB inbuilt",4352 mAh Battery with 25W Fast Charging,"6.68 inches, 1284 x 2778 px, 120 Hz Display with Punch Hole",50 MP + 12 MP + 12 MP Triple Rear & 12 MP Front Camera,Memory Card Not Supported,iOS v15
153,155,oppo,Oppo A98,30990,87.0,"Dual Sim, 3G, 4G, 5G, VoLTE, Wi-Fi, NFC",True,True,False,"Snapdragon 8 Gen1, Octa Core, 3 GHz Processor",Snapdragon 8 Gen1,snapdragon,Octa Core, 3 GHz Processor,"8 GB RAM, 128 GB inbuilt",5000 mAh Battery with 67W Fast Charging,"6.7 inches, 1080 x 2412 px, 120 Hz Display with Water Drop Notch",108 MP + 2 MP Dual Rear & 16 MP Front Camera,"Memory Card Supported, upto 1 TB",Android v12
154,156,infinix,Infinix Zero 5G 2023,19499,85.0,"Dual Sim, 3G, 4G, 5G, VoLTE, Wi-Fi",True,False,False,"Dimensity 1080, Octa Core, 2.6 GHz Processor",Dimensity 1080,dimensity,Octa Core, 2.6 GHz Processor,"8 GB RAM, 256 GB inbuilt",5000 mAh Battery with 33W Fast Charging,"6.78 inches, 1080 x 2460 px, 120 Hz Display with Punch Hole",50 MP + 2 MP + 2 MP Triple Rear & 16 MP Front Camera,"Memory Card Supported, upto 256 GB",Android v12
155,158,realme,Realme C30,5299,,"Dual Sim, 3G, 4G, VoLTE, Wi-Fi",False,False,False,"Tiger T612, Octa Core, 1.82 GHz Processor",Tiger T612,tiger,Octa Core, 1.82 GHz Processor,"2 GB RAM, 32 GB inbuilt",5000 mAh Battery,"6.5 inches, 720 x 1600 px Display with Water Drop Notch",8 MP Rear & 5 MP Front Camera,"Memory Card Supported, upto 1 TB",Android v11
156,159,oppo,OPPO F21 Pro 5G,25969,82.0,"Dual Sim, 3G, 4G, 5G, VoLTE, Wi-Fi",True,False,False," Snapdragon 695, Octa Core, 2.2 GHz Processor",Snapdragon 695,snapdragon,Octa Core, 2.2 GHz Processor,"8 GB RAM, 128 GB inbuilt",4500 mAh Battery with 33W Fast Charging,"6.43 inches, 1080 x 2400 px Display with Punch Hole",64 MP + 2 MP + 2 MP Triple Rear & 16 MP Front Camera,"Memory Card Supported, upto 1 TB",Android v12
157,160,realme,Realme 11 Pro,28999,82.0,"Dual Sim, 3G, 4G, 5G, VoLTE, Wi-Fi",True,False,False,"Snapdragon  8 Gen1, Octa Core, 3 GHz Processor",Snapdragon  8 Gen1,snapdragon,Octa Core, 3 GHz Processor,"6 GB RAM, 128 GB inbuilt",5000 mAh Battery with 65W Fast Charging,"6.4 inches, 1080 x 2400 px, 120 Hz Display with Punch Hole",64 MP + 8 MP + 2 MP Triple Rear & 32 MP Front Camera,"Memory Card Supported, upto 256 GB",Android v12
158,161,oppo,Oppo Find N2 5G,94990,,"Dual Sim, 3G, 4G, 5G, VoLTE, Wi-Fi, NFC",True,True,False,"Snapdragon 8+ Gen1, Octa Core, 3.2 GHz Processor",Snapdragon 8+ Gen1,snapdragon,Octa Core, 3.2 GHz Processor,"12 GB RAM, 256 GB inbuilt",4520 mAh Battery with 67W Fast Charging,"7.1 inches, 1792 x 1920 px, 120 Hz Display with Punch Hole",50 MP + 48 MP + 32 MP Triple Rear & 32 MP + 32 MP Dual Front Camera,Memory Card Not Supported,
159,162,realme,Realme 9 4G,14999,81.0,"Dual Sim, 3G, 4G, VoLTE, Wi-Fi",False,False,False,"Snapdragon 680, Octa Core, 2.4 GHz Processor",Snapdragon 680,snapdragon,Octa Core, 2.4 GHz Processor,"6 GB RAM, 128 GB inbuilt",5000 mAh Battery with 33W Fast Charging,"6.4 inches, 1080 x 2400 px, 90 Hz Display with Punch Hole",108 MP + 8 MP + 2 MP Triple Rear & 16 MP Front Camera,"Memory Card Supported, upto 256 GB",Android v12
160,163,cola,Cola Phone,14999,74.0,"Dual Sim, 3G, 4G, VoLTE, Wi-Fi",False,False,False,"Helio G99, Octa Core, 2.2 GHz Processor",Helio G99,helio,Octa Core, 2.2 GHz Processor,"4 GB RAM, 64 GB inbuilt",5000 mAh Battery with 33W Fast Charging,"6.4 inches, 1080 x 2400 px, 90 Hz Display with Punch Hole",50 MP + 2 MP Dual Rear & 16 MP Front Camera,"Memory Card Supported, upto 1 TB",Android v12
161,164,apple,Apple iPhone 13 Pro Max,129900,84.0,"Dual Sim, 3G, 4G, 5G, VoLTE, Wi-Fi, NFC",True,True,False,"Bionic A15, Hexa Core, 3.22 GHz Processor",Bionic A15,bionic,Hexa Core, 3.22 GHz Processor,"6 GB RAM, 128 GB inbuilt",4352 mAh Battery with Fast Charging,"6.7 inches, 1284 x 2778 px, 120 Hz Display with Small Notch",12 MP + 12 MP + 12 MP Triple Rear & 12 MP Front Camera,Memory Card Not Supported,iOS v15
162,165,oppo,Oppo Reno 10 Pro Plus,58990,88.0,"Dual Sim, 3G, 4G, 5G, VoLTE, Wi-Fi, NFC",True,True,False,"Snapdragon 8 Gen2, Octa Core, 3.2 GHz Processor",Snapdragon 8 Gen2,snapdragon,Octa Core, 3.2 GHz Processor,"12 GB RAM, 256 GB inbuilt",4700 mAh Battery with 80W Fast Charging,"6.73 inches, 1080 x 2412 px, 120 Hz Display with Punch Hole",64 MP Quad Rear & 32 MP Front Camera,Memory Card Not Supported,
163,166,vivo,Vivo X90 5G,41990,88.0,"Dual Sim, 3G, 4G, 5G, VoLTE, Wi-Fi, NFC, IR Blaster",True,True,True,"Dimensity 9200, Octa Core, 3.05 GHz Processor",Dimensity 9200,dimensity,Octa Core, 3.05 GHz Processor,"8 GB RAM, 128 GB inbuilt",4810 mAh Battery with 120W Fast Charging,"6.78 inches, 1260 x 2800 px, 120 Hz Display with Punch Hole",50 MP + 12 MP + 12 MP Triple Rear & 32 MP Front Camera,Memory Card Not Supported,Android v13
164,167,samsung,Samsung Galaxy F13,10999,74.0,"Dual Sim, 3G, 4G, VoLTE, Wi-Fi, NFC",False,True,False,"Exynos 850, Octa Core, 2 GHz Processor",Exynos 850,exynos,Octa Core, 2 GHz Processor,"4 GB RAM, 64 GB inbuilt",6000 mAh Battery with 15W Fast Charging,"6.6 inches, 2408 x 1080 px Display with Water Drop Notch",50 MP + 5 MP + 2 MP Triple Rear & 8 MP Front Camera,"Memory Card Supported, upto 1 TB",Android v12
165,168,xiaomi,Xiaomi Redmi Note 10S (6GB RAM + 128GB),11999,79.0,"Dual Sim, 3G, 4G, VoLTE, Wi-Fi, IR Blaster",False,False,True,"Helio G95, Octa Core, 2.05 GHz Processor",Helio G95,helio,Octa Core, 2.05 GHz Processor,"6 GB RAM, 128 GB inbuilt",5000 mAh Battery with 33W Fast Charging,"6.43 inches, 1080 x 2400 px Display with Punch Hole",64 MP Quad Rear & 13 MP Front Camera,"Memory Card Supported, upto 512 GB",Android v11
166,169,realme,Realme 10 (8GB RAM + 128GB),16999,79.0,"Dual Sim, 3G, 4G, VoLTE, Wi-Fi",False,False,False,"Helio G99, Octa Core, 2.2 GHz Processor",Helio G99,helio,Octa Core, 2.2 GHz Processor,"8 GB RAM, 128 GB inbuilt",5000 mAh Battery with 33W Fast Charging,"6.4 inches, 1080 x 2400 px, 90 Hz Display with Punch Hole",50 MP + 2 MP Dual Rear & 16 MP Front Camera,"Memory Card Supported, upto 1 TB",Android v12
167,170,iqoo,iQOO 9 SE 5G,30990,83.0,"Dual Sim, 3G, 4G, 5G, VoLTE, Wi-Fi, NFC",True,True,False,"Snapdragon  888 , Octa Core, 2.84 GHz Processor",Snapdragon  888,snapdragon,Octa Core, 2.84 GHz Processor,"8 GB RAM, 128 GB inbuilt",4500 mAh Battery with 66W Fast Charging,"6.62 inches, 1080 x 2400 px, 120 Hz Display with Punch Hole",48 MP + 13 MP + 2 MP Triple Rear & 16 MP Front Camera,Memory Card Not Supported,
168,171,infinix,Infinix Hot 20,17999,75.0,"Dual Sim, 3G, 4G, 5G, VoLTE, Wi-Fi",True,False,False,"Dimensity 810, Octa Core, 2.4 GHz Processor",Dimensity 810,dimensity,Octa Core, 2.4 GHz Processor,"4 GB RAM, 64 GB inbuilt",5000 mAh Battery with 18W Fast Charging,"6.6 inches, 1080 x 2408 px, 120 Hz Display with Water Drop Notch",50 MP Dual Rear & 8 MP Front Camera,"Memory Card Supported, upto 1 TB",Android v12
169,172,letv,Letv Y1 Pro,5499,,"Dual Sim, 3G, 4G, VoLTE, Wi-Fi",False,False,False,"Tiger T310, Quad Core, 2 GHz Processor",Tiger T310,tiger,Quad Core, 2 GHz Processor,"4 GB RAM, 32 GB inbuilt",4000 mAh Battery,"6.54 inches, 720 x 1560 px Display with Small Notch",8 MP + Depth Sensor Dual Rear & 5 MP Front Camera,Memory Card Not Supported,
170,173,xiaomi,Xiaomi Redmi Note 13 Pro Max 5G,20499,83.0,"Dual Sim, 3G, 4G, 5G, VoLTE, Wi-Fi, IR Blaster",True,False,True,"Snapdragon  7 Gen1, Octa Core, 2.36 GHz Processor",Snapdragon  7 Gen1,snapdragon,Octa Core, 2.36 GHz Processor,"6 GB RAM, 128 GB inbuilt",5200 mAh Battery with 67W Fast Charging,"6.67 inches, 1080 x 2460 px, 120 Hz Display with Punch Hole",108 MP Quad Rear & 32 MP Front Camera,"Memory Card Supported, upto 512 GB",Android v12
171,174,realme,Realme Narzo 50 Pro 5G,20490,81.0,"Dual Sim, 3G, 4G, 5G, VoLTE, Wi-Fi",True,False,False,"Dimensity  920 5G, Octa Core, 2.5 GHz Processor",Dimensity  920 5G,dimensity,Octa Core, 2.5 GHz Processor,"6 GB RAM, 128 GB inbuilt",5000 mAh Battery with 33W Fast Charging,"6.4 inches, 1080 x 2400 px, 90 Hz Display with Punch Hole",48 MP + 8 MP + 2 MP Triple Rear & 16 MP Front Camera,"Memory Card (Hybrid), upto 256 GB",Android v12
172,175,oppo,OPPO A74 5G,15490,77.0,"Dual Sim, 3G, 4G, 5G, VoLTE, Wi-Fi",True,False,False,"Snapdragon  480 , Octa Core, 2 GHz Processor",Snapdragon  480,snapdragon,Octa Core, 2 GHz Processor,"6 GB RAM, 128 GB inbuilt",5000 mAh Battery with 18W Fast Charging,"6.5 inches, 1080 x 2400 px, 90 Hz Display with Punch Hole",48 MP + 2 MP + 2 MP Triple Rear & 8 MP Front Camera,Memory Card Supported,Android v11
173,176,apple,Apple iPhone 9,29990,61.0,"Single Sim, 3G, 4G, VoLTE, Wi-Fi, NFC",False,True,False,"A13 Bionic, Hexa Core, 2.65 GHz Processor",A13 Bionic,a13,Hexa Core, 2.65 GHz Processor,"3 GB RAM, 64 GB inbuilt",2050 mAh Battery with Fast Charging,"4.7 inches, 750 x 1334 px Display with Large Notch",12 MP Rear & 7 MP Front Camera,Memory Card Not Supported,iOS v13.0
174,177,iqoo,iQOO Z6 Lite (6GB RAM + 128GB),15499,79.0,"Dual Sim, 3G, 4G, 5G, VoLTE, Wi-Fi",True,False,False,"Snapdragon  4 Gen 1, Octa Core, 2 GHz Processor",Snapdragon  4 Gen 1,snapdragon,Octa Core, 2 GHz Processor,"6 GB RAM, 128 GB inbuilt",5000 mAh Battery with 18W Fast Charging,"6.58 inches, 1080 x 2408 px, 120 Hz Display with Water Drop Notch",50 MP + 2 MP Dual Rear & 8 MP Front Camera,"Memory Card (Hybrid), upto 1 TB",Android v12
175,178,xiaomi,Xiaomi Redmi Note 11SE,11999,80.0,"Dual Sim, 3G, 4G, VoLTE, Wi-Fi, IR Blaster",False,False,True,"Helio G95, Octa Core, 2.05 GHz Processor",Helio G95,helio,Octa Core, 2.05 GHz Processor,"6 GB RAM, 64 GB inbuilt",5000 mAh Battery with 33W Fast Charging,"6.43 inches, 1080 x 2400 px Display with Punch Hole",64 MP Quad Rear & 13 MP Front Camera,"Memory Card Supported, upto 512 GB",Android v11
176,179,realme,Realme Narzo 50,10999,74.0,"Dual Sim, 3G, 4G, VoLTE, Wi-Fi",False,False,False,"Helio G96, Octa Core, 2 GHz Processor",Helio G96,helio,Octa Core, 2 GHz Processor,"4 GB RAM, 64 GB inbuilt",5000 mAh Battery with 33W Fast Charging,"6.6 inches, 1080 x 2412 px, 120 Hz Display with Punch Hole",50 MP + 2 MP + 2 MP Triple Rear & 16 MP Front Camera,"Memory Card Supported, upto 256 GB",Android v11
177,180,vivo,Vivo Y75 5G,21990,82.0,"Dual Sim, 3G, 4G, 5G, VoLTE, Wi-Fi",True,False,False,"Dimensity  700 5G, Octa Core, 2.2 GHz Processor",Dimensity  700 5G,dimensity,Octa Core, 2.2 GHz Processor,"8 GB RAM, 128 GB inbuilt",5000 mAh Battery with 18W Fast Charging,"6.58 inches, 1080 x 2408 px Display with Water Drop Notch",50 MP + 2 MP + 2 MP Triple Rear & 16 MP Front Camera,Memory Card (Hybrid),Android v12
178,181,vivo,Vivo V25 (12GB RAM + 256GB),31999,85.0,"Dual Sim, 3G, 4G, 5G, VoLTE, Wi-Fi",True,False,False,"Dimensity  900, Octa Core, 2 GHz Processor",Dimensity  900,dimensity,Octa Core, 2 GHz Processor,"12 GB RAM, 256 GB inbuilt",4500 mAh Battery with 44W Fast Charging,"6.44 inches, 1080 x 2408 px, 90 Hz Display with Water Drop Notch",64 MP + 8 MP + 2 MP Triple Rear & 50 MP Front Camera,"Memory Card (Hybrid), upto 1 TB",Android v12
179,182,poco,POCO M4 Pro 4G,11999,77.0,"Dual Sim, 3G, 4G, VoLTE, Wi-Fi, IR Blaster",False,False,True,"Helio G96, Octa Core, 2.05 GHz Processor",Helio G96,helio,Octa Core, 2.05 GHz Processor,"6 GB RAM, 64 GB inbuilt",5000 mAh Battery with 33W Fast Charging,"6.43 inches, 1080 x 2400 px, 90 Hz Display with Punch Hole",64 MP + 8 MP + 2 MP Triple Rear & 16 MP Front Camera,"Memory Card Supported, upto 1 TB",Android v11
180,183,infinix,Infinix Zero Ultra,36999,89.0,"Dual Sim, 3G, 4G, 5G, VoLTE, Wi-Fi",True,False,False,"Dimensity 920 5G, Octa Core, 2.5 GHz Processor",Dimensity 920 5G,dimensity,Octa Core, 2.5 GHz Processor,"8 GB RAM, 256 GB inbuilt",4500 mAh Battery with 180W Fast Charging,"6.8 inches, 1080 x 2400 px, 120 Hz Display with Punch Hole",200 MP + 13 MP + 2 MP Triple Rear & 32 MP Front Camera,Memory Card Supported,Android v12
181,184,tecno,Tecno Spark Go 2023,6999,62.0,"Dual Sim, 3G, 4G, VoLTE, Wi-Fi",False,False,False,"Helio A22, Quad Core, 2 GHz Processor",Helio A22,helio,Quad Core, 2 GHz Processor,"3 GB RAM, 32 GB inbuilt",5000 mAh Battery with 10W Fast Charging,"6.56 inches, 720 x 1600 px Display with Water Drop Notch",13 MP Dual Rear & 5 MP Front Camera,"Memory Card Supported, upto 256 GB",Android v12
182,185,motorola,Motorola Moto X40,39999,89.0,"Dual Sim, 3G, 4G, 5G, VoLTE, Wi-Fi, NFC",True,True,False,"Snapdragon 8 Gen2, Octa Core, 3.2 GHz Processor",Snapdragon 8 Gen2,snapdragon,Octa Core, 3.2 GHz Processor,"8 GB RAM, 128 GB inbuilt",4600 mAh Battery with 125W Fast Charging,"6.7 inches, 1080 x 2400 px, 165 Hz Display",50 MP + 50 MP + 12 MP Triple Rear & 60 MP Front Camera,Memory Card Not Supported,
183,186,samsung,Samsung Galaxy F24 5G,14999,78.0,"Dual Sim, 3G, 4G, 5G, VoLTE, Wi-Fi, NFC",True,True,False,"Snapdragon  695, Octa Core, 2.2 GHz Processor",Snapdragon  695,snapdragon,Octa Core, 2.2 GHz Processor,"4 GB RAM, 128 GB inbuilt",5000 mAh Battery with 25W Fast Charging,"6.6 inches, 1080 x 2408 px, 120 Hz Display with Water Drop Notch",50 MP + 8 MP + 2 MP Triple Rear & 8 MP Front Camera,"Memory Card Supported, upto 1 TB",Android v12
184,187,realme,Realme 10 5G,14499,79.0,"Dual Sim, 3G, 4G, 5G, VoLTE, Wi-Fi",True,False,False,"Dimensity  700 5G, Octa Core, 2.2 GHz Processor",Dimensity  700 5G,dimensity,Octa Core, 2.2 GHz Processor,"8 GB RAM, 128 GB inbuilt",5000 mAh Battery with 33W Fast Charging,"6.6 inches, 1080 x 2408 px, 90 Hz Display with Water Drop Notch",50 MP + 2 MP Triple Rear & 8 MP Front Camera,"Memory Card Supported, upto 1 TB",Android v12
185,188,oneplus,OnePlus Nord 3 5G,27999,84.0,"Dual Sim, 3G, 4G, 5G, VoLTE, Wi-Fi, NFC",True,True,False,"Dimensity  8200, Octa Core, 3.1 GHz Processor",Dimensity  8200,dimensity,Octa Core, 3.1 GHz Processor,"8 GB RAM, 128 GB inbuilt",4200 mAh Battery with 120W Fast Charging,"6.43 inches, 1080 x 2400 px, 90 Hz Display with Punch Hole",50 MP + 12 MP + 5 MP Triple Rear & 32 MP Front Camera,Memory Card Not Supported,
186,189,motorola,Motorola Moto G82 (8GB RAM + 128GB),20499,86.0,"Dual Sim, 3G, 4G, 5G, VoLTE, Wi-Fi, NFC",True,True,False,"Snapdragon 695, Octa Core, 2.2 GHz Processor",Snapdragon 695,snapdragon,Octa Core, 2.2 GHz Processor,"8 GB RAM, 128 GB inbuilt",5000 mAh Battery with 30W Fast Charging,"6.6 inches, 1080 x 2400 px, 120 Hz Display with Punch Hole",50 MP + 8 MP + 2 MP Triple Rear & 16 MP Front Camera,"Memory Card Supported, upto 1 TB",Android v12
187,190,ikall,iKall Z19 Pro,8099,60.0,"Dual Sim, 3G, 4G, VoLTE, Wi-Fi",False,False,False,"Quad Core, 1.6 GHz Processor",,quad,Quad Core, 1.6 GHz Processor,"4 GB RAM, 64 GB inbuilt",5000 mAh Battery,"6.5 inches, 720 x 1600 px Display with Water Drop Notch",13 MP Rear & 8 MP Front Camera,"Memory Card (Hybrid), upto 128 GB",Android v11.0
188,191,leeco,LeEco S1 Pro,10999,65.0,"Dual Sim, 3G, 4G, VoLTE, Wi-Fi",False,False,False,"Tiger T7150, Quad Core, 1.8 GHz Processor",Tiger T7150,tiger,Quad Core, 1.8 GHz Processor,"8 GB RAM, 128 GB inbuilt",5000 mAh Battery with 10W Fast Charging,"6.5 inches, 720 x 1600 px Display with Small Notch",13 MP + Depth Sensor Dual Rear & 5 MP Front Camera,Memory Card Not Supported,
189,192,realme,Realme C2s,3499,63.0,"Dual Sim, 3G, 4G, VoLTE, Wi-Fi",False,False,False,"Helio  P22 , Octa Core, 2 GHz Processor",Helio  P22,helio,Octa Core, 2 GHz Processor,"3 GB RAM, 32 GB inbuilt",4000 mAh Battery,"6.1 inches, 720 x 1560 px Display with Water Drop Notch",13 MP + 2 MP Dual Rear & 5 MP Front Camera,"Memory Card Supported, upto 128 GB",Android v9.0 (Pie)
190,193,duoqin,Duoqin F22 Pro,9990,,"Dual Sim, 3G, 4G, VoLTE, Wi-Fi",False,False,False,"Helio  G85, Octa Core, 2 GHz Processor",Helio  G85,helio,Octa Core, 2 GHz Processor,"4 GB RAM, 64 GB inbuilt",2150 mAh Battery,"3.54 inches, 640 x 960 px Display",8 MP Rear & 2 MP Front Camera,Memory Card Supported,Android v12
191,194,samsung,Samsung Galaxy M54 5G,34999,85.0,"Dual Sim, 3G, 4G, 5G, VoLTE, Wi-Fi",True,False,False,"Snapdragon 888, Octa Core, 2.84 GHz Processor",Snapdragon 888,snapdragon,Octa Core, 2.84 GHz Processor,"6 GB RAM, 128 GB inbuilt",6000 mAh Battery with 25W Fast Charging,"6.67 inches, 1080 x 2412 px, 90 Hz Display with Punch Hole",64 MP + 12 MP + 5 MP Triple Rear & 32 MP Front Camera,"Memory Card (Hybrid), upto 1 TB",Android v12
192,195,nokia,Nokia N73 5G,46999,,"Dual Sim, 3G, 4G, 5G, VoLTE, Wi-Fi",True,False,False,"Snapdragon  8 Gen1, Octa Core, 3 GHz Processor",Snapdragon  8 Gen1,snapdragon,Octa Core, 3 GHz Processor,"12 GB RAM, 256 GB inbuilt",6000 mAh Battery with 65W Fast Charging,"6.9 inches, 1400 x 3200 px, 120 Hz Display with Punch Hole",200 MP Penta Rear & 32 MP Front Camera,Memory Card Supported,Android v12.1
193,196,motorola,Motorola Edge 30 Fusion 5G,39999,88.0,"Dual Sim, 3G, 4G, 5G, VoLTE, Wi-Fi, NFC",True,True,False,"Snapdragon 888+, Octa Core, 2.9 GHz Processor",Snapdragon 888+,snapdragon,Octa Core, 2.9 GHz Processor,"8 GB RAM, 128 GB inbuilt",4400 mAh Battery with 68W Fast Charging,"6.55 inches, 1080 x 2400 px, 144 Hz Display with Punch Hole",50 MP + 13 MP + 2 MP Triple Rear & 32 MP Front Camera,Memory Card Not Supported,Android v12
194,197,realme,Realme C35,11828,70.0,"Dual Sim, 3G, 4G, VoLTE, Wi-Fi",False,False,False,"Tiger  T616, Octa Core, 1.8 GHz Processor",Tiger  T616,tiger,Octa Core, 1.8 GHz Processor,"4 GB RAM, 64 GB inbuilt",5000 mAh Battery with 18W Fast Charging,"6.6 inches, 1080 x 2408 px Display with Water Drop Notch",50 MP + 2 MP + 0.3 MP Triple Rear & 8 MP Front Camera,"Memory Card Supported, upto 1 TB",Android v11
195,198,oppo,OPPO Reno 8 Pro House of Dragon Edition,45999,86.0,"Dual Sim, 3G, 4G, 5G, VoLTE, Wi-Fi, NFC",True,True,False,"Dimensity 8100-Max, Octa Core, 2.85 GHz Processor",Dimensity 8100-Max,dimensity,Octa Core, 2.85 GHz Processor,"12 GB RAM, 256 GB inbuilt",4500 mAh Battery with 80W Fast Charging,"6.7 inches, 1080 x 2412 px, 120 Hz Display with Punch Hole",50 MP + 8 MP + 2 MP Triple Rear & 32 MP Front Camera,Memory Card Not Supported,
196,199,oneplus,OnePlus Nord CE 3 Lite 5G,18999,81.0,"Dual Sim, 3G, 4G, 5G, VoLTE, Wi-Fi",True,False,False,"Snapdragon 695, Octa Core, 2.2 GHz Processor",Snapdragon 695,snapdragon,Octa Core, 2.2 GHz Processor,"6 GB RAM, 128 GB inbuilt",5000 mAh Battery with 33W Fast Charging,"6.59 inches, 1080 x 2412 px, 120 Hz Display with Punch Hole",50 MP + 2 MP + 2 MP Triple Rear & 16 MP Front Camera,"Memory Card (Hybrid), upto 1 TB",Android v12
197,200,poco,Poco X4 Pro 5G (8GB RAM + 128GB),17999,84.0,"Dual Sim, 3G, 4G, 5G, VoLTE, Wi-Fi, IR Blaster",True,False,True,"Snapdragon 695 , Octa Core, 2.2 GHz Processor",Snapdragon 695,snapdragon,Octa Core, 2.2 GHz Processor,"8 GB RAM, 128 GB inbuilt",5000 mAh Battery with 67W Fast Charging,"6.67 inches, 1080 x 2400 px, 120 Hz Display with Punch Hole",64 MP + 8 MP + 2 MP Triple Rear & 16 MP Front Camera,"Memory Card (Hybrid), upto 1 TB",Android v11
198,201,samsung,Samsung Galaxy M04,8499,66.0,"Dual Sim, 3G, 4G, VoLTE, Wi-Fi",False,False,False,"Helio P35, Octa Core, 2.3 GHz Processor",Helio P35,helio,Octa Core, 2.3 GHz Processor,"4 GB RAM, 64 GB inbuilt",5000 mAh Battery with 15W Fast Charging,"6.5 inches, 720 x 1600 px Display with Water Drop Notch",13 MP + 2 MP Dual Rear & 5 MP Front Camera,"Memory Card Supported, upto 1 TB",Android v12
199,202,oppo,OPPO A77s,17999,76.0,"Dual Sim, 3G, 4G, VoLTE, Wi-Fi",False,False,False,"Snapdragon 680, Octa Core, 2.4 GHz Processor",Snapdragon 680,snapdragon,Octa Core, 2.4 GHz Processor,"8 GB RAM, 128 GB inbuilt",5000 mAh Battery with 33W Fast Charging,"6.56 inches, 720 x 1600 px, 90 Hz Display with Water Drop Notch",50 MP + 2 MP Dual Rear & 8 MP Front Camera,Memory Card Supported,Android v12
200,203,samsung,Samsung Galaxy A13,14450,75.0,"Dual Sim, 3G, 4G, VoLTE, Wi-Fi",False,False,False,"Octa Core, 2 GHz Processor",,octa,Octa Core, 2 GHz Processor,"4 GB RAM, 64 GB inbuilt",5000 mAh Battery with 25W Fast Charging,"6.6 inches, 1080 x 2408 px Display with Water Drop Notch",50 MP Quad Rear & 8 MP Front Camera,"Memory Card Supported, upto 1 TB",Android v12
201,204,motorola,Motorola Edge 30 Ultra,54999,,"Dual Sim, 3G, 4G, 5G, VoLTE, Wi-Fi, NFC",True,True,False,"Snapdragon 8+ Gen1, Octa Core, 3.2 GHz Processor",Snapdragon 8+ Gen1,snapdragon,Octa Core, 3.2 GHz Processor,"8 GB RAM, 128 GB inbuilt",4610 mAh Battery with 125W Fast Charging,"6.67 inches, 1080 x 2400 px, 144 Hz Display with Punch Hole",200 MP + 50 MP + 12 MP Triple Rear & 60 MP Front Camera,Memory Card Not Supported,
202,205,xiaomi,Xiaomi 13 Ultra 5G,71999,,"Dual Sim, 3G, 4G, 5G, VoLTE, Wi-Fi, NFC, IR Blaster",True,True,True,"Snapdragon 8 Gen2, Octa Core, 3.2 GHz Processor",Snapdragon 8 Gen2,snapdragon,Octa Core, 3.2 GHz Processor,"12 GB RAM, 256 GB inbuilt",5000 mAh Battery with 120W Fast Charging,"6.6 inches, 1440 x 3200 px, 120 Hz Display with Punch Hole",108 MP Quad Rear & 32 MP Front Camera,Memory Card Not Supported,
203,206,motorola,Motorola Moto G52 (6GB RAM + 128GB),12999,79.0,"Dual Sim, 3G, 4G, VoLTE, Wi-Fi, NFC",False,True,False,"Snapdragon 680, Octa Core, 2.4 GHz Processor",Snapdragon 680,snapdragon,Octa Core, 2.4 GHz Processor,"6 GB RAM, 128 GB inbuilt",5000 mAh Battery with 33W Fast Charging,"6.6 inches, 2460 x 1080 px, 90 Hz Display with Punch Hole",50 MP + 8 MP + 2 MP Triple Rear & 16 MP Front Camera,Memory Card (Hybrid),Android v12
204,207,poco,Poco M4 5G,11499,75.0,"Dual Sim, 3G, 4G, 5G, VoLTE, Wi-Fi, IR Blaster",True,False,True,"Dimensity 700 5G, Octa Core, 2.2 GHz Processor",Dimensity 700 5G,dimensity,Octa Core, 2.2 GHz Processor,"4 GB RAM, 64 GB inbuilt",5000 mAh Battery with 18W Fast Charging,"6.58 inches, 1080 x 2400 px, 90 Hz Display with Water Drop Notch",50 MP + 2 MP Dual Rear & 8 MP Front Camera,"Memory Card Supported, upto 512 GB",Android v12
205,208,nothing,Nothing Phone 1 (12GB RAM + 256GB),35999,87.0,"Dual Sim, 3G, 4G, 5G, VoLTE, Wi-Fi, NFC",True,True,False,"Snapdragon 778G Plus, Octa Core, 2.5 GHz Processor",Snapdragon 778G Plus,snapdragon,Octa Core, 2.5 GHz Processor,"12 GB RAM, 256 GB inbuilt",4500 mAh Battery with 33W Fast Charging,"6.55 inches, 1080 x 2400 px, 120 Hz Display with Punch Hole",50 MP + 50 MP Dual Rear & 16 MP Front Camera,Memory Card Not Supported,
206,209,samsung,Samsung Galaxy A54 5G,34999,76.0,"Dual Sim, 3G, 4G, 5G, VoLTE, Wi-Fi, NFC",True,True,False,"Exynos 1380, Octa Core Processor",Exynos 1380,exynos,Octa Core,,"6 GB RAM, 128 GB inbuilt",5000 mAh Battery with 25W Fast Charging,"6.4 inches, 1080 x 2400 px, 120 Hz Display with Punch Hole",50 MP + 12 MP + 5 MP Triple Rear & 32 MP Front Camera,"Memory Card Supported, upto 1 TB",Android v13
207,210,tecno,Tecno Pova 4,11999,73.0,"Dual Sim, 3G, 4G, VoLTE, Wi-Fi",False,False,False,"Helio G99, Octa Core, 2.2 GHz Processor",Helio G99,helio,Octa Core, 2.2 GHz Processor,"8 GB RAM, 128 GB inbuilt",6000 mAh Battery with 18W Fast Charging,"6.82 inches, 720 x 1600 px, 90 Hz Display with Water Drop Notch",50 MP Dual Rear & 8 MP Front Camera,"Memory Card Supported, upto 512 GB",Android v12
208,211,xiaomi,Xiaomi Redmi Note 12 Pro (8GB RAM + 256GB),27994,82.0,"Dual Sim, 3G, 4G, 5G, VoLTE, Wi-Fi, IR Blaster",True,False,True,"Dimensity 1080, Octa Core, 2.6 GHz Processor",Dimensity 1080,dimensity,Octa Core, 2.6 GHz Processor,"8 GB RAM, 256 GB inbuilt",5000 mAh Battery with 67W Fast Charging,"6.67 inches, 1080 x 2400 px, 120 Hz Display with Punch Hole",50 MP + 8 MP + 2 MP Triple Rear & 16 MP Front Camera,Memory Card Not Supported,
209,212,apple,Apple iPhone 14 Pro Max (256GB),139990,77.0,"Dual Sim, 3G, 4G, 5G, VoLTE, Wi-Fi, NFC",True,True,False,"Bionic  A16, Hexa Core Processor",Bionic  A16,bionic,Hexa Core,,"6 GB RAM, 256 GB inbuilt",4323 mAh Battery with Fast Charging,"6.7 inches, 1290 x 2796 px, 120 Hz Display",48 MP + 12 MP + 12 MP Triple Rear & 12 MP Front Camera,Memory Card Not Supported,iOS v16
210,213,vivo,Vivo V25 Pro (12GB RAM + 256GB),39999,86.0,"Dual Sim, 3G, 4G, 5G, VoLTE, Wi-Fi",True,False,False,"Dimensity 1300, Octa Core, 3 GHz Processor",Dimensity 1300,dimensity,Octa Core, 3 GHz Processor,"12 GB RAM, 256 GB inbuilt",4830 mAh Battery with 66W Fast Charging,"6.56 inches, 1080 x 2376 px, 120 Hz Display with Punch Hole",64 MP + 8 MP + 2 MP Triple Rear & 32 MP Front Camera,Memory Card Not Supported,
211,214,realme,Realme 9 5G (6GB RAM + 128GB),15499,79.0,"Dual Sim, 3G, 4G, 5G, VoLTE, Wi-Fi",True,False,False,"Dimensity  810 5G, Octa Core, 2.4 GHz Processor",Dimensity  810 5G,dimensity,Octa Core, 2.4 GHz Processor,"6 GB RAM, 128 GB inbuilt",5000 mAh Battery with 18W Fast Charging,"6.5 inches, 1080 x 2400 px, 90 Hz Display with Punch Hole",48 MP + 2 MP + 2 MP Triple Rear & 16 MP Front Camera,"Memory Card Supported, upto 1 TB",Android v11
212,215,realme,Realme 9 Pro 5G,18999,80.0,"Dual Sim, 3G, 4G, 5G, VoLTE, Wi-Fi",True,False,False,"Snapdragon  695, Octa Core, 2.2 GHz Processor",Snapdragon  695,snapdragon,Octa Core, 2.2 GHz Processor,"6 GB RAM, 128 GB inbuilt",5000 mAh Battery with 33W Fast Charging,"6.6 inches, 1080 x 2412 px, 120 Hz Display with Punch Hole",64 MP + 8 MP + 2 MP Triple Rear & 16 MP Front Camera,"Memory Card Supported, upto 256 GB",Android v12
213,216,lava,Lava Blaze 5G,10999,73.0,"Dual Sim, 3G, 4G, 5G, VoLTE, Wi-Fi",True,False,False,"Dimensity 700 5G, Octa Core, 2.2 GHz Processor",Dimensity 700 5G,dimensity,Octa Core, 2.2 GHz Processor,"4 GB RAM, 128 GB inbuilt",5000 mAh Battery,"6.5 inches, 1600 x 720 px, 90 Hz Display with Water Drop Notch",50 MP + 2 MP Triple Rear & 8 MP Front Camera,"Memory Card Supported, upto 1 TB",Android v12
214,217,honor,Honor X9a,27999,81.0,"Dual Sim, 3G, 4G, 5G, VoLTE, Wi-Fi, NFC, IR Blaster",True,True,True,"Snapdragon 695, Octa Core, 2.2 GHz Processor",Snapdragon 695,snapdragon,Octa Core, 2.2 GHz Processor,"8 GB RAM, 256 GB inbuilt",5100 mAh Battery with 40W Fast Charging,"6.67 inches, 1080 x 2400 px, 120 Hz Display with Punch Hole",64 MP + 5 MP + 2 MP Triple Rear & 16 MP Front Camera,Memory Card Not Supported,
215,218,google,Google Pixel 7 Pro 5G,81999,,"Dual Sim, 3G, 4G, 5G, VoLTE, Wi-Fi, NFC",True,True,False,"Google  Tensor G2, Octa Core, 2.85 GHz Processor",Google  Tensor G2,google,Octa Core, 2.85 GHz Processor,"12 GB RAM, 128 GB inbuilt",5000 mAh Battery with 30W Fast Charging,"6.7 inches, 1440 x 3120 px, 120 Hz Display with Punch Hole",50 MP + 48 MP + 12 MP Triple Rear & 10.8 MP Front Camera,Memory Card Not Supported,
216,219,tecno,Tecno Pova 3,9999,74.0,"Dual Sim, 3G, 4G, VoLTE, Wi-Fi",False,False,False,"Helio G88, Octa Core, 2 GHz Processor",Helio G88,helio,Octa Core, 2 GHz Processor,"4 GB RAM, 64 GB inbuilt",7000 mAh Battery with 33W Fast Charging,"6.95 inches, 1080 x 2460 px, 90 Hz Display with Punch Hole",50 MP + 2 MP + 2 MP Triple Rear & 8 MP Front Camera,"Memory Card Supported, upto 256 GB",Android v11
217,220,vivo,Vivo V23 Pro 5G,31994,85.0,"Dual Sim, 3G, 4G, 5G, VoLTE, Wi-Fi",True,False,False,"Dimensity 1200, Octa Core, 3 GHz Processor",Dimensity 1200,dimensity,Octa Core, 3 GHz Processor,"8 GB RAM, 128 GB inbuilt",4300 mAh Battery with 44W Fast Charging,"6.56 inches, 1080 x 2376 px, 90 Hz Display with Small Notch",108 MP + 8 MP + 2 MP Triple Rear & 50 MP + 8 MP Dual Front Camera,Memory Card Not Supported,Android v12
218,221,samsung,Samsung Galaxy A04e,9299,65.0,"Dual Sim, 3G, 4G, VoLTE, Wi-Fi",False,False,False,"Helio P35, Octa Core, 2.3 GHz Processor",Helio P35,helio,Octa Core, 2.3 GHz Processor,"3 GB RAM, 32 GB inbuilt",5000 mAh Battery,"6.5 inches, 720 x 1600 px Display with Water Drop Notch",13 MP + 2 MP Dual Rear & 5 MP Front Camera,"Memory Card Supported, upto 1 TB",Android v12
219,222,xiaomi,Xiaomi Redmi K60,29990,84.0,"Dual Sim, 3G, 4G, 5G, VoLTE, Wi-Fi, NFC, IR Blaster",True,True,True,"Snapdragon  8+ Gen1, Octa Core, 3.2 GHz Processor",Snapdragon  8+ Gen1,snapdragon,Octa Core, 3.2 GHz Processor,"8 GB RAM, 128 GB inbuilt",5500 mAh Battery with 67W Fast Charging,"6.67 inches, 1440 x 3200 px, 120 Hz Display with Punch Hole",64 MP + 8 MP + 2 MP Triple Rear & 16 MP Front Camera,Memory Card Not Supported,
220,223,realme,Realme 9 Pro Plus 5G,25900,78.0,"Dual Sim, 3G, 4G, 5G, VoLTE, Wi-Fi",True,False,False,"Dimensity  920 5G, Octa Core, 2.5 GHz Processor",Dimensity  920 5G,dimensity,Octa Core, 2.5 GHz Processor,"6 GB RAM, 128 GB inbuilt",4500 mAh Battery with 60W Fast Charging,"6.4 inches, 1080 x 2400 px, 90 Hz Display with Punch Hole",50 MP + 8 MP + 2 MP Triple Rear & 16 MP Front Camera,Memory Card Not Supported,Android v12
221,224,realme,Realme 9i 5G (6GB RAM + 128GB),16999,78.0,"Dual Sim, 3G, 4G, 5G, VoLTE, Wi-Fi",True,False,False,"Dimensity 810 5G, Octa Core, 2.4 GHz Processor",Dimensity 810 5G,dimensity,Octa Core, 2.4 GHz Processor,"6 GB RAM, 128 GB inbuilt",5000 mAh Battery with 18W Fast Charging,"6.6 inches, 1080 x 2408 px, 90 Hz Display with Punch Hole",50 MP + 2 MP + 2 MP Triple Rear & 8 MP Front Camera,"Memory Card Supported, upto 1 TB",Android v12
222,225,motorola,Motorola Edge 30 5G (8GB RAM + 128GB),24999,85.0,"Dual Sim, 3G, 4G, 5G, VoLTE, Wi-Fi, NFC",True,True,False,"Snapdragon 778G+, Octa Core, 2.5 GHz Processor",Snapdragon 778G+,snapdragon,Octa Core, 2.5 GHz Processor,"8 GB RAM, 128 GB inbuilt",4020 mAh Battery with 33W Fast Charging,"6.5 inches, 1080 x 2400 px, 144 Hz Display with Punch Hole",50 MP + 50 MP + 2 MP Triple Rear & 32 MP Front Camera,Memory Card Not Supported,
223,226,xiaomi,Xiaomi Redmi Note 11 (6GB RAM + 64GB),12188,79.0,"Dual Sim, 3G, 4G, VoLTE, Wi-Fi, IR Blaster",False,False,True,"Snapdragon  680, Octa Core, 2.4 GHz Processor",Snapdragon  680,snapdragon,Octa Core, 2.4 GHz Processor,"6 GB RAM, 64 GB inbuilt",5000 mAh Battery with 33W Fast Charging,"6.43 inches, 1080 x 2400 px, 90 Hz Display with Punch Hole",50 MP Quad Rear & 13 MP Front Camera,"Memory Card Supported, upto 512 GB",Android v11
224,227,vivo,Vivo Y02,8999,,"Dual Sim, 3G, 4G, VoLTE, Wi-Fi",False,False,False,"Helio, Octa Core Processor",Helio,helio,Octa Core,,"3 GB RAM, 32 GB inbuilt",5000 mAh Battery with 10W Fast Charging,"6.51 inches, 720 x 1600 px Display with Water Drop Notch",8 MP Rear & 5 MP Front Camera,"Memory Card Supported, upto 1 TB",Android v12
225,228,poco,POCO C31 (4GB RAM + 64GB),7499,68.0,"Dual Sim, 3G, 4G, VoLTE, Wi-Fi",False,False,False,"Helio G35, Octa Core, 2.3 GHz Processor",Helio G35,helio,Octa Core, 2.3 GHz Processor,"4 GB RAM, 64 GB inbuilt",5000 mAh Battery,"6.53 inches, 720 x 1600 px Display with Water Drop Notch",13 MP + 2 MP + 2 MP Triple Rear & 5 MP Front Camera,"Memory Card Supported, upto 512 GB",Android v10
226,229,realme,Realme Narzo 50 5G,17999,79.0,"Dual Sim, 3G, 4G, 5G, VoLTE, Wi-Fi",True,False,False,"Dimensity 810 5G, Octa Core, 2.4 GHz Processor",Dimensity 810 5G,dimensity,Octa Core, 2.4 GHz Processor,"6 GB RAM, 128 GB inbuilt",5000 mAh Battery with 33W Fast Charging,"6.6 inches, 1080 x 2400 px, 90 Hz Display with Punch Hole",48 MP + 2 MP + 2 MP Triple Rear & 16 MP Front Camera,"Memory Card Supported, upto 1 TB",Android v11
227,230,realme,Realme GT Neo 3T,24999,79.0,"Dual Sim, 3G, 4G, 5G, VoLTE, Wi-Fi",True,False,False,"Snapdragon 870, Octa Core, 3.2 GHz Processor",Snapdragon 870,snapdragon,Octa Core, 3.2 GHz Processor,"6 GB RAM, 128 GB inbuilt",5000 mAh Battery with 80W Fast Charging,"6.62 inches, 1080 x 2400 px, 120 Hz Display with Punch Hole",64 MP + 8 MP + 2 MP Triple Rear & 16 MP Front Camera,Memory Card Not Supported,
228,231,oppo,OPPO Reno 8 Pro 5G,45999,86.0,"Dual Sim, 3G, 4G, 5G, VoLTE, Wi-Fi, NFC",True,True,False,"Dimensity 8100-Max, Octa Core, 2.85 GHz Processor",Dimensity 8100-Max,dimensity,Octa Core, 2.85 GHz Processor,"12 GB RAM, 256 GB inbuilt",4500 mAh Battery with 80W Fast Charging,"6.7 inches, 1080 x 2412 px, 120 Hz Display with Punch Hole",50 MP + 8 MP + 2 MP Triple Rear & 32 MP Front Camera,Memory Card Not Supported,
229,232,oneplus,OnePlus 10 Pro 5G (12GB RAM + 256GB),65499,,"Dual Sim, 3G, 4G, 5G, VoLTE, Wi-Fi, NFC",True,True,False,"Snapdragon  8 Gen1, Octa Core, 3 GHz Processor",Snapdragon  8 Gen1,snapdragon,Octa Core, 3 GHz Processor,"12 GB RAM, 256 GB inbuilt",5000 mAh Battery with 80W Fast Charging,"6.7 inches, 1440 x 3216 px, 120 Hz Display with Punch Hole",50 MP + 48 MP + 8 MP Triple Rear & 32 MP Front Camera,Memory Card Not Supported,
230,233,iqoo,iQOO 11 Pro 5G,58990,89.0,"Dual Sim, 3G, 4G, 5G, VoLTE, Wi-Fi, NFC, IR Blaster",True,True,True,"Snapdragon 8 Gen2, Octa Core, 3.2 GHz Processor",Snapdragon 8 Gen2,snapdragon,Octa Core, 3.2 GHz Processor,"8 GB RAM, 256 GB inbuilt",4700 mAh Battery with 200W Fast Charging,"6.78 inches, 1440 x 3200 px, 144 Hz Display with Punch Hole",50 MP + 50 MP + 13 MP Triple Rear & 16 MP Front Camera,Memory Card Not Supported,
231,234,vivo,Vivo T1x 4G,11999,74.0,"Dual Sim, 3G, 4G, VoLTE, Wi-Fi",False,False,False,"Snapdragon 680, Octa Core, 2.4 GHz Processor",Snapdragon 680,snapdragon,Octa Core, 2.4 GHz Processor,"4 GB RAM, 64 GB inbuilt",5000 mAh Battery with 18W Fast Charging,"6.58 inches, 1080 x 2408 px, 90 Hz Display with Water Drop Notch",50 MP + 2 MP Dual Rear & 8 MP Front Camera,Memory Card Supported,Android v12
232,235,xiaomi,Xiaomi Redmi 10 Power,11999,77.0,"Dual Sim, 3G, 4G, VoLTE, Wi-Fi, IR Blaster",False,False,True,"Snapdragon 680, Octa Core, 2.4 GHz Processor",Snapdragon 680,snapdragon,Octa Core, 2.4 GHz Processor,"8 GB RAM, 128 GB inbuilt",6000 mAh Battery with 18W Fast Charging,"6.7 inches, 720 x 1650 px Display with Punch Hole",50 MP + 2 MP Dual Rear & 5 MP Front Camera,Memory Card Supported,Android v11
233,236,oppo,OPPO A58,18990,76.0,"Dual Sim, 3G, 4G, 5G, VoLTE, Wi-Fi",True,False,False,"Dimensity 700 5G, Octa Core, 2.2 GHz Processor",Dimensity 700 5G,dimensity,Octa Core, 2.2 GHz Processor,"6 GB RAM, 128 GB inbuilt",5000 mAh Battery with 33W Fast Charging,"6.56 inches, 720 x 1612 px, 90 Hz Display with Water Drop Notch",50 MP + 2 MP Dual Rear & 8 MP Front Camera,"Memory Card Supported, upto 1 TB",Android v12
234,237,vivo,Vivo T1 44W,14499,77.0,"Dual Sim, 3G, 4G, VoLTE, Wi-Fi",False,False,False,"Snapdragon 680, Octa Core, 2.4 GHz Processor",Snapdragon 680,snapdragon,Octa Core, 2.4 GHz Processor,"4 GB RAM, 128 GB inbuilt",5000 mAh Battery with 44W Fast Charging,"6.44 inches, 1080 x 2408 px Display with Water Drop Notch",50 MP + 2 MP + 2 MP Triple Rear & 16 MP Front Camera,"Memory Card (Hybrid), upto 1 TB",Android v12
235,238,xiaomi,Xiaomi Mix Fold 2 5G,106990,,"Dual Sim, 3G, 4G, 5G, VoLTE, Wi-Fi, NFC, IR Blaster",True,True,True,"Snapdragon  8+ Gen1 , Octa Core, 3.2 GHz Processor",Snapdragon  8+ Gen1,snapdragon,Octa Core, 3.2 GHz Processor,"12 GB RAM, 256 GB inbuilt",4500 mAh Battery with 67W Fast Charging,"8.02 inches, 1914 x 2160 px, 120 Hz Display with Punch Hole",50 MP + 13 MP + 8 MP Triple Rear & 20 MP Front Camera,Memory Card Not Supported,Android v12
236,239,vivo,Vivo Y16 (3GB RAM + 64GB),10499,66.0,"Dual Sim, 3G, 4G, VoLTE, Wi-Fi",False,False,False,"Helio P35, Octa Core, 2.3 GHz Processor",Helio P35,helio,Octa Core, 2.3 GHz Processor,"3 GB RAM, 64 GB inbuilt",5000 mAh Battery with 10W Fast Charging,"6.51 inches, 720 x 1600 px Display with Water Drop Notch",13 MP + 2 MP Dual Rear & 5 MP Front Camera,Memory Card Supported,Android v12
237,240,oppo,OPPO Reno 8 Z,26990,86.0,"Dual Sim, 3G, 4G, 5G, VoLTE, Wi-Fi, NFC",True,True,False,"Snapdragon  695, Octa Core, 2.2 GHz Processor",Snapdragon  695,snapdragon,Octa Core, 2.2 GHz Processor,"8 GB RAM, 256 GB inbuilt",4500 mAh Battery with 33W Fast Charging,"6.43 inches, 1080 x 2400 px Display with Punch Hole",64 MP + 2 MP + 2 MP Triple Rear & 16 MP Front Camera,"Memory Card Supported, upto 1 TB",Android v12
238,241,vivo,Vivo Y75 4G,19990,82.0,"Dual Sim, 3G, 4G, VoLTE, Wi-Fi",False,False,False,"Helio G96, Octa Core, 2.05 GHz Processor",Helio G96,helio,Octa Core, 2.05 GHz Processor,"8 GB RAM, 128 GB inbuilt",4050 mAh Battery with 44W Fast Charging,"6.44 inches, 1080 x 2400 px Display with Water Drop Notch",50 MP + 8 MP + 2 MP Triple Rear & 44 MP Front Camera,"Memory Card (Hybrid), upto 1 TB",Android v12
239,242,xiaomi,Xiaomi Redmi Note 12 Explorer,24999,89.0,"Dual Sim, 3G, 4G, 5G, VoLTE, Wi-Fi, NFC, IR Blaster",True,True,True,"Dimensity 1080, Octa Core, 2.6 GHz Processor",Dimensity 1080,dimensity,Octa Core, 2.6 GHz Processor,"8 GB RAM, 256 GB inbuilt",4300 mAh Battery with 120W Fast Charging,"6.67 inches, 1080 x 2400 px, 120 Hz Display with Punch Hole",200 MP + 8 MP + 2 MP Triple Rear & 16 MP Front Camera,"Memory Card Supported, upto 512 GB",Android v12
240,243,oppo,OPPO A57 4G (4GB RAM + 64 GB),13969,69.0,"Dual Sim, 3G, 4G, VoLTE, Wi-Fi",False,False,False,"Helio G35, Octa Core, 2.3 GHz Processor",Helio G35,helio,Octa Core, 2.3 GHz Processor,"4 GB RAM, 64 GB inbuilt",5000 mAh Battery with 33W Fast Charging,"6.56 inches, 720 x 1612 px Display with Water Drop Notch",13 MP + 2 MP Dual Rear & 8 MP Front Camera,Memory Card Supported,Android v12
241,244,samsung,Samsung Galaxy A75 5G,44999,83.0,"Dual Sim, 3G, 4G, 5G, VoLTE, Wi-Fi, NFC",True,True,False,"Snapdragon 778G+, Octa Core Processor",Snapdragon 778G+,snapdragon,Octa Core,,"8 GB RAM, 128 GB inbuilt",5000 mAh Battery with 67W Fast Charging,"6.7 inches, 1080 x 2412 px, 120 Hz Display with Punch Hole",108 MP Quad Rear & 32 MP Front Camera,"Memory Card (Hybrid), upto 1 TB",Android v12
242,245,vivo,Vivo T1 Pro 5G (8GB RAM + 128GB),24999,84.0,"Dual Sim, 3G, 4G, 5G, VoLTE, Wi-Fi",True,False,False,"Snapdragon 778G, Octa Core, 2.4 GHz Processor",Snapdragon 778G,snapdragon,Octa Core, 2.4 GHz Processor,"8 GB RAM, 128 GB inbuilt",4700 mAh Battery with 66W Fast Charging,"6.44 inches, 1080 x 2404 px, 90 Hz Display with Water Drop Notch",64 MP + 8 MP + 2 MP Triple Rear & 16 MP Front Camera,"Memory Card (Hybrid), upto 1 TB",Android v12
243,246,google,Google Pixel 7 5G,53100,86.0,"Dual Sim, 3G, 4G, 5G, VoLTE, Wi-Fi, NFC",True,True,False,"Google Tensor G2, Octa Core, 2.85 GHz Processor",Google Tensor G2,google,Octa Core, 2.85 GHz Processor,"8 GB RAM, 128 GB inbuilt",4355 mAh Battery with 30W Fast Charging,"6.3 inches, 1080 x 2400 px, 90 Hz Display with Punch Hole",50 MP + 12 MP Dual Rear & 10.8 MP Front Camera,Memory Card Not Supported,
244,247,xiaomi,Xiaomi Redmi Note 11T 5G (6GB RAM + 128GB),16999,81.0,"Dual Sim, 3G, 4G, 5G, VoLTE, Wi-Fi, IR Blaster",True,False,True,"Dimensity  810 5G, Octa Core, 2.4 GHz Processor",Dimensity  810 5G,dimensity,Octa Core, 2.4 GHz Processor,"6 GB RAM, 128 GB inbuilt",5000 mAh Battery with 33W Fast Charging,"6.6 inches, 1080 x 2400 px, 90 Hz Display with Punch Hole",50 MP + 8 MP Dual Rear & 16 MP Front Camera,"Memory Card (Hybrid), upto 1 TB",Android v11
245,248,oppo,OPPO F21s Pro 4G,21899,82.0,"Dual Sim, 3G, 4G, VoLTE, Wi-Fi",False,False,False,"Snapdragon  680, Octa Core, 2.4 GHz Processor",Snapdragon  680,snapdragon,Octa Core, 2.4 GHz Processor,"8 GB RAM, 128 GB inbuilt",4500 mAh Battery with 33W Fast Charging,"6.43 inches, 1080 x 2400 px, 90 Hz Display with Punch Hole",64 MP + 2 MP + 2 MP Triple Rear & 32 MP Front Camera,"Memory Card Supported, upto 512 GB",Android v12
246,249,apple,Apple iPhone 14 (256GB),75999,82.0,"Dual Sim, 3G, 4G, 5G, VoLTE, Wi-Fi, NFC",True,True,False,"Bionic A15, Hexa Core, 3.22 GHz Processor",Bionic A15,bionic,Hexa Core, 3.22 GHz Processor,"6 GB RAM, 256 GB inbuilt",3279 mAh Battery with Fast Charging,"6.1 inches, 1170 x 2532 px Display with Small Notch",12 MP + 12 MP Dual Rear & 12 MP Front Camera,Memory Card Not Supported,iOS v16
247,250,motorola,Motorola Moto G73,25999,85.0,"Dual Sim, 3G, 4G, 5G, VoLTE, Wi-Fi, NFC",True,True,False,"Dimensity 930, Octa Core, 2.2 GHz Processor",Dimensity 930,dimensity,Octa Core, 2.2 GHz Processor,"8 GB RAM, 256 GB inbuilt",5000 mAh Battery with 30W Fast Charging,"6.5 inches, 1080 x 2400 px, 120 Hz Display with Punch Hole",50 MP + 8 MP Dual Rear & 16 MP Front Camera,Memory Card (Hybrid),Android v13
248,251,nubia,Nubia Red Magic 8 Pro 5G,46990,84.0,"Dual Sim, 3G, 4G, 5G, VoLTE, Wi-Fi, NFC",True,True,False,"Snapdragon 8 Gen2, Octa Core, 3.2 GHz Processor",Snapdragon 8 Gen2,snapdragon,Octa Core, 3.2 GHz Processor,"8 GB RAM, 128 GB inbuilt",6000 mAh Battery with 80W Fast Charging,"6.8 inches, 1116 x 2480 px, 120 Hz Display",50 MP + 8 MP + 2 MP Triple Rear & 16 MP Front Camera,Memory Card Not Supported,
249,252,motorola,Motorola Moto G31,9999,75.0,"Dual Sim, 3G, 4G, VoLTE, Wi-Fi",False,False,False,"Helio  G85, Octa Core, 2 GHz Processor",Helio  G85,helio,Octa Core, 2 GHz Processor,"4 GB RAM, 64 GB inbuilt",5000 mAh Battery with 20W Fast Charging,"6.47 inches, 1080 x 2400 px Display with Punch Hole",50 MP + 8 MP + 2 MP Triple Rear & 13 MP Front Camera,"Memory Card (Hybrid), upto 1 TB",Android v11
250,253,tecno,Tecno Phantom X2 Pro,49999,89.0,"Dual Sim, 3G, 4G, 5G, VoLTE, Wi-Fi, NFC",True,True,False,"Dimensity 9000, Octa Core, 3.05 GHz Processor",Dimensity 9000,dimensity,Octa Core, 3.05 GHz Processor,"12 GB RAM, 256 GB inbuilt",5160 mAh Battery with 45W Fast Charging,"6.8 inches, 1080 x 2400 px, 120 Hz Display with Punch Hole",50 MP + 50 MP + 13 MP Triple Rear & 32 MP Front Camera,Memory Card Not Supported,
251,254,infinix,Infinix Zero 20,17999,87.0,"Dual Sim, 3G, 4G, VoLTE, Wi-Fi, NFC",False,True,False,"Helio G99, Octa Core, 2.2 GHz Processor",Helio G99,helio,Octa Core, 2.2 GHz Processor,"8 GB RAM, 128 GB inbuilt",4500 mAh Battery with 45W Fast Charging,"6.7 inches, 1080 x 2400 px, 90 Hz Display with Water Drop Notch",108 MP + 13 MP + 2 MP Triple Rear & 60 MP Front Camera,"Memory Card Supported, upto 2 TB",Android v12
252,255,iqoo,iQOO Z6 5G (6GB RAM + 128GB),16940,80.0,"Dual Sim, 3G, 4G, 5G, VoLTE, Wi-Fi",True,False,False,"Snapdragon  695 , Octa Core, 2.2 GHz Processor",Snapdragon  695,snapdragon,Octa Core, 2.2 GHz Processor,"6 GB RAM, 128 GB inbuilt",5000 mAh Battery with 18W Fast Charging,"6.58 inches, 1080 x 2408 px, 120 Hz Display with Water Drop Notch",50 MP + 2 MP + 2 MP Triple Rear & 16 MP Front Camera,"Memory Card (Hybrid), upto 1 TB",Android v12
253,256,xiaomi,Xiaomi Redmi Note 11 Pro 5G,17990,81.0,"Dual Sim, 3G, 4G, 5G, VoLTE, Wi-Fi, IR Blaster",True,False,True,"Snapdragon 695, Octa Core, 2.2 GHz Processor",Snapdragon 695,snapdragon,Octa Core, 2.2 GHz Processor,"6 GB RAM, 64 GB inbuilt",5000 mAh Battery with 67W Fast Charging,"6.67 inches, 1080 x 2400 px, 120 Hz Display with Punch Hole",108 MP + 8 MP + 2 MP Triple Rear & 16 MP Front Camera,Memory Card (Hybrid),Android v11
254,257,oppo,OPPO A1 Pro,20990,84.0,"Dual Sim, 3G, 4G, 5G, VoLTE, Wi-Fi, NFC",True,True,False,"Snapdragon 695, Octa Core, 2.2 GHz Processor",Snapdragon 695,snapdragon,Octa Core, 2.2 GHz Processor,"8 GB RAM, 128 GB inbuilt",4800 mAh Battery with 67W Fast Charging,"6.7 inches, 1080 x 2412 px, 120 Hz Display with Punch Hole",108 MP + 2 MP Dual Rear & 16 MP Front Camera,"Memory Card Supported, upto 1 TB",Android v13
255,258,samsung,Samsung Galaxy S22 FE 5G,51999,79.0,"Dual Sim, 3G, 4G, 5G, VoLTE, Wi-Fi, NFC",True,True,False,"Exynos  2300, Octa Core Processor",Exynos  2300,exynos,Octa Core,,"8 GB RAM, 128 GB inbuilt",4200 mAh Battery with 33W Fast Charging,"6.4 inches, 1080 x 2400 px, 120 Hz Display with Punch Hole",12 MP + 12 MP + 8 MP Triple Rear & 32 MP Front Camera,Memory Card Not Supported,Android v12
256,259,samsung,Samsung Galaxy S22 Plus 5G,64449,87.0,"Dual Sim, 3G, 4G, 5G, VoLTE, Wi-Fi, NFC",True,True,False,"Snapdragon  8 Gen1, Octa Core, 3 GHz Processor",Snapdragon  8 Gen1,snapdragon,Octa Core, 3 GHz Processor,"8 GB RAM, 128 GB inbuilt",4500 mAh Battery with 45W Fast Charging,"6.6 inches, 1080 x 2340 px, 120 Hz Display with Punch Hole",50 MP + 12 MP + 10 MP Triple Rear & 10 MP Front Camera,Memory Card Not Supported,
257,260,vivo,Vivo U3x,8990,71.0,"Dual Sim, 3G, 4G, 5G, VoLTE, Wi-Fi",True,False,False,"Snapdragon  480 , Octa Core, 2 GHz Processor",Snapdragon  480,snapdragon,Octa Core, 2 GHz Processor,"6 GB RAM, 64 GB inbuilt",5000 mAh Battery with 18W Fast Charging,"6.58 inches, 1080 x 2408 px, 90 Hz Display with Water Drop Notch",13 MP + 2 MP Dual Rear & 8 MP Front Camera,Memory Card Not Supported,
258,261,motorola,Motorola Moto G23,19999,77.0,"Dual Sim, 3G, 4G, VoLTE, Wi-Fi, NFC",False,True,False,"Helio  G85, Octa Core, 2 GHz Processor",Helio  G85,helio,Octa Core, 2 GHz Processor,"4 GB RAM, 128 GB inbuilt",5000 mAh Battery with 30W Fast Charging,"6.5 inches, 720 x 1600 px, 90 Hz Display with Punch Hole",50 MP + 5 MP + 2 MP Triple Rear & 16 MP Front Camera,"Memory Card Supported, upto 512 GB",Android v13
259,262,poco,Poco M4 5G (6GB RAM + 128GB),13499,79.0,"Dual Sim, 3G, 4G, 5G, VoLTE, Wi-Fi, IR Blaster",True,False,True,"Dimensity 700 5G, Octa Core, 2.2 GHz Processor",Dimensity 700 5G,dimensity,Octa Core, 2.2 GHz Processor,"6 GB RAM, 128 GB inbuilt",5000 mAh Battery with 18W Fast Charging,"6.58 inches, 1080 x 2400 px, 90 Hz Display with Water Drop Notch",50 MP + 2 MP Dual Rear & 8 MP Front Camera,"Memory Card Supported, upto 512 GB",Android v12
260,263,tecno,Tecno Pova 5G,15499,78.0,"Dual Sim, 3G, 4G, 5G, VoLTE, Wi-Fi",True,False,False,"Dimensity 900, Octa Core, 2.4 GHz Processor",Dimensity 900,dimensity,Octa Core, 2.4 GHz Processor,"8 GB RAM, 128 GB inbuilt",6000 mAh Battery with 18W Fast Charging,"6.9 inches, 1080 x 2460 px, 120 Hz Display with Punch Hole",50 MP + 2 MP Triple Rear & 16 MP Front Camera,"Memory Card Supported, upto 512 GB",Android v11
261,264,poco,POCO C31,6499,65.0,"Dual Sim, 3G, 4G, VoLTE, Wi-Fi",False,False,False,"Helio G35, Octa Core, 2.3 GHz Processor",Helio G35,helio,Octa Core, 2.3 GHz Processor,"3 GB RAM, 32 GB inbuilt",5000 mAh Battery,"6.53 inches, 720 x 1600 px Display with Water Drop Notch",13 MP + 2 MP + 2 MP Triple Rear & 5 MP Front Camera,"Memory Card Supported, upto 512 GB",Android v10
262,265,apple,Apple iPhone XR2,71999,60.0,"Dual Sim, 3G, 4G, VoLTE, Wi-Fi, NFC",False,True,False,Apple  A13,Apple  A13,apple,,,"4 GB RAM, 64 GB inbuilt",3060 mAh Battery with Fast Charging,"6.1 inches, 828 x 1792 px Display",12 MP + 5 MP Dual Rear & 7 MP Front Camera,Memory Card Not Supported,iOS v12.3
263,266,samsung,Samsung Galaxy A53 (8GB RAM + 256GB),36499,89.0,"Dual Sim, 3G, 4G, 5G, VoLTE, Wi-Fi, NFC",True,True,False,"Exynos 1280, Octa Core, 2.4 GHz Processor",Exynos 1280,exynos,Octa Core, 2.4 GHz Processor,"8 GB RAM, 256 GB inbuilt",5000 mAh Battery with 25W Fast Charging,"6.5 inches, 1080 x 2400 px, 120 Hz Display with Punch Hole",64 MP Quad Rear & 32 MP Front Camera,"Memory Card Supported, upto 1 TB",Android v12
264,267,infinix,Infinix Note 12 5G,15999,78.0,"Dual Sim, 3G, 4G, 5G, VoLTE, Wi-Fi",True,False,False,"Dimensity 810 5G, Octa Core, 2.4 GHz Processor",Dimensity 810 5G,dimensity,Octa Core, 2.4 GHz Processor,"6 GB RAM, 64 GB inbuilt",5000 mAh Battery with 33W Fast Charging,"6.7 inches, 1080 x 2400 px Display with Water Drop Notch",50 MP + 2 MP Triple Rear & 16 MP Front Camera,"Memory Card Supported, upto 2 TB",Android v12
265,268,oppo,OPPO Reno7 Pro 5G,31994,87.0,"Dual Sim, 3G, 4G, 5G, VoLTE, Wi-Fi, NFC",True,True,False,"Dimensity  1200 Max, Octa Core, 3 GHz Processor",Dimensity  1200 Max,dimensity,Octa Core, 3 GHz Processor,"12 GB RAM, 256 GB inbuilt",4500 mAh Battery with 65W Fast Charging,"6.55 inches, 1080 x 2400 px, 90 Hz Display with Punch Hole",50 MP + 8 MP + 2 MP Triple Rear & 32 MP Front Camera,Memory Card Supported,Android v11
266,269,oneplus,OnePlus Ace 2,34999,84.0,"Dual Sim, 3G, 4G, 5G, VoLTE, Wi-Fi, NFC",True,True,False,"Snapdragon 8+ Gen1, Octa Core, 3.2 GHz Processor",Snapdragon 8+ Gen1,snapdragon,Octa Core, 3.2 GHz Processor,"8 GB RAM, 128 GB inbuilt",5000 mAh Battery with 100W Fast Charging,"6.7 inches, 1080 x 2412 px, 120 Hz Display with Punch Hole",50 MP + 8 MP + 2 MP Triple Rear & 16 MP Front Camera,Memory Card Not Supported,
267,270,redmi,Redmi Note 11 Pro 2023,18999,81.0,"Dual Sim, 3G, 4G, VoLTE, Wi-Fi, IR Blaster",False,False,True,"Snapdragon 712, Octa Core, 2.3 GHz Processor",Snapdragon 712,snapdragon,Octa Core, 2.3 GHz Processor,"6 GB RAM, 128 GB inbuilt",5000 mAh Battery with 67W Fast Charging,"6.67 inches, 1080 x 2400 px, 120 Hz Display with Punch Hole",108 MP Quad Rear & 16 MP Front Camera,"Memory Card (Hybrid), upto 1 TB",Android v11
268,271,nothing,Nothing Phone 2,39990,88.0,"Dual Sim, 3G, 4G, 5G, VoLTE, Wi-Fi, NFC",True,True,False,"Snapdragon 8+ Gen1, Octa Core, 3.2 GHz Processor",Snapdragon 8+ Gen1,snapdragon,Octa Core, 3.2 GHz Processor,"8 GB RAM, 128 GB inbuilt",4700 mAh Battery with 66W Fast Charging,"6.67 inches, 1080 x 2400 px, 120 Hz Display with Punch Hole",50 MP + 50 MP + 50 MP Triple Rear & 32 MP Front Camera,Memory Card Not Supported,
269,272,samsung,Samsung Galaxy A32 (8GB RAM + 128GB),16499,82.0,"Dual Sim, 3G, 4G, VoLTE, Wi-Fi",False,False,False,"Helio G80, Octa Core, 2 GHz Processor",Helio G80,helio,Octa Core, 2 GHz Processor,"8 GB RAM, 128 GB inbuilt",5000 mAh Battery with 15W Fast Charging,"6.4 inches, 1080 x 2400 px, 90 Hz Display with Water Drop Notch",64 MP Quad Rear & 20 MP Front Camera,"Memory Card Supported, upto 1 TB",Android v11
270,274,google,Google Pixel 6 Pro,54300,89.0,"Dual Sim, 3G, 4G, 5G, VoLTE, Wi-Fi, NFC",True,True,False,"Google  Tensor, Octa Core, 2.8 GHz Processor",Google  Tensor,google,Octa Core, 2.8 GHz Processor,"12 GB RAM, 128 GB inbuilt",5003 mAh Battery with 30W Fast Charging,"6.71 inches, 1440 x 3120 px, 120 Hz Display with Punch Hole",50 MP + 48 MP + 12 MP Triple Rear & 11.1 MP Front Camera,Memory Card Not Supported,
271,275,infinix,Infinix Note 12i (2022),9999,73.0,"Dual Sim, 3G, 4G, VoLTE, Wi-Fi",False,False,False,"Helio G85, Octa Core, 2 GHz Processor",Helio G85,helio,Octa Core, 2 GHz Processor,"4 GB RAM, 64 GB inbuilt",5000 mAh Battery with 33W Fast Charging,"6.7 inches, 1080 x 2400 px Display with Water Drop Notch",50 MP + 2 MP Triple Rear & 8 MP Front Camera,"Memory Card Supported, upto 512 GB",Android v12
272,276,xiaomi,Xiaomi Redmi 11 Prime 5G (6GB RAM + 128GB),15990,77.0,"Dual Sim, 3G, 4G, 5G, VoLTE, Wi-Fi, IR Blaster",True,False,True,"Dimensity 700 5G, Octa Core, 2.2 GHz Processor",Dimensity 700 5G,dimensity,Octa Core, 2.2 GHz Processor,"6 GB RAM, 128 GB inbuilt",5000 mAh Battery with 18W Fast Charging,"6.58 inches, 1080 x 2408 px, 90 Hz Display with Water Drop Notch",50 MP + 2 MP Dual Rear & 5 MP Front Camera,"Memory Card Supported, upto 512 GB",Android v12
273,277,xiaomi,Xiaomi Redmi Note 11 Pro Plus 5G (8GB RAM + 128GB),22700,86.0,"Dual Sim, 3G, 4G, 5G, VoLTE, Wi-Fi, IR Blaster",True,False,True," Snapdragon  695, Octa Core, 2.2 GHz Processor",Snapdragon  695,snapdragon,Octa Core, 2.2 GHz Processor,"8 GB RAM, 128 GB inbuilt",5000 mAh Battery with 67W Fast Charging,"6.67 inches, 1080 x 2400 px, 120 Hz Display with Punch Hole",108 MP + 8 MP + 2 MP Triple Rear & 16 MP Front Camera,"Memory Card (Hybrid), upto 1 TB",Android v11
274,278,xiaomi,Xiaomi 12 Pro 5G,50990,89.0,"Dual Sim, 3G, 4G, 5G, VoLTE, Wi-Fi, NFC, IR Blaster",True,True,True,"Snapdragon 8 Gen1, Octa Core, 3 GHz Processor",Snapdragon 8 Gen1,snapdragon,Octa Core, 3 GHz Processor,"8 GB RAM, 256 GB inbuilt",4600 mAh Battery with 120W Fast Charging,"6.73 inches, 1440 x 3200 px, 120 Hz Display with Punch Hole",50 MP + 50 MP + 50 MP Triple Rear & 32 MP Front Camera,Memory Card Not Supported,
275,279,apple,Apple iPhone 13 Mini,64900,79.0,"Dual Sim, 3G, 4G, 5G, VoLTE, Wi-Fi, NFC",True,True,False,"Bionic A15, Hexa Core, 3.22 GHz Processor",Bionic A15,bionic,Hexa Core, 3.22 GHz Processor,"4 GB RAM, 128 GB inbuilt",2438 mAh Battery with Fast Charging,"5.4 inches, 1080 x 2340 px Display with Large Notch",12 MP + 12 MP Dual Rear & 12 MP Front Camera,Memory Card Not Supported,iOS v15
276,280,tecno,Tecno Pova 3 (6GB RAM + 128GB),13799,77.0,"Dual Sim, 3G, 4G, VoLTE, Wi-Fi",False,False,False,"Helio G88, Octa Core, 2 GHz Processor",Helio G88,helio,Octa Core, 2 GHz Processor,"6 GB RAM, 128 GB inbuilt",7000 mAh Battery with 33W Fast Charging,"6.9 inches, 1080 x 2460 px, 90 Hz Display with Punch Hole",50 MP + 2 MP + 2 MP Triple Rear & 8 MP Front Camera,"Memory Card Supported, upto 256 GB",Android v11
277,281,realme,Realme C31 (4GB RAM + 64GB),8999,65.0,"Dual Sim, 3G, 4G, VoLTE, Wi-Fi",False,False,False,"Tiger T612, Octa Core, 1.82 GHz Processor",Tiger T612,tiger,Octa Core, 1.82 GHz Processor,"4 GB RAM, 64 GB inbuilt",5000 mAh Battery,"6.52 inches, 720 x 1600 px Display with Water Drop Notch",13 MP + 2 MP + 2 MP Triple Rear & 5 MP Front Camera,"Memory Card Supported, upto 1 TB",Android v11
278,282,asus,Asus ROG Phone 6 Pro 5G,89999,88.0,"Dual Sim, 3G, 4G, 5G, VoLTE, Wi-Fi, NFC",True,True,False,"Snapdragon 8+ Gen1, Octa Core, 3.2 GHz Processor",Snapdragon 8+ Gen1,snapdragon,Octa Core, 3.2 GHz Processor,"18 GB RAM, 512 GB inbuilt",6000 mAh Battery with 65W Fast Charging,"6.78 inches, 1080 x 2448 px, 165 Hz Display",50 MP + 13 MP + 5 MP Triple Rear & 12 MP Front Camera,Memory Card Not Supported,Android v12
279,283,vivo,Vivo V23e 5G,21994,84.0,"Dual Sim, 3G, 4G, 5G, VoLTE, Wi-Fi",True,False,False,"Dimensity  810 5G, Octa Core, 2.4 GHz Processor",Dimensity  810 5G,dimensity,Octa Core, 2.4 GHz Processor,"8 GB RAM, 128 GB inbuilt",4050 mAh Battery with 44W Fast Charging,"6.44 inches, 1080 x 2400 px Display with Water Drop Notch",50 MP + 8 MP + 2 MP Triple Rear & 44 MP Front Camera,Memory Card (Hybrid),Android v12
280,284,apple,Apple iPhone 14 Mini,69990,70.0,"Dual Sim, 3G, 4G, VoLTE, Wi-Fi, NFC",False,True,False,Bionic A16,Bionic A16,bionic,,,"6 GB RAM, 128 GB inbuilt",3500 mAh Battery with Fast Charging,"5.42 inches, 1080 x 2340 px Display with Punch Hole",12 MP + 12 MP Dual Rear & 12 MP Front Camera,Memory Card Not Supported,iOS v15
281,285,xiaomi,Xiaomi Redmi Note 10T 5G,12999,75.0,"Dual Sim, 3G, 4G, 5G, VoLTE, Wi-Fi, IR Blaster",True,False,True,"Dimensity 700 , Octa Core, 2.2 GHz Processor",Dimensity 700,dimensity,Octa Core, 2.2 GHz Processor,"4 GB RAM, 64 GB inbuilt",5000 mAh Battery with 18W Fast Charging,"6.5 inches, 1080 x 2400 px, 90 Hz Display with Punch Hole",48 MP + 2 MP + 2 MP Triple Rear & 8 MP Front Camera,"Memory Card Supported, upto 1 TB",Android v11
282,286,iqoo,iQOO Neo 7 SE 5G,24990,83.0,"Dual Sim, 3G, 4G, 5G, VoLTE, Wi-Fi, NFC",True,True,False,"Dimensity 8200, Octa Core, 3.1 GHz Processor",Dimensity 8200,dimensity,Octa Core, 3.1 GHz Processor,"8 GB RAM, 128 GB inbuilt",5000 mAh Battery with 120W Fast Charging,"6.78 inches, 1080 x 2400 px, 120 Hz Display with Punch Hole",64 MP + 2 MP + 2 MP Triple Rear & 16 MP Front Camera,Memory Card Not Supported,Android v13
283,287,samsung,Samsung Galaxy A23 (8GB RAM + 128GB),19990,82.0,"Dual Sim, 3G, 4G, VoLTE, Wi-Fi",False,False,False,"Snapdragon  680, Octa Core, 2.4 GHz Processor",Snapdragon  680,snapdragon,Octa Core, 2.4 GHz Processor,"8 GB RAM, 128 GB inbuilt",5000 mAh Battery with 25W Fast Charging,"6.6 inches, 1080 x 2408 px Display with Water Drop Notch",50 MP Quad Rear & 8 MP Front Camera,"Memory Card Supported, upto 1 TB",Android v12
284,288,xiaomi,Xiaomi Redmi Note 12 Pro (8GB RAM + 128GB),26999,82.0,"Dual Sim, 3G, 4G, 5G, VoLTE, Wi-Fi, IR Blaster",True,False,True,"Dimensity 1080, Octa Core, 2.6 GHz Processor",Dimensity 1080,dimensity,Octa Core, 2.6 GHz Processor,"8 GB RAM, 128 GB inbuilt",5000 mAh Battery with 67W Fast Charging,"6.67 inches, 1080 x 2400 px, 120 Hz Display with Punch Hole",50 MP + 8 MP + 2 MP Triple Rear & 16 MP Front Camera,Memory Card Not Supported,
285,289,xiaomi,Xiaomi Redmi Note 12 Turbo,19999,81.0,"Dual Sim, 3G, 4G, 5G, VoLTE, Wi-Fi, NFC, IR Blaster",True,True,True,"Snapdragon 778G, Octa Core, 2.4 GHz Processor",Snapdragon 778G,snapdragon,Octa Core, 2.4 GHz Processor,"8 GB RAM, 128 GB inbuilt",5000 mAh Battery with 67W Fast Charging,"6.67 inches, 1080 x 2400 px, 120 Hz Display with Punch Hole",50 MP + 8 MP + 2 MP Triple Rear & 16 MP Front Camera,Memory Card Not Supported,Android v13
286,290,infinix,Infinix Note 12 Pro,16900,83.0,"Dual Sim, 3G, 4G, VoLTE, Wi-Fi",False,False,False,"Helio  G99, Octa Core, 2.2 GHz Processor",Helio  G99,helio,Octa Core, 2.2 GHz Processor,"8 GB RAM, 256 GB inbuilt",5000 mAh Battery with 33W Fast Charging,"6.7 inches, 1080 x 2400 px Display with Water Drop Notch",108 MP + 2 MP Triple Rear & 16 MP Front Camera,"Memory Card Supported, upto 2 TB",Android v12
287,291,infinix,Infinix Hot 20 (6GB RAM+ 128GB),19999,78.0,"Dual Sim, 3G, 4G, 5G, VoLTE, Wi-Fi",True,False,False,"Dimensity 810, Octa Core, 2.4 GHz Processor",Dimensity 810,dimensity,Octa Core, 2.4 GHz Processor,"6 GB RAM, 128 GB inbuilt",5000 mAh Battery with 18W Fast Charging,"6.6 inches, 1080 x 2408 px, 120 Hz Display with Water Drop Notch",50 MP Dual Rear & 8 MP Front Camera,"Memory Card Supported, upto 1 TB",Android v12
288,292,apple,Apple iPhone 14 Pro Max (1TB),182999,78.0,"Dual Sim, 3G, 4G, 5G, VoLTE, Wi-Fi, NFC",True,True,False,"Bionic  A16, Hexa Core Processor",Bionic  A16,bionic,Hexa Core,,"6 GB RAM, 1 TB inbuilt",4323 mAh Battery with Fast Charging,"6.7 inches, 1290 x 2796 px, 120 Hz Display",48 MP + 12 MP + 12 MP Triple Rear & 12 MP Front Camera,Memory Card Not Supported,iOS v16
289,293,samsung,Samsung Galaxy M13,12999,75.0,"Dual Sim, 3G, 4G, VoLTE, Wi-Fi",False,False,False,"Exynos  850, Octa Core, 2 GHz Processor",Exynos  850,exynos,Octa Core, 2 GHz Processor,"6 GB RAM, 128 GB inbuilt",6000 mAh Battery with 15W Fast Charging,"6.6 inches, 1080 x 2400 px Display with Water Drop Notch",50 MP + 5 MP + 2 MP Triple Rear & 8 MP Front Camera,"Memory Card Supported, upto 1 TB",Android v12
290,294,poco,Poco M4 Pro 5G (8GB RAM + 128GB),15999,82.0,"Dual Sim, 3G, 4G, 5G, VoLTE, Wi-Fi, IR Blaster",True,False,True,"Dimensity  810 5G, Octa Core, 2.4 GHz Processor",Dimensity  810 5G,dimensity,Octa Core, 2.4 GHz Processor,"8 GB RAM, 128 GB inbuilt",5000 mAh Battery with 33W Fast Charging,"6.6 inches, 1080 x 2400 px, 90 Hz Display with Punch Hole",50 MP + 8 MP Dual Rear & 16 MP Front Camera,"Memory Card (Hybrid), upto 1 TB",Android v11
291,295,xiaomi,Xiaomi Redmi Note 10S (8GB RAM + 128GB),13999,82.0,"Dual Sim, 3G, 4G, VoLTE, Wi-Fi, IR Blaster",False,False,True,"Helio G95, Octa Core, 2.05 GHz Processor",Helio G95,helio,Octa Core, 2.05 GHz Processor,"8 GB RAM, 128 GB inbuilt",5000 mAh Battery with 33W Fast Charging,"6.43 inches, 1080 x 2400 px Display with Punch Hole",64 MP Quad Rear & 13 MP Front Camera,"Memory Card Supported, upto 512 GB",Android v11
292,296,realme,Realme C11 2021 (4GB RAM + 64GB),7749,61.0,"Dual Sim, 3G, 4G, VoLTE, Wi-Fi",False,False,False,"SC9863A, Octa Core, 1.6 GHz Processor",SC9863A,sc9863a,Octa Core, 1.6 GHz Processor,"4 GB RAM, 64 GB inbuilt",5000 mAh Battery,"6.52 inches, 720 x 1600 px Display with Water Drop Notch",8 MP Rear & 5 MP Front Camera,Memory Card Supported,Android v11
293,297,samsung,Samsung Galaxy A23 5G (8GB RAM + 128GB),24999,81.0,"Dual Sim, 3G, 4G, 5G, VoLTE, Wi-Fi",True,False,False,"Snapdragon 695, Octa Core, 2.2 GHz Processor",Snapdragon 695,snapdragon,Octa Core, 2.2 GHz Processor,"8 GB RAM, 128 GB inbuilt",5000 mAh Battery with 25W Fast Charging,"6.6 inches, 1080 x 2408 px, 120 Hz Display with Water Drop Notch",50 MP Quad Rear & 8 MP Front Camera,"Memory Card Supported, upto 1 TB",Android v12
294,298,motorola,Motorola Edge 30 Ultra (12GB RAM + 256GB),59999,,"Dual Sim, 3G, 4G, 5G, VoLTE, Wi-Fi, NFC",True,True,False,"Snapdragon 8+ Gen1, Octa Core, 3.2 GHz Processor",Snapdragon 8+ Gen1,snapdragon,Octa Core, 3.2 GHz Processor,"12 GB RAM, 256 GB inbuilt",4610 mAh Battery with 125W Fast Charging,"6.67 inches, 1080 x 2400 px, 144 Hz Display with Punch Hole",200 MP + 50 MP + 12 MP Triple Rear & 60 MP Front Camera,Memory Card Not Supported,
295,299,oppo,OPPO F21s Pro,25895,82.0,"Dual Sim, 3G, 4G, 5G, VoLTE, Wi-Fi",True,False,False,"Snapdragon  695, Octa Core, 2.2 GHz Processor",Snapdragon  695,snapdragon,Octa Core, 2.2 GHz Processor,"8 GB RAM, 128 GB inbuilt",4500 mAh Battery with 33W Fast Charging,"6.43 inches, 1080 x 2400 px Display with Punch Hole",64 MP + 2 MP + 2 MP Triple Rear & 16 MP Front Camera,"Memory Card Supported, upto 512 GB",Android v12
296,300,xiaomi,Xiaomi 13 5G,46990,89.0,"Dual Sim, 3G, 4G, 5G, VoLTE, Wi-Fi, NFC, IR Blaster",True,True,True,"Snapdragon 8 Gen2, Octa Core, 3.2 GHz Processor",Snapdragon 8 Gen2,snapdragon,Octa Core, 3.2 GHz Processor,"8 GB RAM, 128 GB inbuilt",4500 mAh Battery with 67W Fast Charging,"6.36 inches, 1080 x 2400 px, 120 Hz Display with Punch Hole",50 MP + 12 MP + 10 MP Triple Rear & 32 MP Front Camera,Memory Card Not Supported,
297,301,xiaomi,Xiaomi Redmi 10A,7499,64.0,"Dual Sim, 3G, 4G, VoLTE, Wi-Fi",False,False,False,"Helio  G25, Octa Core, 2 GHz Processor",Helio  G25,helio,Octa Core, 2 GHz Processor,"3 GB RAM, 32 GB inbuilt",5000 mAh Battery,"6.53 inches, 720 x 1600 px Display with Water Drop Notch",13 MP Rear & 5 MP Front Camera,"Memory Card Supported, upto 512 GB",Android v11
298,302,vivo,Vivo Y01A,7790,60.0,"Dual Sim, 3G, 4G, VoLTE, Wi-Fi",False,False,False,"Helio P35, Octa Core, 2.3 GHz Processor",Helio P35,helio,Octa Core, 2.3 GHz Processor,"2 GB RAM, 32 GB inbuilt",5000 mAh Battery with 10W Fast Charging,"6.51 inches, 720 x 1600 px Display with Water Drop Notch",8 MP Rear & 5 MP Front Camera,Memory Card Supported,Android v11
299,303,xiaomi,Xiaomi Redmi K50i (8GB RAM + 256GB),25999,85.0,"Dual Sim, 3G, 4G, 5G, VoLTE, Wi-Fi, IR Blaster",True,False,True,"Dimensity  8100, Octa Core, 2.85 GHz Processor",Dimensity  8100,dimensity,Octa Core, 2.85 GHz Processor,"8 GB RAM, 256 GB inbuilt",5080 mAh Battery with 67W Fast Charging,"6.6 inches, 1080 x 2460 px, 144 Hz Display with Punch Hole",64 MP + 8 MP + 2 MP Triple Rear & 16 MP Front Camera,Memory Card Not Supported,
300,304,realme,Realme C30 (3GB RAM + 32GB),6299,60.0,"Dual Sim, 3G, 4G, VoLTE, Wi-Fi",False,False,False,"Tiger T612, Octa Core, 1.82 GHz Processor",Tiger T612,tiger,Octa Core, 1.82 GHz Processor,"3 GB RAM, 32 GB inbuilt",5000 mAh Battery,"6.5 inches, 720 x 1600 px Display with Water Drop Notch",8 MP Rear & 5 MP Front Camera,"Memory Card Supported, upto 1 TB",Android v11
301,305,motorola,Motorola Moto G51 5G,12999,77.0,"Dual Sim, 3G, 4G, 5G, VoLTE, Wi-Fi, NFC",True,True,False,"Snapdragon  480+, Octa Core, 2.2 GHz Processor",Snapdragon  480+,snapdragon,Octa Core, 2.2 GHz Processor,"4 GB RAM, 64 GB inbuilt",5000 mAh Battery,"6.8 inches, 1080 x 2400 px, 120 Hz Display with Punch Hole",50 MP + 8 MP + 2 MP Triple Rear & 13 MP Front Camera,"Memory Card (Hybrid), upto 512 GB",Android v11
302,306,xiaomi,Xiaomi Redmi 10 (6GB RAM + 128GB),11999,75.0,"Dual Sim, 3G, 4G, VoLTE, Wi-Fi",False,False,False,"Snapdragon 680, Octa Core, 2.4 GHz Processor",Snapdragon 680,snapdragon,Octa Core, 2.4 GHz Processor,"6 GB RAM, 128 GB inbuilt",6000 mAh Battery with 18W Fast Charging,"6.7 inches, 720 x 1600 px Display with Water Drop Notch",50 MP + 2 MP Dual Rear & 5 MP Front Camera,"Memory Card Supported, upto 512 GB",Android v11
303,307,xiaomi,Xiaomi Mi 11 Lite NE 5G,21890,83.0,"Dual Sim, 3G, 4G, 5G, VoLTE, Wi-Fi, NFC, IR Blaster",True,True,True,"Snapdragon  778G , Octa Core, 2.4 GHz Processor",Snapdragon  778G,snapdragon,Octa Core, 2.4 GHz Processor,"6 GB RAM, 128 GB inbuilt",4250 mAh Battery with 33W Fast Charging,"6.55 inches, 1080 x 2400 px, 90 Hz Display with Punch Hole",64 MP + 8 MP + 5 MP Triple Rear & 20 MP Front Camera,Memory Card (Hybrid),Android v11
304,308,samsung,Samsung Galaxy Z Flip 3,69999,84.0,"Single Sim, 3G, 4G, 5G, VoLTE, Wi-Fi, NFC",True,True,False,"Snapdragon 888, Octa Core, 2.84 GHz Processor",Snapdragon 888,snapdragon,Octa Core, 2.84 GHz Processor,"8 GB RAM, 128 GB inbuilt",3300 mAh Battery with 15W Fast Charging,"6.7 inches, 1080 x 2640 px, 120 Hz Display with Punch Hole",12 MP + 12 MP Dual Rear & 10 MP Front Camera,Memory Card Not Supported,
305,309,apple,Apple iPhone 12 (128GB),55999,75.0,"Dual Sim, 3G, 4G, 5G, VoLTE, Wi-Fi, NFC",True,True,False,"Bionic A14, Hexa Core, 3.1 GHz Processor",Bionic A14,bionic,Hexa Core, 3.1 GHz Processor,"4 GB RAM, 128 GB inbuilt",,"6.1 inches, 1170 x 2532 px Display with Large Notch",12 MP + 12 MP Dual Rear & 12 MP Front Camera,Memory Card Not Supported,iOS v14
306,310,oneplus,OnePlus 10T (16GB RAM + 256GB),55999,87.0,"Dual Sim, 3G, 4G, 5G, VoLTE, Wi-Fi, NFC",True,True,False,"Snapdragon 8+ Gen1, Octa Core, 3.2 GHz Processor",Snapdragon 8+ Gen1,snapdragon,Octa Core, 3.2 GHz Processor,"16 GB RAM, 256 GB inbuilt",4800 mAh Battery with 150W Fast Charging,"6.7 inches, 1080 x 2412 px, 120 Hz Display with Punch Hole",50 MP + 8 MP + 2 MP Triple Rear & 16 MP Front Camera,Memory Card Not Supported,
307,311,samsung,Samsung Galaxy A13 (4GB RAM + 128GB),14999,75.0,"Dual Sim, 3G, 4G, VoLTE, Wi-Fi",False,False,False,"Octa Core, 2 GHz Processor",,octa,Octa Core, 2 GHz Processor,"4 GB RAM, 128 GB inbuilt",5000 mAh Battery with 25W Fast Charging,"6.6 inches, 1080 x 2408 px Display with Water Drop Notch",50 MP Quad Rear & 8 MP Front Camera,"Memory Card Supported, upto 1 TB",Android v12
308,312,oppo,OPPO Reno7 5G,25994,85.0,"Dual Sim, 3G, 4G, 5G, VoLTE, Wi-Fi, NFC",True,True,False,"Dimensity 900, Octa Core, 2 GHz Processor",Dimensity 900,dimensity,Octa Core, 2 GHz Processor,"8 GB RAM, 256 GB inbuilt",4500 mAh Battery with 65W Fast Charging,"6.43 inches, 1080 x 2400 px, 90 Hz Display with Punch Hole",64 MP + 8 MP + 2 MP Triple Rear & 32 MP Front Camera,"Memory Card Supported, upto 1 TB",Android v11
309,313,oneplus,OnePlus 9RT 5G,42999,85.0,"Dual Sim, 3G, 4G, 5G, VoLTE, Wi-Fi, NFC",True,True,False,"Snapdragon  888 , Octa Core, 2.84 GHz Processor",Snapdragon  888,snapdragon,Octa Core, 2.84 GHz Processor,"8 GB RAM, 128 GB inbuilt",4500 mAh Battery with Fast Charging,"6.62 inches, 1080 x 2400 px, 120 Hz Display with Punch Hole",50 MP + 16 MP + 2 MP Triple Rear & 16 MP Front Camera,Memory Card Not Supported,
310,314,samsung,Samsung Galaxy A53 5G (8GB RAM + 128GB),33499,89.0,"Dual Sim, 3G, 4G, 5G, VoLTE, Wi-Fi, NFC",True,True,False,"Exynos 1280, Octa Core, 2.4 GHz Processor",Exynos 1280,exynos,Octa Core, 2.4 GHz Processor,"8 GB RAM, 128 GB inbuilt",5000 mAh Battery with 25W Fast Charging,"6.5 inches, 1080 x 2400 px, 120 Hz Display with Punch Hole",64 MP Quad Rear & 32 MP Front Camera,"Memory Card Supported, upto 1 TB",Android v12
311,315,samsung,Samsung Galaxy S22 Ultra 5G (12GB RAM + 512GB),118999,,"Dual Sim, 3G, 4G, 5G, VoLTE, Wi-Fi, NFC",True,True,False,"Snapdragon  8 Gen1, Octa Core, 3 GHz Processor",Snapdragon  8 Gen1,snapdragon,Octa Core, 3 GHz Processor,"12 GB RAM, 512 GB inbuilt",5000 mAh Battery with 45W Fast Charging,"6.8 inches, 1440 x 3080 px, 120 Hz Display with Punch Hole",108 MP Quad Rear & 40 MP Front Camera,Memory Card Not Supported,
312,316,motorola,Motorola Moto G71 5G,16999,80.0,"Dual Sim, 3G, 4G, 5G, VoLTE, Wi-Fi, NFC",True,True,False,"Snapdragon 695, Octa Core, 2.2 GHz Processor",Snapdragon 695,snapdragon,Octa Core, 2.2 GHz Processor,"6 GB RAM, 128 GB inbuilt",5000 mAh Battery with 33W Fast Charging,"6.4 inches, 1080 x 2400 px Display with Punch Hole",50 MP + 8 MP + 2 MP Triple Rear & 16 MP Front Camera,Memory Card Not Supported,Android v11
313,317,itel,itel S16 Pro,6990,,"Dual Sim, 3G, 4G, VoLTE, Wi-Fi",False,False,False,"Quad Core, 1.3 GHz Processor",,quad,Quad Core, 1.3 GHz Processor,"2 GB RAM, 32 GB inbuilt",4000 mAh Battery,"6.6 inches, 1600 x 720 px Display with Punch Hole",8 MP + 2 MP + 0.3 MP Triple Rear & 8 MP Front Camera,"Memory Card Supported, upto 32 GB",Android v10
314,318,vivo,Vivo Y100,29990,82.0,"Dual Sim, 3G, 4G, 5G, VoLTE, Wi-Fi",True,False,False,"Dimensity  900, Octa Core, 2.4 GHz Processor",Dimensity  900,dimensity,Octa Core, 2.4 GHz Processor,"8 GB RAM, 128 GB inbuilt",5000 mAh Battery with 66W Fast Charging,"6 inches, 1080 x 2400 px, 120 Hz Display with Punch Hole",50 MP + 8 MP + 2 MP Triple Rear & 50 MP + 8 MP Dual Front Camera,Memory Card Not Supported,Android v12
315,319,samsung,Samsung Galaxy M13 5G (4GB RAM + 64GB),12944,71.0,"Dual Sim, 3G, 4G, 5G, VoLTE, Wi-Fi",True,False,False,"Dimensity 700, Octa Core, 2.2 GHz Processor",Dimensity 700,dimensity,Octa Core, 2.2 GHz Processor,"4 GB RAM, 64 GB inbuilt",5000 mAh Battery with 15W Fast Charging,"6.5 inches, 720 x 1600 px, 90 Hz Display with Water Drop Notch",50 MP + 2 MP Dual Rear & 5 MP Front Camera,"Memory Card Supported, upto 1 TB",Android v12
316,320,poco,POCO X5 GT,29990,84.0,"Dual Sim, 3G, 4G, 5G, VoLTE, Wi-Fi, NFC, IR Blaster",True,True,True,"Dimensity 9000 Plus, Octa Core, 3.2 GHz Processor",Dimensity 9000 Plus,dimensity,Octa Core, 3.2 GHz Processor,"8 GB RAM, 128 GB inbuilt",5000 mAh Battery with 80W Fast Charging,"6.7 inches, 1080 x 2400 px, 144 Hz Display with Punch Hole",64 MP + 8 MP + 2 MP Triple Rear & 32 MP Front Camera,Memory Card Not Supported,Android v13
317,321,honor,Honor X9 5G,16999,80.0,"Dual Sim, 3G, 4G, 5G, VoLTE, Wi-Fi, NFC",True,True,False,"Snapdragon 695, Octa Core, 2.2 GHz Processor",Snapdragon 695,snapdragon,Octa Core, 2.2 GHz Processor,"8 GB RAM, 128 GB inbuilt",4800 mAh Battery with 66W Fast Charging,"6.81 inches, 1080 x 2388 px Display",48 MP + 2 MP + 2 MP Triple Rear & 16 MP Front Camera,Memory Card Not Supported,
318,322,iqoo,iQOO 11 (16GB RAM + 256GB),64999,89.0,"Dual Sim, 3G, 4G, 5G, VoLTE, Wi-Fi, NFC",True,True,False,"Snapdragon 8 Gen2, Octa Core, 3.2 GHz Processor",Snapdragon 8 Gen2,snapdragon,Octa Core, 3.2 GHz Processor,"16 GB RAM, 256 GB inbuilt",5000 mAh Battery with 120W Fast Charging,"6.78 inches, 1440 x 3200 px, 144 Hz Display with Punch Hole",50 MP + 13 MP + 8 MP Triple Rear & 16 MP Front Camera,Memory Card Not Supported,
319,323,samsung,Samsung Galaxy Z Fold 4,154998,,"Dual Sim, 3G, 4G, 5G, VoLTE, Wi-Fi, NFC",True,True,False,"Snapdragon  8+ Gen1, Octa Core, 3.2 GHz Processor",Snapdragon  8+ Gen1,snapdragon,Octa Core, 3.2 GHz Processor,"12 GB RAM, 256 GB inbuilt",4400 mAh Battery with 25W Fast Charging,"7.6 inches, 1812 x 2176 px, 120 Hz Display with Punch Hole",50 MP + 12 MP + 10 MP Triple Rear & 10 MP + 4 MP Dual Front Camera,Memory Card Not Supported,Android v12
320,324,royole,Royole FlexPai 2,109999,87.0,"Dual Sim, 3G, 4G, 5G, VoLTE, Wi-Fi",True,False,False,"Snapdragon 865, Octa Core, 2.84 GHz Processor",Snapdragon 865,snapdragon,Octa Core, 2.84 GHz Processor,"8 GB RAM, 128 GB inbuilt",4450 mAh Battery,"7.8 inches, 1440 x 1920 px Display",64 MP + 16 MP + 8 MP Triple Rear & 32 MP Front Camera,Memory Card Not Supported,"Memory Card Supported, upto 256 GB"
321,325,apple,Apple iPhone 14 Plus (256GB),84999,83.0,"Dual Sim, 3G, 4G, 5G, VoLTE, Wi-Fi, NFC",True,True,False,"Bionic A15, Hexa Core, 3.22 GHz Processor",Bionic A15,bionic,Hexa Core, 3.22 GHz Processor,"6 GB RAM, 256 GB inbuilt",4325 mAh Battery with Fast Charging,"6.7 inches, 1284 x 2778 px Display with Small Notch",12 MP + 12 MP Dual Rear & 12 MP Front Camera,Memory Card Not Supported,iOS v16
322,326,samsung,Samsung Galaxy A33 5G (8GB RAM + 128GB),27499,85.0,"Dual Sim, 3G, 4G, 5G, VoLTE, Wi-Fi, NFC",True,True,False,"Exynos  1280, Octa Core, 2.4 GHz Processor",Exynos  1280,exynos,Octa Core, 2.4 GHz Processor,"8 GB RAM, 128 GB inbuilt",5000 mAh Battery with 25W Fast Charging,"6.4 inches, 1080 x 2400 px, 90 Hz Display with Punch Hole",48 MP Quad Rear & 13 MP Front Camera,"Memory Card (Hybrid), upto 1 TB",Android v12
323,327,tecno,Tecno Spark 9,8999,69.0,"Dual Sim, 3G, 4G, VoLTE, Wi-Fi",False,False,False,"Helio G37, Octa Core, 2.3 GHz Processor",Helio G37,helio,Octa Core, 2.3 GHz Processor,"6 GB RAM, 128 GB inbuilt",5000 mAh Battery,"6.6 inches, 720 x 1600 px, 90 Hz Display with Water Drop Notch",13 MP Dual Rear & 8 MP Front Camera,"Memory Card Supported, upto 256 GB",Android v12
324,328,google,Google Pixel 6,40480,84.0,"Dual Sim, 3G, 4G, 5G, VoLTE, Wi-Fi, NFC",True,True,False,"Google Tensor, Octa Core, 2.8 GHz Processor",Google Tensor,google,Octa Core, 2.8 GHz Processor,"8 GB RAM, 128 GB inbuilt",4614 mAh Battery with 30W Fast Charging,"6.4 inches, 1080 x 2400 px, 90 Hz Display with Punch Hole",50 MP + 12 MP Dual Rear & 8 MP Front Camera,Memory Card Not Supported,
325,329,xiaomi,Xiaomi Redmi Note 10 Pro (6GB RAM + 128GB),17999,81.0,"Dual Sim, 3G, 4G, VoLTE, Wi-Fi, IR Blaster",False,False,True,"Snapdragon 732G , Octa Core, 2.3 GHz Processor",Snapdragon 732G,snapdragon,Octa Core, 2.3 GHz Processor,"6 GB RAM, 128 GB inbuilt",5020 mAh Battery with 33W Fast Charging,"6.67 inches, 1080 x 2400 px, 120 Hz Display with Punch Hole",64 MP Quad Rear & 16 MP Front Camera,"Memory Card Supported, upto 512 GB",Android v11
326,330,samsung,Samsung Galaxy S21 Ultra,105999,,"Dual Sim, 3G, 4G, 5G, VoLTE, Wi-Fi, NFC",True,True,False,"Exynos  2100, Octa Core, 2.9 GHz Processor",Exynos  2100,exynos,Octa Core, 2.9 GHz Processor,"12 GB RAM, 256 GB inbuilt",5000 mAh Battery with 25W Fast Charging,"6.8 inches, 1440 x 3200 px, 120 Hz Display with Punch Hole",108 MP Quad Rear & 40 MP Front Camera,Memory Card Not Supported,
327,331,infinix,Infinix Hot 20 Play,8999,67.0,"Dual Sim, 3G, 4G, VoLTE, Wi-Fi",False,False,False,"Helio G37, Octa Core, 2.3 GHz Processor",Helio G37,helio,Octa Core, 2.3 GHz Processor,"4 GB RAM, 64 GB inbuilt",6000 mAh Battery with 18W Fast Charging,"6.82 inches, 720 x 1640 px, 90 Hz Display with Punch Hole",13 MP Dual Rear & 8 MP Front Camera,"Memory Card Supported, upto 256 GB",Android v12
328,332,vivo,Vivo T1x (6GB RAM + 128GB),14999,77.0,"Dual Sim, 3G, 4G, VoLTE, Wi-Fi",False,False,False,"Snapdragon 680, Octa Core, 2.4 GHz Processor",Snapdragon 680,snapdragon,Octa Core, 2.4 GHz Processor,"6 GB RAM, 128 GB inbuilt",5000 mAh Battery with 18W Fast Charging,"6.58 inches, 1080 x 2408 px, 90 Hz Display with Water Drop Notch",50 MP + 2 MP Dual Rear & 8 MP Front Camera,Memory Card Supported,Android v12
329,333,oppo,OPPO F23 Pro,19990,82.0,"Dual Sim, 3G, 4G, 5G, VoLTE, Wi-Fi",True,False,False,"Snapdragon  695, Octa Core, 2.2 GHz Processor",Snapdragon  695,snapdragon,Octa Core, 2.2 GHz Processor,"8 GB RAM, 128 GB inbuilt",4500 mAh Battery with 33W Fast Charging,"6.5 inches, 1080 x 2400 px, 90 Hz Display with Punch Hole",64 MP + 2 MP + 2 MP Triple Rear & 32 MP Front Camera,"Memory Card Supported, upto 256 GB",Android v12
330,334,iqoo,iQOO Z6 Pro 5G (8GB RAM + 128GB),23399,80.0,"Dual Sim, 3G, 4G, 5G, VoLTE, Wi-Fi",True,False,False,"Snapdragon  778G, Octa Core, 2.4 GHz Processor",Snapdragon  778G,snapdragon,Octa Core, 2.4 GHz Processor,"8 GB RAM, 128 GB inbuilt",4700 mAh Battery with 66W Fast Charging,"6.44 inches, 1080 x 2404 px, 90 Hz Display with Water Drop Notch",64 MP + 8 MP + 2 MP Triple Rear & 16 MP Front Camera,Memory Card Not Supported,Android v12
331,335,samsung,Samsung Galaxy A73 5G (8GB RAM + 256GB),41990,,"Dual Sim, 3G, 4G, 5G, VoLTE, Wi-Fi, NFC",True,True,False,"Snapdragon 778G, Octa Core, 2.4 GHz Processor",Snapdragon 778G,snapdragon,Octa Core, 2.4 GHz Processor,"8 GB RAM, 256 GB inbuilt",5000 mAh Battery with 25W Fast Charging,"6.7 inches, 1080 x 2400 px, 120 Hz Display with Punch Hole",108 MP Quad Rear & 32 MP Front Camera,"Memory Card (Hybrid), upto 1 TB",Android v12
332,336,realme,Realme 9 5G SE (8GB RAM + 128GB),22998,82.0,"Dual Sim, 3G, 4G, 5G, VoLTE, Wi-Fi",True,False,False,"Snapdragon  778G, Octa Core, 2.4 GHz Processor",Snapdragon  778G,snapdragon,Octa Core, 2.4 GHz Processor,"8 GB RAM, 128 GB inbuilt",5000 mAh Battery with 30W Fast Charging,"6.6 inches, 1080 x 2412 px, 144 Hz Display with Punch Hole",48 MP + 2 MP + 2 MP Triple Rear & 16 MP Front Camera,"Memory Card Supported, upto 1 TB",Android v11
333,337,poco,Poco F4 5G,25999,82.0,"Dual Sim, 3G, 4G, 5G, VoLTE, Wi-Fi, NFC",True,True,False,"Snapdragon  870, Octa Core, 3.2 GHz Processor",Snapdragon  870,snapdragon,Octa Core, 3.2 GHz Processor,"6 GB RAM, 128 GB inbuilt",4500 mAh Battery with 67W Fast Charging,"6.67 inches, 1080 x 2400 px, 120 Hz Display with Punch Hole",64 MP + 8 MP + 2 MP Triple Rear & 20 MP Front Camera,Memory Card Not Supported,
334,338,infinix,Infinix Note 12,11700,74.0,"Dual Sim, 3G, 4G, VoLTE, Wi-Fi",False,False,False,"Helio G88, Octa Core, 2 GHz Processor",Helio G88,helio,Octa Core, 2 GHz Processor,"4 GB RAM, 64 GB inbuilt",5000 mAh Battery with 33W Fast Charging,"6.7 inches, 2400 x 1080 px Display with Punch Hole",50 MP + 2 MP Triple Rear & 16 MP Front Camera,"Memory Card Supported, upto 512 GB",Android v11
335,339,samsung,Samsung Galaxy A03 Core,6499,,"Dual Sim, 3G, 4G, VoLTE, Wi-Fi",False,False,False,"Unisoc  SC9836A, Quad Core, 1.6 GHz Processor",Unisoc  SC9836A,unisoc,Quad Core, 1.6 GHz Processor,"2 GB RAM, 32 GB inbuilt",5000 mAh Battery,"6.5 inches, 720 x 1600 px Display with Water Drop Notch",8 MP Rear & 5 MP Front Camera,"Memory Card Supported, upto 1 TB",Android v10
336,340,motorola,Motorola Moto G60,15999,84.0,"Dual Sim, 3G, 4G, VoLTE, Wi-Fi, NFC",False,True,False,"Snapdragon  732G, Octa Core, 2.3 GHz Processor",Snapdragon  732G,snapdragon,Octa Core, 2.3 GHz Processor,"6 GB RAM, 128 GB inbuilt",6000 mAh Battery with 20W Fast Charging,"6.78 inches, 1080 x 2460 px, 120 Hz Display with Punch Hole",108 MP + 8 MP + 2 MP Triple Rear & 32 MP Front Camera,"Memory Card (Hybrid), upto 1 TB",Android v11
337,341,oneplus,OnePlus 9 Pro,64800,89.0,"Dual Sim, 3G, 4G, 5G, VoLTE, Wi-Fi, NFC",True,True,False,"Snapdragon 888, Octa Core, 2.84 GHz Processor",Snapdragon 888,snapdragon,Octa Core, 2.84 GHz Processor,"8 GB RAM, 128 GB inbuilt",4500 mAh Battery with 65W Fast Charging,"6.7 inches, 1440 x 3216 px, 120 Hz Display with Punch Hole",48 MP Quad Rear & 16 MP Front Camera,Memory Card Not Supported,Android v11
338,342,xiaomi,Xiaomi Redmi Note 11S,14590,80.0,"Dual Sim, 3G, 4G, VoLTE, Wi-Fi, IR Blaster",False,False,True,"Helio  G96, Octa Core, 2.05 GHz Processor",Helio  G96,helio,Octa Core, 2.05 GHz Processor,"6 GB RAM, 64 GB inbuilt",5000 mAh Battery with 33W Fast Charging,"6.43 inches, 1080 x 2400 px, 90 Hz Display with Punch Hole",108 MP Quad Rear & 16 MP Front Camera,"Memory Card Supported, upto 512 GB",Android v11
339,343,xiaomi,Xiaomi Redmi 9 Activ,7499,68.0,"Dual Sim, 3G, 4G, VoLTE, Wi-Fi",False,False,False,"Helio G35, Octa Core, 2.3 GHz Processor",Helio G35,helio,Octa Core, 2.3 GHz Processor,"4 GB RAM, 64 GB inbuilt",5000 mAh Battery,"6.53 inches, 720 x 1600 px Display with Water Drop Notch",13 MP + 2 MP Dual Rear & 5 MP Front Camera,"Memory Card Supported, upto 512 GB",Android v11
340,344,tecno,Tecno Camon 19 Pro 5G,21999,82.0,"Dual Sim, 3G, 4G, 5G, VoLTE, Wi-Fi, NFC",True,True,False,"Dimensity 810 5G, Octa Core, 2.4 GHz Processor",Dimensity 810 5G,dimensity,Octa Core, 2.4 GHz Processor,"8 GB RAM, 128 GB inbuilt",5000 mAh Battery with 33W Fast Charging,"6.8 inches, 1080 x 2460 px, 120 Hz Display with Punch Hole",64 MP + 2 MP + 2 MP Triple Rear & 16 MP Front Camera,Memory Card Not Supported,
341,345,samsung,Samsung Galaxy A04,11999,71.0,"Dual Sim, 3G, 4G, VoLTE, Wi-Fi",False,False,False,"Helio P35, Octa Core, 2.3 GHz Processor",Helio P35,helio,Octa Core, 2.3 GHz Processor,"4 GB RAM, 64 GB inbuilt",5000 mAh Battery with Fast Charging,"6.5 inches, 720 x 1600 px Display with Water Drop Notch",50 MP + 2 MP Dual Rear & 5 MP Front Camera,"Memory Card Supported, upto 1 TB",Android v12
342,346,poco,POCO M4 Pro 4G (6GB RAM + 128GB),12999,79.0,"Dual Sim, 3G, 4G, VoLTE, Wi-Fi, IR Blaster",False,False,True,"Helio G96, Octa Core, 2.05 GHz Processor",Helio G96,helio,Octa Core, 2.05 GHz Processor,"6 GB RAM, 128 GB inbuilt",5000 mAh Battery with 33W Fast Charging,"6.43 inches, 1080 x 2400 px, 90 Hz Display with Punch Hole",64 MP + 8 MP + 2 MP Triple Rear & 16 MP Front Camera,"Memory Card Supported, upto 1 TB",Android v11
343,347,oneplus,OnePlus Nord N20 5G,20990,81.0,"Dual Sim, 3G, 4G, 5G, VoLTE, Wi-Fi, NFC",True,True,False,"Snapdragon 695, Octa Core, 2.2 GHz Processor",Snapdragon 695,snapdragon,Octa Core, 2.2 GHz Processor,"6 GB RAM, 128 GB inbuilt",4500 mAh Battery with 33W Fast Charging,"6.43 inches, 1080 x 2400 px Display with Punch Hole",64 MP + 2 MP + 2 MP Triple Rear & 16 MP Front Camera,Memory Card Supported,Android v11
344,348,apple,Apple iPhone 13 (256GB),72999,79.0,"Dual Sim, 3G, 4G, 5G, VoLTE, Wi-Fi, NFC",True,True,False,"Bionic A15, Hexa Core, 3.22 GHz Processor",Bionic A15,bionic,Hexa Core, 3.22 GHz Processor,"4 GB RAM, 256 GB inbuilt",3240 mAh Battery with Fast Charging,"6.1 inches, 1170 x 2532 px Display with Small Notch",12 MP + 12 MP Dual Rear & 12 MP Front Camera,Memory Card Not Supported,iOS v15
345,349,oppo,Oppo Find X6 Pro,77990,,"Dual Sim, 3G, 4G, 5G, VoLTE, Wi-Fi, NFC",True,True,False,"Snapdragon 8 Gen2, Octa Core, 3.2 GHz Processor",Snapdragon 8 Gen2,snapdragon,Octa Core, 3.2 GHz Processor,"12 GB RAM, 256 GB inbuilt",4700 mAh Battery with 120W Fast Charging,"6.78 inches, 1080 x 2400 px, 120 Hz Display with Punch Hole",50 MP + 50 MP + 50 MP Triple Rear & 32 MP Front Camera,Memory Card Not Supported,
346,350,vivo,Vivo X90 Pro 5G,56999,,"Dual Sim, 3G, 4G, 5G, VoLTE, Wi-Fi, NFC, IR Blaster",True,True,True,"Dimensity 9200, Octa Core, 3.05 GHz Processor",Dimensity 9200,dimensity,Octa Core, 3.05 GHz Processor,"8 GB RAM, 256 GB inbuilt",4870 mAh Battery with 120W Fast Charging,"6.78 inches, 1260 x 2800 px, 120 Hz Display with Punch Hole",50.3 MP + 50 MP + 12 MP Triple Rear & 32 MP Front Camera,Memory Card Not Supported,Android v13
347,351,motorola,Motorola Moto G53,21999,79.0,"Dual Sim, 3G, 4G, 5G, VoLTE, Wi-Fi, NFC",True,True,False,"Snapdragon 480+, Octa Core, 2.2 GHz Processor",Snapdragon 480+,snapdragon,Octa Core, 2.2 GHz Processor,"4 GB RAM, 128 GB inbuilt",5000 mAh Battery with 10W Fast Charging,"6.5 inches, 720 x 1600 px, 120 Hz Display with Punch Hole",50 MP + 8 MP Dual Rear & 16 MP Front Camera,"Memory Card (Hybrid), upto 1 TB",Android v13
348,352,motorola,Motorola Moto G22,9499,75.0,"Dual Sim, 3G, 4G, VoLTE, Wi-Fi",False,False,False,"Helio  G37, Octa Core, 2.3 GHz Processor",Helio  G37,helio,Octa Core, 2.3 GHz Processor,"4 GB RAM, 64 GB inbuilt",5000 mAh Battery with 20W Fast Charging,"6.53 inches, 720 x 1600 px, 90 Hz Display with Punch Hole",50 MP Quad Rear & 16 MP Front Camera,"Memory Card Supported, upto 1 TB",Android v12
349,353,xiaomi,Xiaomi Redmi 9i Sport,7499,66.0,"Dual Sim, 3G, 4G, VoLTE, Wi-Fi",False,False,False,"Helio G25, Octa Core, 2 GHz Processor",Helio G25,helio,Octa Core, 2 GHz Processor,"4 GB RAM, 64 GB inbuilt",5000 mAh Battery with 10W Fast Charging,"6.53 inches, 720 x 1600 px Display with Water Drop Notch",13 MP Rear & 5 MP Front Camera,"Memory Card Supported, upto 512 GB",Android v10
350,354,jio,Jio JioPhone Next,4649,,"Dual Sim, 3G, 4G, VoLTE, Wi-Fi",False,False,False,"Qualcomm 215, Quad Core, 1.3 GHz Processor",Qualcomm 215,qualcomm,Quad Core, 1.3 GHz Processor,"2 GB RAM, 32 GB inbuilt",3500 mAh Battery,"5.45 inches, 720 x 1440 px Display",13 MP Rear & 8 MP Front Camera,"Memory Card Supported, upto 512 GB",Android v11
351,355,vivo,Vivo Y93,18000,62.0,"Dual Sim, 3G, 4G, VoLTE, Wi-Fi",False,False,False,"Helio P22, Octa Core, 2 GHz Processor",Helio P22,helio,Octa Core, 2 GHz Processor,"4 GB RAM, 32 GB inbuilt",4030 mAh Battery,"6.2 inches, 1520 x 720 px Display with Water Drop Notch",13 MP + 2 MP Dual Rear & 8 MP Front Camera,"Memory Card Supported, upto 256 GB",Android v8.1 (Oreo)
352,356,xiaomi,Xiaomi Redmi K60 Pro,38999,85.0,"Dual Sim, 3G, 4G, 5G, VoLTE, Wi-Fi, NFC, IR Blaster",True,True,True,"Snapdragon 8 Gen2, Octa Core, 3.2 GHz Processor",Snapdragon 8 Gen2,snapdragon,Octa Core, 3.2 GHz Processor,"8 GB RAM, 128 GB inbuilt",5000 mAh Battery with 120W Fast Charging,"6.67 inches, 1440 x 3200 px, 120 Hz Display with Punch Hole",54 MP + 8 MP + 2 MP Triple Rear & 16 MP Front Camera,Memory Card Not Supported,
353,357,realme,Realme C30s,7145,,"Dual Sim, 3G, 4G, VoLTE, Wi-Fi",False,False,False,"Unisoc SC9863A, Octa Core, 1.6 GHz Processor",Unisoc SC9863A,unisoc,Octa Core, 1.6 GHz Processor,"2 GB RAM, 32 GB inbuilt",5000 mAh Battery with 10W Fast Charging,"6.5 inches, 720 x 1600 px Display with Water Drop Notch",8 MP Rear & 5 MP Front Camera,"Memory Card Supported, upto 1 TB",Android v12
354,358,vivo,Vivo Y22s,14990,77.0,"Dual Sim, 3G, 4G, VoLTE, Wi-Fi",False,False,False,"Snapdragon 680, Octa Core, 2.4 GHz Processor",Snapdragon 680,snapdragon,Octa Core, 2.4 GHz Processor,"8 GB RAM, 128 GB inbuilt",5000 mAh Battery with 18W Fast Charging,"6.55 inches, 1612 x 720 px, 90 Hz Display with Water Drop Notch",50 MP + 2 MP Dual Rear & 8 MP Front Camera,"Memory Card Supported, upto 1 TB",Android v12
355,359,oppo,OPPO A77,15499,70.0,"Dual Sim, 3G, 4G, VoLTE, Wi-Fi",False,False,False,"Helio G35, Octa Core, 2.3 GHz Processor",Helio G35,helio,Octa Core, 2.3 GHz Processor,"4 GB RAM, 64 GB inbuilt",5000 mAh Battery with 33W Fast Charging,"6.56 inches, 720 x 1600 px Display with Water Drop Notch",50 MP Dual Rear & 8 MP Front Camera,Memory Card Supported,Android v12
356,360,xiaomi,Xiaomi Redmi 10A Sport,9999,69.0,"Dual Sim, 3G, 4G, VoLTE, Wi-Fi, IR Blaster",False,False,True,"Helio G25, Octa Core, 2 GHz Processor",Helio G25,helio,Octa Core, 2 GHz Processor,"6 GB RAM, 128 GB inbuilt",5000 mAh Battery,"6.53 inches, 720 x 1600 px Display with Water Drop Notch",13 MP Rear & 5 MP Front Camera,"Memory Card Supported, upto 512 GB",Android v11
357,361,poco,Poco F4 (12GB RAM + 256GB),29999,86.0,"Dual Sim, 3G, 4G, 5G, VoLTE, Wi-Fi, NFC",True,True,False,"Snapdragon  870, Octa Core, 3.2 GHz Processor",Snapdragon  870,snapdragon,Octa Core, 3.2 GHz Processor,"12 GB RAM, 256 GB inbuilt",4500 mAh Battery with 67W Fast Charging,"6.67 inches, 1080 x 2400 px, 120 Hz Display with Punch Hole",64 MP + 8 MP + 2 MP Triple Rear & 20 MP Front Camera,Memory Card Not Supported,
358,362,realme,Realme 9 4G (8GB RAM + 128GB),15999,84.0,"Dual Sim, 3G, 4G, VoLTE, Wi-Fi",False,False,False,"Snapdragon 680, Octa Core, 2.4 GHz Processor",Snapdragon 680,snapdragon,Octa Core, 2.4 GHz Processor,"8 GB RAM, 128 GB inbuilt",5000 mAh Battery with 33W Fast Charging,"6.4 inches, 1080 x 2400 px, 90 Hz Display with Punch Hole",108 MP + 8 MP + 2 MP Triple Rear & 16 MP Front Camera,"Memory Card Supported, upto 256 GB",Android v12
359,363,xiaomi,Xiaomi 12T Pro 5G,59990,89.0,"Dual Sim, 3G, 4G, 5G, VoLTE, Wi-Fi, NFC, IR Blaster",True,True,True,"Snapdragon  8+ Gen1, Octa Core, 3.2 GHz Processor",Snapdragon  8+ Gen1,snapdragon,Octa Core, 3.2 GHz Processor,"8 GB RAM, 128 GB inbuilt",5000 mAh Battery with 120W Fast Charging,"6.67 inches, 1220 x 2712 px, 120 Hz Display with Punch Hole",200 MP + 8 MP + 2 MP Triple Rear & 20 MP Front Camera,Memory Card Not Supported,
360,364,iqoo,iQOO 9 5G,34990,84.0,"Dual Sim, 3G, 4G, 5G, VoLTE, Wi-Fi",True,False,False,"Snapdragon  888+, Octa Core, 2.9 GHz Processor",Snapdragon  888+,snapdragon,Octa Core, 2.9 GHz Processor,"8 GB RAM, 128 GB inbuilt",4350 mAh Battery with 120W Fast Charging,"6.56 inches, 1080 x 2376 px, 120 Hz Display with Punch Hole",48 MP + 13 MP + 13 MP Triple Rear & 16 MP Front Camera,Memory Card Not Supported,
361,365,apple,Apple iPhone 12 Mini (128GB),45999,75.0,"Dual Sim, 3G, 4G, 5G, VoLTE, Wi-Fi, NFC",True,True,False,"Bionic A14, Hexa Core, 3.1 GHz Processor",Bionic A14,bionic,Hexa Core, 3.1 GHz Processor,"4 GB RAM, 128 GB inbuilt",,"5.4 inches, 1080 x 2340 px Display",12 MP + 12 MP Dual Rear & 12 MP Front Camera,Memory Card Not Supported,iOS v14
362,366,samsung,Samsung Galaxy S24 Ultra,119990,85.0,"Dual Sim, 3G, 4G, 5G, VoLTE, Vo5G, Wi-Fi",True,False,False,"Snapdragon 8+ Gen 2, Octa Core Processor",Snapdragon 8+ Gen 2,snapdragon,Octa Core,,"12 GB RAM, 256 GB inbuilt",5100 mAh Battery with 45W Fast Charging,"6.83 inches, 1200 x 2860 px, 144 Hz Display with Punch Hole",200 MP Quad Rear & 60 MP Front Camera,Memory Card Not Supported,Android v13
363,367,oppo,OPPO Find N Flip,89990,88.0,"Single Sim, 3G, 4G, 5G, VoLTE, Wi-Fi, NFC",True,True,False,"Dimensity 9000, Octa Core, 3.05 GHz Processor",Dimensity 9000,dimensity,Octa Core, 3.05 GHz Processor,"8 GB RAM, 128 GB inbuilt",4300 mAh Battery with 44W Fast Charging,"6.8 inches, 1200 x 2400 px, 120 Hz Display with Punch Hole",50 MP + 8 MP Dual Rear & 32 MP Front Camera,Memory Card Not Supported,
364,368,oneplus,OnePlus 10T (12GB RAM + 256GB),50999,87.0,"Dual Sim, 3G, 4G, 5G, VoLTE, Wi-Fi, NFC",True,True,False,"Snapdragon 8+ Gen1, Octa Core, 3.2 GHz Processor",Snapdragon 8+ Gen1,snapdragon,Octa Core, 3.2 GHz Processor,"12 GB RAM, 256 GB inbuilt",4800 mAh Battery with 150W Fast Charging,"6.7 inches, 1080 x 2412 px, 120 Hz Display with Punch Hole",50 MP + 8 MP + 2 MP Triple Rear & 16 MP Front Camera,Memory Card Not Supported,
365,369,tecno,Tecno Spark 9 (4GB RAM + 64GB),7999,65.0,"Dual Sim, 3G, 4G, VoLTE, Wi-Fi",False,False,False,"Helio G37, Octa Core, 2.3 GHz Processor",Helio G37,helio,Octa Core, 2.3 GHz Processor,"4 GB RAM, 64 GB inbuilt",5000 mAh Battery,"6.6 inches, 720 x 1600 px, 90 Hz Display with Water Drop Notch",13 MP Dual Rear & 8 MP Front Camera,"Memory Card Supported, upto 256 GB",Android v12
366,370,samsung,Samsung Galaxy S21 FE 5G (8GB RAM + 256GB),43999,88.0,"Dual Sim, 3G, 4G, 5G, VoLTE, Wi-Fi, NFC",True,True,False,"Exynos  2100, Octa Core, 2.9 GHz Processor",Exynos  2100,exynos,Octa Core, 2.9 GHz Processor,"8 GB RAM, 256 GB inbuilt",4500 mAh Battery with 25W Fast Charging,"6.4 inches, 1080 x 2340 px, 120 Hz Display with Punch Hole",12 MP + 12 MP + 8 MP Triple Rear & 32 MP Front Camera,Memory Card Not Supported,Android v11
367,371,xiaomi,Xiaomi Redmi Note 11T 5G (8GB RAM + 128GB),18499,83.0,"Dual Sim, 3G, 4G, 5G, VoLTE, Wi-Fi, IR Blaster",True,False,True,"Dimensity  810 5G, Octa Core, 2.4 GHz Processor",Dimensity  810 5G,dimensity,Octa Core, 2.4 GHz Processor,"8 GB RAM, 128 GB inbuilt",5000 mAh Battery with 33W Fast Charging,"6.6 inches, 1080 x 2400 px, 90 Hz Display with Punch Hole",50 MP + 8 MP Dual Rear & 16 MP Front Camera,"Memory Card (Hybrid), upto 1 TB",Android v11
368,372,sony,Sony Xperia Pro-I,134999,,"Dual Sim, 3G, 4G, 5G, VoLTE, Wi-Fi, NFC",True,True,False,"Snapdragon 888, Octa Core, 2.84 GHz Processor",Snapdragon 888,snapdragon,Octa Core, 2.84 GHz Processor,"12 GB RAM, 512 GB inbuilt",4500 mAh Battery with 30W Fast Charging,"6.5 inches, 1644 x 3840 px, 120 Hz Display",12 MP + 12 MP + 12 MP Triple Rear & 8 MP Front Camera,"Memory Card (Hybrid), upto 1 TB",Android v11
369,373,vivo,Vivo V21 Pro,32999,85.0,"Dual Sim, 3G, 4G, 5G, VoLTE, Wi-Fi",True,False,False,"Snapdragon 765G , Octa Core, 2.4 GHz Processor",Snapdragon 765G,snapdragon,Octa Core, 2.4 GHz Processor,"8 GB RAM, 128 GB inbuilt",4300 mAh Battery with 33W Fast Charging,"6.44 inches, 1080 x 2400 px Display with Small Notch",64 MP Quad Rear & 44 MP + 8 MP Dual Front Camera,Memory Card Not Supported,
370,374,poco,Poco X3,13499,80.0,"Dual Sim, 3G, 4G, VoLTE, Wi-Fi, IR Blaster",False,False,True,"Snapdragon  732G, Octa Core, 2.3 GHz Processor",Snapdragon  732G,snapdragon,Octa Core, 2.3 GHz Processor,"6 GB RAM, 64 GB inbuilt",6000 mAh Battery with 33W Fast Charging,"6.67 inches, 1080 x 2400 px, 120 Hz Display with Punch Hole",64 MP Quad Rear & 20 MP Front Camera,"Memory Card (Hybrid), upto 512 GB",Android v10
371,375,samsung,Samsung Galaxy S20 FE,35489,86.0,"Dual Sim, 3G, 4G, VoLTE, Wi-Fi, NFC",False,True,False,"Exynos 990, Octa Core, 2.73 GHz Processor",Exynos 990,exynos,Octa Core, 2.73 GHz Processor,"8 GB RAM, 128 GB inbuilt",4500 mAh Battery with 25W Fast Charging,"6.5 inches, 1080 x 2400 px, 120 Hz Display with Punch Hole",12 MP + 12 MP + 8 MP Triple Rear & 32 MP Front Camera,"Memory Card (Hybrid), upto 1 TB",Android v10.0
372,376,google,Google Pixel 4,20120,78.0,"Dual Sim, 3G, 4G, VoLTE, Wi-Fi, NFC",False,True,False,"Snapdragon 855, Octa Core, 2.8 GHz Processor",Snapdragon 855,snapdragon,Octa Core, 2.8 GHz Processor,"6 GB RAM, 64 GB inbuilt",2800 mAh Battery with Fast Charging,"5.7 inches, 1080 x 2280 px Display",16 MP + 12.2 MP Dual Rear & 8 MP + TOF 3D Dual Front Camera,Memory Card Not Supported,Android v10
373,377,samsung,Samsung Galaxy S10 Plus,42999,81.0,"Dual Sim, 3G, 4G, VoLTE, Wi-Fi, NFC",False,True,False,"Exynos 9820, Octa Core, 2.7 GHz Processor",Exynos 9820,exynos,Octa Core, 2.7 GHz Processor,"8 GB RAM, 128 GB inbuilt",4100 mAh Battery with 15W Fast Charging,"6.4 inches, 1440 x 3040 px Display with Punch Hole",16 MP + 12 MP + 12 MP Triple Rear & 10 MP + 8 MP Dual Front Camera,"Memory Card (Hybrid), upto 512 GB",Android v9.0 (Pie)
374,379,realme,Realme 11 Pro Plus,24999,78.0,"Dual Sim, 3G, 4G, 5G, VoLTE, Wi-Fi",True,False,False,"Dimensity  930, Octa Core, 2.2 GHz Processor",Dimensity  930,dimensity,Octa Core, 2.2 GHz Processor,"6 GB RAM, 128 GB inbuilt",4200 mAh Battery with 66W Fast Charging,"6.4 inches, 1080 x 2400 px, 90 Hz Display with Punch Hole",50 MP + 8 MP + 2 MP Triple Rear & 16 MP Front Camera,Memory Card Not Supported,Android v12
375,380,oppo,OPPO F21 Pro 4G,20999,82.0,"Dual Sim, 3G, 4G, VoLTE, Wi-Fi",False,False,False,"Snapdragon  680, Octa Core, 2.4 GHz Processor",Snapdragon  680,snapdragon,Octa Core, 2.4 GHz Processor,"8 GB RAM, 128 GB inbuilt",4500 mAh Battery with 33W Fast Charging,"6.5 inches, 1080 x 2400 px, 90 Hz Display with Punch Hole",64 MP + 2 MP + 2 MP Triple Rear & 32 MP Front Camera,"Memory Card Supported, upto 256 GB",Android v12
376,381,realme,Realme GT 2 5G,28994,84.0,"Dual Sim, 3G, 4G, 5G, VoLTE, Wi-Fi, NFC",True,True,False,"Snapdragon  888 , Octa Core, 2.84 GHz Processor",Snapdragon  888,snapdragon,Octa Core, 2.84 GHz Processor,"8 GB RAM, 128 GB inbuilt",5000 mAh Battery with 65W Fast Charging,"6.62 inches, 1080 x 2400 px, 120 Hz Display with Punch Hole",50 MP + 8 MP + 2 MP Triple Rear & 16 MP Front Camera,Memory Card Not Supported,
377,382,samsung,Samsung Galaxy S21,48900,88.0,"Dual Sim, 3G, 4G, 5G, VoLTE, Wi-Fi, NFC",True,True,False,"Exynos  2100, Octa Core, 2.9 GHz Processor",Exynos  2100,exynos,Octa Core, 2.9 GHz Processor,"8 GB RAM, 128 GB inbuilt",4000 mAh Battery with 25W Fast Charging,"6.2 inches, 1080 x 2400 px, 120 Hz Display with Punch Hole",64 MP + 12 MP + 12 MP Triple Rear & 10 MP Front Camera,Memory Card Not Supported,
378,383,samsung,Samsung Galaxy A71,22494,86.0,"Dual Sim, 3G, 4G, VoLTE, Wi-Fi",False,False,False,"Snapdragon 730, Octa Core, 2.2 GHz Processor",Snapdragon 730,snapdragon,Octa Core, 2.2 GHz Processor,"8 GB RAM, 128 GB inbuilt",4500 mAh Battery with 25W Fast Charging,"6.7 inches, 1080 x 2400 px Display with Punch Hole",64 MP Quad Rear & 32 MP Front Camera,"Memory Card Supported, upto 1 TB",Android v10
379,384,vivo,Vivo Y02s,8990,61.0,"Dual Sim, 3G, 4G, VoLTE, Wi-Fi",False,False,False,"Helio P35, Octa Core, 2.3 GHz Processor",Helio P35,helio,Octa Core, 2.3 GHz Processor,"3 GB RAM, 32 GB inbuilt",5000 mAh Battery with 10W Fast Charging,"6.51 inches, 720 x 1600 px Display with Water Drop Notch",8 MP Rear & 5 MP Front Camera,Memory Card Supported,Android v12
380,385,letv,Letv Y2 Pro,6999,,"Dual Sim, 3G, 4G, VoLTE, Wi-Fi",False,False,False,"Unisoc, Octa Core Processor",Unisoc,unisoc,Octa Core,,"4 GB RAM, 32 GB inbuilt",4000 mAh Battery,"6.5 inches, 720 x 1560 px Display with Small Notch",13 MP + Depth Sensor + Ultra Wide Triple Rear & 8 MP Front Camera,Memory Card Not Supported,
381,386,tecno,Tecno Spark 8C (4GB RAM + 64GB),8890,63.0,"Dual Sim, 3G, 4G, VoLTE, Wi-Fi",False,False,False,"Unisoc  T606, Octa Core, 2 GHz Processor",Unisoc  T606,unisoc,Octa Core, 2 GHz Processor,"4 GB RAM, 64 GB inbuilt",5000 mAh Battery,"6.6 inches, 720 x 1612 px, 90 Hz Display with Water Drop Notch",13 MP Dual Rear & 8 MP Front Camera,"Memory Card Supported, upto 256 GB",Android v11
382,387,iqoo,iQOO Z6 5G (8GB RAM + 128GB),18498,82.0,"Dual Sim, 3G, 4G, 5G, VoLTE, Wi-Fi",True,False,False,"Snapdragon  695 , Octa Core, 2.2 GHz Processor",Snapdragon  695,snapdragon,Octa Core, 2.2 GHz Processor,"8 GB RAM, 128 GB inbuilt",5000 mAh Battery with 18W Fast Charging,"6.58 inches, 1080 x 2408 px, 120 Hz Display with Water Drop Notch",50 MP + 2 MP + 2 MP Triple Rear & 16 MP Front Camera,"Memory Card (Hybrid), upto 1 TB",Android v12
383,388,vivo,Vivo T1 Pro,23999,81.0,"Dual Sim, 3G, 4G, 5G, VoLTE, Wi-Fi",True,False,False,"Snapdragon 778G, Octa Core, 2.4 GHz Processor",Snapdragon 778G,snapdragon,Octa Core, 2.4 GHz Processor,"6 GB RAM, 128 GB inbuilt",4700 mAh Battery with 66W Fast Charging,"6.44 inches, 1080 x 2404 px, 90 Hz Display with Water Drop Notch",64 MP + 8 MP + 2 MP Triple Rear & 16 MP Front Camera,"Memory Card (Hybrid), upto 1 TB",Android v12
384,389,realme,Realme 9 Pro Plus 5G (8GB RAM + 128GB),22994,81.0,"Dual Sim, 3G, 4G, 5G, VoLTE, Wi-Fi",True,False,False,"Dimensity  920 5G, Octa Core, 2.5 GHz Processor",Dimensity  920 5G,dimensity,Octa Core, 2.5 GHz Processor,"8 GB RAM, 128 GB inbuilt",4500 mAh Battery with 60W Fast Charging,"6.4 inches, 1080 x 2400 px, 90 Hz Display with Punch Hole",50 MP + 8 MP + 2 MP Triple Rear & 16 MP Front Camera,Memory Card Not Supported,Android v12
385,390,samsung,Samsung Galaxy A04s,12990,71.0,"Dual Sim, 3G, 4G, VoLTE, Wi-Fi",False,False,False,"Exynos 850, Octa Core, 2 GHz Processor",Exynos 850,exynos,Octa Core, 2 GHz Processor,"4 GB RAM, 64 GB inbuilt",5000 mAh Battery with 15W Fast Charging,"6.5 inches, 720 x 1600 px, 90 Hz Display with Water Drop Notch",50 MP + 2 MP + 2 MP Triple Rear & 5 MP Front Camera,"Memory Card Supported, upto 1 TB",Android v12
386,391,realme,Realme 9i (6GB RAM + 128GB),14999,78.0,"Dual Sim, 3G, 4G, VoLTE, Wi-Fi",False,False,False,"Snapdragon  680, Octa Core, 2.4 GHz Processor",Snapdragon  680,snapdragon,Octa Core, 2.4 GHz Processor,"6 GB RAM, 128 GB inbuilt",5000 mAh Battery with 33W Fast Charging,"6.6 inches, 1080 x 2412 px, 90 Hz Display with Punch Hole",50 MP + 2 MP + 2 MP Triple Rear & 16 MP Front Camera,"Memory Card Supported, upto 1 TB",Android v11
387,392,realme,Realme 8 5G (8GB RAM + 128GB),18499,80.0,"Dual Sim, 3G, 4G, 5G, VoLTE, Wi-Fi",True,False,False,"Dimensity 700 5G, Octa Core, 2.2 GHz Processor",Dimensity 700 5G,dimensity,Octa Core, 2.2 GHz Processor,"8 GB RAM, 128 GB inbuilt",5000 mAh Battery with 18W Fast Charging,"6.5 inches, 1080 x 2400 px, 90 Hz Display with Punch Hole",48 MP + 2 MP + 2 MP Triple Rear & 16 MP Front Camera,"Memory Card Supported, upto 1 TB",Android v11
388,393,oppo,OPPO F19,14990,78.0,"Dual Sim, 3G, 4G, VoLTE, Wi-Fi",False,False,False,"Snapdragon 662 , Octa Core, 2 GHz Processor",Snapdragon 662,snapdragon,Octa Core, 2 GHz Processor,"6 GB RAM, 128 GB inbuilt",5000 mAh Battery with 33W Fast Charging,"6.4 inches, 1080 x 2400 px Display with Punch Hole",48 MP + 8 MP + 2 MP Triple Rear & 16 MP Front Camera,"Memory Card Supported, upto 256 GB",Android v11
389,394,oppo,OPPO Find N2 Flip,70990,88.0,"Single Sim, 3G, 4G, 5G, VoLTE, Wi-Fi, NFC",True,True,False,"Dimensity 9000 Plus, Octa Core, 3.2 GHz Processor",Dimensity 9000 Plus,dimensity,Octa Core, 3.2 GHz Processor,"8 GB RAM, 256 GB inbuilt",4300 mAh Battery with 44W Fast Charging,"6.8 inches, 1080 x 2520 px, 120 Hz Display with Punch Hole",50 MP + 8 MP Dual Rear & 32 MP Front Camera,Memory Card Not Supported,
390,395,samsung,Samsung Galaxy M32 Prime Edition,12120,75.0,"Dual Sim, 3G, 4G, VoLTE, Wi-Fi",False,False,False,"Helio G80, Octa Core, 2 GHz Processor",Helio G80,helio,Octa Core, 2 GHz Processor,"4 GB RAM, 64 GB inbuilt",6000 mAh Battery with 15W Fast Charging,"6.4 inches, 1080 x 2400 px, 90 Hz Display with Water Drop Notch",64 MP Quad Rear & 20 MP Front Camera,"Memory Card Supported, upto 1 TB",Android v11
391,396,oukitel,Oukitel WP19,29990,84.0,"Dual Sim, 3G, 4G, VoLTE, Wi-Fi, NFC",False,True,False,"Helio G95, Octa Core, 2 GHz Processor",Helio G95,helio,Octa Core, 2 GHz Processor,"8 GB RAM, 256 GB inbuilt",21000 mAh Battery with 33W Fast Charging,"6.78 inches, 1080 x 2400 px Display with Punch Hole",64 MP + 20 MP + 2 MP Triple Rear & 16 MP Front Camera,Memory Card Supported,Android v12
392,397,realme,Realme 9 Pro 5G (8GB RAM + 128GB),20999,82.0,"Dual Sim, 3G, 4G, 5G, VoLTE, Wi-Fi",True,False,False,"Snapdragon  695, Octa Core, 2.2 GHz Processor",Snapdragon  695,snapdragon,Octa Core, 2.2 GHz Processor,"8 GB RAM, 128 GB inbuilt",5000 mAh Battery with 33W Fast Charging,"6.6 inches, 1080 x 2412 px, 120 Hz Display with Punch Hole",64 MP + 8 MP + 2 MP Triple Rear & 16 MP Front Camera,"Memory Card Supported, upto 256 GB",Android v12
393,398,xiaomi,Xiaomi Redmi Note 10 Lite (6GB RAM + 128GB),11999,80.0,"Dual Sim, 3G, 4G, VoLTE, Wi-Fi, IR Blaster",False,False,True,"Snapdragon 720G, Octa Core, 2.3 GHz Processor",Snapdragon 720G,snapdragon,Octa Core, 2.3 GHz Processor,"6 GB RAM, 128 GB inbuilt",5020 mAh Battery with 18W Fast Charging,"6.67 inches, 1080 x 2400 px Display with Punch Hole",48 MP Quad Rear & 16 MP Front Camera,"Memory Card Supported, upto 512 GB",Android v10.0
394,399,samsung,Samsung Galaxy A13 5G,17990,73.0,"Dual Sim, 3G, 4G, 5G, VoLTE, Wi-Fi, NFC",True,True,False,"Dimensity 700 5G, Octa Core, 2.2 GHz Processor",Dimensity 700 5G,dimensity,Octa Core, 2.2 GHz Processor,"4 GB RAM, 64 GB inbuilt",5000 mAh Battery with 15W Fast Charging,"6.5 inches, 720 x 1600 px, 90 Hz Display with Water Drop Notch",50 MP + 2 MP + 2 MP Triple Rear & 5 MP Front Camera,Memory Card Supported,Android v11
395,400,xiaomi,Xiaomi Redmi Note 11 5G,14990,77.0,"Dual Sim, 3G, 4G, 5G, VoLTE, Wi-Fi, IR Blaster",True,False,True,"Dimensity  810 5G, Octa Core, 2.4 GHz Processor",Dimensity  810 5G,dimensity,Octa Core, 2.4 GHz Processor,"4 GB RAM, 128 GB inbuilt",5000 mAh Battery with 33W Fast Charging,"6.6 inches, 1080 x 2400 px, 90 Hz Display with Punch Hole",50 MP + 8 MP Dual Rear & 16 MP Front Camera,"Memory Card Supported, upto 512 GB",Android v11
396,401,itel,itel P36,6490,,"Dual Sim, 3G, 4G, VoLTE, Wi-Fi",False,False,False,"Spreadtrum  SC7731E, Quad Core, 1.3 GHz Processor",Spreadtrum  SC7731E,spreadtrum,Quad Core, 1.3 GHz Processor,"1 GB RAM, 16 GB inbuilt",5000 mAh Battery,"6.5 inches, 1600 x 720 px Display with Water Drop Notch",8 MP + 0.3 MP Dual Rear & 8 MP Front Camera,Memory Card Not Supported,
397,403,realme,Realme GT Neo 5,34999,83.0,"Dual Sim, 3G, 4G, 5G, VoLTE, Wi-Fi, NFC",True,True,False,"Snapdragon  8+ Gen1, Octa Core, 3.2 GHz Processor",Snapdragon  8+ Gen1,snapdragon,Octa Core, 3.2 GHz Processor,"8 GB RAM, 128 GB inbuilt",4600 mAh Battery with 240W Fast Charging,"6.7 inches, 1080 x 2412 px, 120 Hz Display with Punch Hole",50 MP + 8 MP + 2 MP Triple Rear & 16 MP Front Camera,Memory Card Not Supported,
398,404,apple,Apple iPhone 15 Ultra,149900,79.0,"Dual Sim, 3G, 4G, 5G, VoLTE, Wi-Fi, NFC",True,True,False,"Bionic  A17, Octa Core Processor",Bionic  A17,bionic,Octa Core,,"8 GB RAM, 128 GB inbuilt",4700 mAh Battery with Fast Charging,"6.73 inches, 1290 x 2796 px, 120 Hz Display",48 MP + 12 MP + 12 MP Triple Rear & 12 MP Front Camera,Memory Card Not Supported,iOS v17
399,405,poco,Poco C50,6499,,"Dual Sim, 3G, 4G, VoLTE, Wi-Fi",False,False,False,"Helio A22, Quad Core, 2 GHz Processor",Helio A22,helio,Quad Core, 2 GHz Processor,"2 GB RAM, 32 GB inbuilt",5000 mAh Battery with 10W Fast Charging,"6.52 inches, 720 x 1600 px Display with Water Drop Notch",8 MP Dual Rear & 5 MP Front Camera,"Memory Card Supported, upto 512 GB",Android v12
400,406,samsung,Samsung Galaxy Note 30 Ultra 5G,104999,,"Dual Sim, 3G, 4G, 5G, VoLTE, Wi-Fi, NFC",True,True,False,"Snapdragon  8+ Gen1, Octa Core, 3.2 GHz Processor",Snapdragon  8+ Gen1,snapdragon,Octa Core, 3.2 GHz Processor,"12 GB RAM, 256 GB inbuilt",4500 mAh Battery with 67W Fast Charging,"6.71 inches, 1440 x 3214 px, 120 Hz Display with Punch Hole",200 MP + 12 MP + 12 MP Triple Rear & 10 MP Front Camera,"Memory Card (Hybrid), upto 1 TB",Android v12
401,407,realme,Realme 9i (4GB RAM + 128GB),13999,75.0,"Dual Sim, 3G, 4G, VoLTE, Wi-Fi",False,False,False,"Snapdragon  680, Octa Core, 2.4 GHz Processor",Snapdragon  680,snapdragon,Octa Core, 2.4 GHz Processor,"4 GB RAM, 128 GB inbuilt",5000 mAh Battery with 33W Fast Charging,"6.6 inches, 1080 x 2412 px, 90 Hz Display with Punch Hole",50 MP + 2 MP + 2 MP Triple Rear & 16 MP Front Camera,"Memory Card Supported, upto 1 TB",Android v11
402,408,xiaomi,Xiaomi Redmi Note 11T 5G,16999,79.0,"Dual Sim, 3G, 4G, 5G, VoLTE, Wi-Fi, IR Blaster",True,False,True,"Dimensity  810 5G, Octa Core, 2.4 GHz Processor",Dimensity  810 5G,dimensity,Octa Core, 2.4 GHz Processor,"6 GB RAM, 64 GB inbuilt",5000 mAh Battery with 33W Fast Charging,"6.6 inches, 1080 x 2400 px, 90 Hz Display with Punch Hole",50 MP + 8 MP Dual Rear & 16 MP Front Camera,"Memory Card (Hybrid), upto 1 TB",Android v11
403,409,vivo,Vivo X80 Pro 5G,79999,,"Dual Sim, 3G, 4G, 5G, VoLTE, Wi-Fi, NFC",True,True,False,"Snapdragon  8 Gen1, Octa Core, 3 GHz Processor",Snapdragon  8 Gen1,snapdragon,Octa Core, 3 GHz Processor,"12 GB RAM, 256 GB inbuilt",4700 mAh Battery with 80W Fast Charging,"6.78 inches, 1440 x 3200 px, 120 Hz Display with Punch Hole",50 MP Quad Rear & 32 MP Front Camera,Memory Card Not Supported,Android v12
404,410,oppo,OPPO Reno 6 Pro 5G,36760,87.0,"Dual Sim, 3G, 4G, 5G, VoLTE, Wi-Fi, NFC",True,True,False,"Dimensity 1200, Octa Core, 3 GHz Processor",Dimensity 1200,dimensity,Octa Core, 3 GHz Processor,"12 GB RAM, 256 GB inbuilt",4500 mAh Battery with 65W Fast Charging,"6.55 inches, 1080 x 2400 px, 90 Hz Display with Punch Hole",64 MP Quad Rear & 32 MP Front Camera,Memory Card Not Supported,Android v11
405,411,xiaomi,Xiaomi Mi 11i 5G,23499,81.0,"Dual Sim, 3G, 4G, 5G, VoLTE, Wi-Fi, IR Blaster",True,False,True,"Dimensity  920 5G, Octa Core, 2.5 GHz Processor",Dimensity  920 5G,dimensity,Octa Core, 2.5 GHz Processor,"6 GB RAM, 128 GB inbuilt",5160 mAh Battery with 67W Fast Charging,"6.67 inches, 2400 x 1080 px, 120 Hz Display with Punch Hole",108 MP + 8 MP + 2 MP Triple Rear & 16 MP Front Camera,"Memory Card (Hybrid), upto 1 TB",Android v11
406,412,asus,Asus ROG Phone 7,75990,87.0,"Dual Sim, 3G, 4G, 5G, VoLTE, Wi-Fi, NFC",True,True,False,"Snapdragon 8 Gen2, Octa Core, 3.2 GHz Processor",Snapdragon 8 Gen2,snapdragon,Octa Core, 3.2 GHz Processor,"18 GB RAM, 256 GB inbuilt",6000 mAh Battery with 120W Fast Charging,"6.8 inches, 1080 x 2448 px, 165 Hz Display",64 MP + 16 MP + 8 MP Triple Rear & 32 MP Front Camera,Memory Card Not Supported,Android v13
407,413,oppo,Oppo A77 5G,21990,76.0,"Dual Sim, 3G, 4G, 5G, VoLTE, Wi-Fi",True,False,False,"Snapdragon  810, Octa Core, 2.4 GHz Processor",Snapdragon  810,snapdragon,Octa Core, 2.4 GHz Processor,"6 GB RAM, 128 GB inbuilt",5000 mAh Battery with 33W Fast Charging,"6.56 inches, 720 x 1600 px, 90 Hz Display with Water Drop Notch",48 MP + 2 MP Dual Rear & 8 MP Front Camera,Memory Card Supported,Android v12
408,414,realme,Realme 9 5G SE,18999,80.0,"Dual Sim, 3G, 4G, 5G, VoLTE, Wi-Fi",True,False,False,"Snapdragon  778G, Octa Core, 2.4 GHz Processor",Snapdragon  778G,snapdragon,Octa Core, 2.4 GHz Processor,"6 GB RAM, 128 GB inbuilt",5000 mAh Battery with 30W Fast Charging,"6.6 inches, 1080 x 2412 px, 144 Hz Display with Punch Hole",48 MP + 2 MP + 2 MP Triple Rear & 16 MP Front Camera,"Memory Card Supported, upto 1 TB",Android v11
409,415,samsung,Samsung Galaxy A03,7249,66.0,"Dual Sim, 3G, 4G, VoLTE, Wi-Fi",False,False,False,"Unisoc  T606, Octa Core, 1.6 GHz Processor",Unisoc  T606,unisoc,Octa Core, 1.6 GHz Processor,"3 GB RAM, 32 GB inbuilt",5000 mAh Battery with 15W Fast Charging,"6.5 inches, 720 x 1560 px Display with Water Drop Notch",48 MP + 2 MP Dual Rear & 5 MP Front Camera,"Memory Card Supported, upto 1 TB",Android v11
410,416,oneplus,OnePlus Nord N200,16990,75.0,"Dual Sim, 3G, 4G, 5G, VoLTE, Wi-Fi, NFC",True,True,False,"Snapdragon  480 , Octa Core, 2 GHz Processor",Snapdragon  480,snapdragon,Octa Core, 2 GHz Processor,"4 GB RAM, 64 GB inbuilt",5000 mAh Battery with 18W Fast Charging,"6.49 inches, 1080 x 2400 px, 90 Hz Display with Punch Hole",13 MP + 2 MP + 2 MP Triple Rear & 16 MP Front Camera,Memory Card Supported,Android v11
411,417,xiaomi,Xiaomi Mi 11X,23890,80.0,"Dual Sim, 3G, 4G, 5G, VoLTE, Wi-Fi, IR Blaster",True,False,True,"Snapdragon 870, Octa Core, 3.2 GHz Processor",Snapdragon 870,snapdragon,Octa Core, 3.2 GHz Processor,"6 GB RAM, 128 GB inbuilt",4520 mAh Battery with 33W Fast Charging,"6.67 inches, 1080 x 2400 px, 120 Hz Display with Punch Hole",48 MP + 8 MP + 5 MP Triple Rear & 20 MP Front Camera,Memory Card Not Supported,
412,418,oppo,OPPO Reno 6,26380,83.0,"Dual Sim, 3G, 4G, 5G, VoLTE, Wi-Fi, NFC",True,True,False,"Dimensity 900, Octa Core, 2 GHz Processor",Dimensity 900,dimensity,Octa Core, 2 GHz Processor,"8 GB RAM, 128 GB inbuilt",4300 mAh Battery with 65W Fast Charging,"6.43 inches, 1080 x 2400 px, 90 Hz Display with Punch Hole",64 MP + 8 MP + 2 MP Triple Rear & 32 MP Front Camera,Memory Card Not Supported,Android v11
413,419,realme,Realme X50 Pro 5G (12GB RAM + 256GB),27999,87.0,"Dual Sim, 3G, 4G, 5G, VoLTE, Wi-Fi, NFC",True,True,False,"Snapdragon 865, Octa Core, 2.84 GHz Processor",Snapdragon 865,snapdragon,Octa Core, 2.84 GHz Processor,"12 GB RAM, 256 GB inbuilt",4200 mAh Battery with 65W Fast Charging,"6.44 inches, 1080 x 2400 px, 90 Hz Display with Dual Punch Hole",64 MP Quad Rear & 32 MP + 8 MP Dual Front Camera,Memory Card Not Supported,Android v10
414,420,xiaomi,Xiaomi Redmi 10A (6GB RAM + 128GB),10850,70.0,"Dual Sim, 3G, 4G, VoLTE, Wi-Fi",False,False,False,"Helio  G25, Octa Core, 2 GHz Processor",Helio  G25,helio,Octa Core, 2 GHz Processor,"6 GB RAM, 128 GB inbuilt",5000 mAh Battery,"6.53 inches, 720 x 1600 px Display with Water Drop Notch",13 MP Rear & 5 MP Front Camera,"Memory Card Supported, upto 512 GB",Android v11
415,421,redmi,Redmi Note 12 Pro Speed Edition,19999,81.0,"Dual Sim, 3G, 4G, 5G, VoLTE, Wi-Fi, NFC, IR Blaster",True,True,True,"Snapdragon 778G, Octa Core, 2.4 GHz Processor",Snapdragon 778G,snapdragon,Octa Core, 2.4 GHz Processor,"6 GB RAM, 128 GB inbuilt",5000 mAh Battery with 67W Fast Charging,"6.67 inches, 1080 x 2400 px, 120 Hz Display with Punch Hole",108 MP + 8 MP + 2 MP Triple Rear & 16 MP Front Camera,Memory Card Not Supported,Android v13
416,422,apple,Apple iPhone 14 Pro (256GB),129990,76.0,"Dual Sim, 3G, 4G, 5G, VoLTE, Wi-Fi, NFC",True,True,False,"Bionic  A16, Hexa Core Processor",Bionic  A16,bionic,Hexa Core,,"6 GB RAM, 256 GB inbuilt",3200 mAh Battery with Fast Charging,"6.1 inches, 1179 x 2556 px, 120 Hz Display",48 MP + 12 MP + 12 MP Triple Rear & 12 MP Front Camera,Memory Card Not Supported,iOS v16
417,423,motorola,Motorola Moto G72,19990,81.0,"Dual Sim, 3G, 4G, 5G, VoLTE, Wi-Fi, NFC",True,True,False,"Snapdragon 695, Octa Core, 2.2 GHz Processor",Snapdragon 695,snapdragon,Octa Core, 2.2 GHz Processor,"6 GB RAM, 128 GB inbuilt",5000 mAh Battery with 33W Fast Charging,"6.5 inches, 1080 x 2400 px, 120 Hz Display with Punch Hole",108 MP + 8 MP + 2 MP Triple Rear & 16 MP Front Camera,Memory Card Not Supported,Android v12
418,424,motorola,Motorola Moto X30 Pro,41990,,"Dual Sim, 3G, 4G, 5G, VoLTE, Wi-Fi, NFC",True,True,False,"Snapdragon 8+ Gen1, Octa Core, 3.2 GHz Processor",Snapdragon 8+ Gen1,snapdragon,Octa Core, 3.2 GHz Processor,"8 GB RAM, 128 GB inbuilt",4450 mAh Battery with 125W Fast Charging,"6.67 inches, 1080 x 2400 px, 144 Hz Display with Punch Hole",200 MP + 50 MP + 12 MP Triple Rear & 60 MP Front Camera,Memory Card Not Supported,
419,425,xiaomi,Xiaomi 12S Ultra,69990,,"Dual Sim, 3G, 4G, 5G, VoLTE, Wi-Fi, NFC, IR Blaster",True,True,True,"Snapdragon 8+ Gen1, Octa Core, 3.2 GHz Processor",Snapdragon 8+ Gen1,snapdragon,Octa Core, 3.2 GHz Processor,"8 GB RAM, 256 GB inbuilt",4860 mAh Battery with 67W Fast Charging,"6.73 inches, 1440 x 3200 px, 120 Hz Display with Punch Hole",50 MP + 48 MP + 48 MP Triple Rear & 32 MP Front Camera,Memory Card Not Supported,
420,426,honor,Honor 70 5G,39990,88.0,"Dual Sim, 3G, 4G, 5G, VoLTE, Wi-Fi, NFC",True,True,False,"Snapdragon  778G Plus, Octa Core, 2.5 GHz Processor",Snapdragon  778G Plus,snapdragon,Octa Core, 2.5 GHz Processor,"12 GB RAM, 512 GB inbuilt",4800 mAh Battery with 66W Fast Charging,"6.67 inches, 1080 x 2400 px, 120 Hz Display with Punch Hole",54 MP + 50 MP + 2 MP Triple Rear & 32 MP Front Camera,Memory Card Not Supported,
421,427,oneplus,OnePlus 10 Pro 5G (12GB RAM + 512GB),74999,,"Dual Sim, 3G, 4G, 5G, VoLTE, Wi-Fi, NFC",True,True,False,"Snapdragon  8 Gen1, Octa Core, 3 GHz Processor",Snapdragon  8 Gen1,snapdragon,Octa Core, 3 GHz Processor,"12 GB RAM, 512 GB inbuilt",5000 mAh Battery with 80W Fast Charging,"6.7 inches, 1440 x 3216 px, 120 Hz Display with Punch Hole",50 MP + 48 MP + 8 MP Triple Rear & 32 MP Front Camera,Memory Card Not Supported,
422,428,vivo,Vivo V23 Pro 5G (12GB RAM + 256GB),36994,87.0,"Dual Sim, 3G, 4G, 5G, VoLTE, Wi-Fi",True,False,False,"Dimensity 1200, Octa Core, 3 GHz Processor",Dimensity 1200,dimensity,Octa Core, 3 GHz Processor,"12 GB RAM, 256 GB inbuilt",4300 mAh Battery with 44W Fast Charging,"6.56 inches, 1080 x 2376 px, 90 Hz Display with Small Notch",108 MP + 8 MP + 2 MP Triple Rear & 50 MP + 8 MP Dual Front Camera,Memory Card Not Supported,Android v12
423,429,oppo,OPPO A55 4G (6GB RAM + 128GB),14700,76.0,"Dual Sim, 3G, 4G, VoLTE, Wi-Fi",False,False,False,"Helio G35, Octa Core, 2.3 GHz Processor",Helio G35,helio,Octa Core, 2.3 GHz Processor,"6 GB RAM, 128 GB inbuilt",5000 mAh Battery with 18W Fast Charging,"6.51 inches, 720 x 1600 px Display with Punch Hole",50 MP + 2 MP + 2 MP Triple Rear & 16 MP Front Camera,"Memory Card Supported, upto 256 GB",Android v11
424,430,xiaomi,Xiaomi Mi 11T Pro 5G,34990,86.0,"Dual Sim, 3G, 4G, 5G, VoLTE, Wi-Fi, NFC, IR Blaster",True,True,True,"Snapdragon  888 , Octa Core, 2.84 GHz Processor",Snapdragon  888,snapdragon,Octa Core, 2.84 GHz Processor,"8 GB RAM, 128 GB inbuilt",5000 mAh Battery with 120W Fast Charging,"6.67 inches, 1080 x 2400 px, 120 Hz Display with Punch Hole",108 MP + 8 MP + 5 MP Triple Rear & 16 MP Front Camera,Memory Card Not Supported,
425,431,nokia,Nokia X50 5G,34999,76.0,"Single Sim, 3G, 4G, 5G, VoLTE, Wi-Fi",True,False,False,Snapdragon 775,Snapdragon 775,snapdragon,,,"6 GB RAM, 64 GB inbuilt",6000 mAh Battery with 33W Fast Charging,"6.81 inches, 1080 x 2400 px Display with Punch Hole",108 MP Quad Rear & 32 MP Front Camera,Memory Card Supported,Android v11
426,432,xiaomi,Xiaomi Redmi Note 10,13990,75.0,"Dual Sim, 3G, 4G, VoLTE, Wi-Fi, IR Blaster",False,False,True,"Snapdragon 678, Octa Core, 2.2 GHz Processor",Snapdragon 678,snapdragon,Octa Core, 2.2 GHz Processor,"4 GB RAM, 64 GB inbuilt",5000 mAh Battery with 33W Fast Charging,"6.43 inches, 1080 x 2400 px Display with Punch Hole",48 MP Quad Rear & 13 MP Front Camera,"Memory Card Supported, upto 512 GB",Android v11
427,433,vertu,Vertu Signature Touch,650000,62.0,"Single Sim, 3G, 4G, Wi-Fi, NFC",False,True,False,"Snapdragon 801, Octa Core, 1.5 GHz Processor",Snapdragon 801,snapdragon,Octa Core, 1.5 GHz Processor,"2 GB RAM, 64 GB inbuilt",2275 mAh Battery,"4.7 inches, 1080 x 1920 px Display",13 MP Rear & 2.1 MP Front Camera,Memory Card Not Supported,Android v4.4.2 (KitKat)
428,434,samsung,Samsung Galaxy M32 Prime Edition (6GB RAM + 128GB),14859,79.0,"Dual Sim, 3G, 4G, VoLTE, Wi-Fi",False,False,False,"Helio G80, Octa Core, 2 GHz Processor",Helio G80,helio,Octa Core, 2 GHz Processor,"6 GB RAM, 128 GB inbuilt",6000 mAh Battery with 15W Fast Charging,"6.4 inches, 1080 x 2400 px, 90 Hz Display with Water Drop Notch",64 MP Quad Rear & 20 MP Front Camera,"Memory Card Supported, upto 1 TB",Android v11
429,435,tecno,Tecno Camon 19 Pro Mondrian Edition,17999,84.0,"Dual Sim, 3G, 4G, VoLTE, Wi-Fi, NFC",False,True,False,"Helio G96, Octa Core, 2.05 GHz Processor",Helio G96,helio,Octa Core, 2.05 GHz Processor,"8 GB RAM, 128 GB inbuilt",5000 mAh Battery with 33W Fast Charging,"6.8 inches, 1080 x 2460 px, 120 Hz Display with Punch Hole",64 MP + 50 MP + 2 MP Triple Rear & 32 MP Front Camera,"Memory Card Supported, upto 512 GB",Android v12
430,436,poco,Poco F5,34990,85.0,"Dual Sim, 3G, 4G, 5G, VoLTE, Wi-Fi, NFC",True,True,False,"Snapdragon 8+ Gen1, Octa Core, 3.2 GHz Processor",Snapdragon 8+ Gen1,snapdragon,Octa Core, 3.2 GHz Processor,"8 GB RAM, 128 GB inbuilt",4700 mAh Battery with 67W Fast Charging,"6.7 inches, 1080 x 2400 px, 120 Hz Display with Punch Hole",64 MP + 8 MP + 5 MP Triple Rear & 32 MP Front Camera,Memory Card Not Supported,
431,437,blu,BLU F91 5G,14990,85.0,"Dual Sim, 3G, 4G, 5G, VoLTE, Wi-Fi, NFC",True,True,False,"Dimensity  810 5G, Octa Core, 2.4 GHz Processor",Dimensity  810 5G,dimensity,Octa Core, 2.4 GHz Processor,"8 GB RAM, 128 GB inbuilt",5000 mAh Battery with Fast Charging,"6.8 inches, 1080 x 2460 px Display",48 MP Quad Rear & 16 MP Front Camera,Memory Card Supported,Android v11
432,438,oppo,OPPO A16e,8999,65.0,"Dual Sim, 3G, 4G, VoLTE, Wi-Fi",False,False,False,"Helio P22, Octa Core, 2 GHz Processor",Helio P22,helio,Octa Core, 2 GHz Processor,"3 GB RAM, 32 GB inbuilt",4230 mAh Battery,"6.52 inches, 720 x 1600 px Display with Water Drop Notch",13 MP Rear & 5 MP Front Camera,"Memory Card (Hybrid), upto 1 TB",Android v11
433,439,motorola,Motorola Moto E32,8999,71.0,"Dual Sim, 3G, 4G, VoLTE, Wi-Fi",False,False,False,"Helio G37, Octa Core, 2.3 GHz Processor",Helio G37,helio,Octa Core, 2.3 GHz Processor,"4 GB RAM, 64 GB inbuilt",5000 mAh Battery with 10W Fast Charging,"6.5 inches, 720 x 1600 px, 90 Hz Display with Punch Hole",50 MP + 2 MP Dual Rear & 8 MP Front Camera,"Memory Card Supported, upto 1 TB",Android v12
434,440,xiaomi,Xiaomi Redmi Note 11S (8GB RAM + 128GB),15824,84.0,"Dual Sim, 3G, 4G, VoLTE, Wi-Fi, IR Blaster",False,False,True,"Helio  G96, Octa Core, 2.05 GHz Processor",Helio  G96,helio,Octa Core, 2.05 GHz Processor,"8 GB RAM, 128 GB inbuilt",5000 mAh Battery with 33W Fast Charging,"6.43 inches, 1080 x 2400 px, 90 Hz Display with Punch Hole",108 MP Quad Rear & 16 MP Front Camera,"Memory Card Supported, upto 512 GB",Android v11
435,441,apple,Apple iPhone SE 3 2022,43900,,"Dual Sim, 3G, 4G, 5G, VoLTE, Wi-Fi, NFC",True,True,False,"Bionic  A15, Hexa Core, 3.22 GHz Processor",Bionic  A15,bionic,Hexa Core, 3.22 GHz Processor,64 GB inbuilt,,"4.7 inches, 750 x 1334 px Display",12 MP Rear & 7 MP Front Camera,Memory Card Not Supported,iOS v15
436,442,samsung,Samsung Galaxy A52 (8GB RAM + 128GB),22494,86.0,"Dual Sim, 3G, 4G, VoLTE, Wi-Fi",False,False,False,"Snapdragon  720G, Octa Core, 2.3 GHz Processor",Snapdragon  720G,snapdragon,Octa Core, 2.3 GHz Processor,"8 GB RAM, 128 GB inbuilt",4500 mAh Battery with 25W Fast Charging,"6.5 inches, 1080 x 2400 px, 90 Hz Display with Punch Hole",64 MP Quad Rear & 32 MP Front Camera,"Memory Card Supported, upto 1 TB",Android v11
437,443,poco,Poco X3 Pro,19650,82.0,"Dual Sim, 3G, 4G, VoLTE, Wi-Fi, IR Blaster",False,False,True,"Snapdragon 860, Octa Core, 2.96 GHz Processor",Snapdragon 860,snapdragon,Octa Core, 2.96 GHz Processor,"6 GB RAM, 128 GB inbuilt",5160 mAh Battery with 33W Fast Charging,"6.67 inches, 1080 x 2400 px, 120 Hz Display with Punch Hole",48 MP Quad Rear & 20 MP Front Camera,Memory Card (Hybrid),Android v11
438,444,xiaomi,Xiaomi Redmi 9A,6999,61.0,"Dual Sim, 3G, 4G, VoLTE, Wi-Fi",False,False,False,"Helio G25, Octa Core, 2 GHz Processor",Helio G25,helio,Octa Core, 2 GHz Processor,"2 GB RAM, 32 GB inbuilt",5000 mAh Battery,"6.53 inches, 720 x 1600 px Display with Water Drop Notch",13 MP Rear & 5 MP Front Camera,"Memory Card Supported, upto 512 GB",Android v10
439,445,samsung,Samsung Galaxy A32,16499,80.0,"Dual Sim, 3G, 4G, VoLTE, Wi-Fi",False,False,False,"Helio G80, Octa Core, 2 GHz Processor",Helio G80,helio,Octa Core, 2 GHz Processor,"6 GB RAM, 128 GB inbuilt",5000 mAh Battery with 15W Fast Charging,"6.4 inches, 1080 x 2400 px, 90 Hz Display with Water Drop Notch",64 MP Quad Rear & 20 MP Front Camera,"Memory Card Supported, upto 1 TB",Android v11
440,446,motorola,Motorola Moto G13,15999,75.0,"Dual Sim, 3G, 4G, VoLTE, Wi-Fi, NFC",False,True,False,"Helio G85, Octa Core, 2 GHz Processor",Helio G85,helio,Octa Core, 2 GHz Processor,"4 GB RAM, 128 GB inbuilt",5000 mAh Battery with 10W Fast Charging,"6.5 inches, 720 x 1600 px, 90 Hz Display with Punch Hole",50 MP + 2 MP + 2 MP Triple Rear & 8 MP Front Camera,"Memory Card (Hybrid), upto 512 GB",Android v13
441,447,asus,Asus ROG Phone 6 Batman Edition,72999,88.0,"Dual Sim, 3G, 4G, 5G, VoLTE, Wi-Fi, NFC",True,True,False,"Dimensity 9000 Plus, Octa Core, 3.2 GHz Processor",Dimensity 9000 Plus,dimensity,Octa Core, 3.2 GHz Processor,"16 GB RAM, 256 GB inbuilt",6000 mAh Battery with 65W Fast Charging,"6.78 inches, 1080 x 2448 px, 165 Hz Display",50 MP + 13 MP + 5 MP Triple Rear & 12 MP Front Camera,Memory Card Not Supported,Android v12
442,448,xiaomi,Xiaomi Redmi Note 12 Pro Plus (6GB RAM + 128GB),26999,84.0,"Dual Sim, 3G, 4G, 5G, VoLTE, Wi-Fi, IR Blaster",True,False,True,"Dimensity 1080, Octa Core, 2.6 GHz Processor",Dimensity 1080,dimensity,Octa Core, 2.6 GHz Processor,"6 GB RAM, 128 GB inbuilt",4980 mAh Battery with 120W Fast Charging,"6.67 inches, 1080 x 2400 px, 120 Hz Display with Punch Hole",200 MP + 8 MP + 2 MP Triple Rear & 16 MP Front Camera,Memory Card Not Supported,Android v12
443,449,infinix,Infinix Smart 6 HD,6999,,"Dual Sim, 3G, 4G, VoLTE, Wi-Fi",False,False,False,"Helio A22, Quad Core, 2 GHz Processor",Helio A22,helio,Quad Core, 2 GHz Processor,"2 GB RAM, 32 GB inbuilt",5000 mAh Battery,"6.6 inches, 720 x 1600 px Display with Water Drop Notch",8 MP Dual Rear & 5 MP Front Camera,"Memory Card Supported, upto 512 GB",Android v11
444,450,apple,Apple iPhone 15 Pro,130990,75.0,"Dual Sim, 3G, 4G, 5G, VoLTE, Wi-Fi, NFC",True,True,False,Bionic  A16,Bionic  A16,bionic,,,"8 GB RAM, 128 GB inbuilt",,"6.06 inches, 1170 x 2532 px, 120 Hz Display with Punch Hole",50 MP + 12 MP + 12 MP Triple Rear & 12 MP Front Camera,Memory Card Not Supported,iOS v15
445,451,realme,Realme C35 (4GB RAM + 128GB),12787,71.0,"Dual Sim, 3G, 4G, VoLTE, Wi-Fi",False,False,False,"Tiger  T616, Octa Core, 1.8 GHz Processor",Tiger  T616,tiger,Octa Core, 1.8 GHz Processor,"4 GB RAM, 128 GB inbuilt",5000 mAh Battery with 18W Fast Charging,"6.6 inches, 1080 x 2408 px, 90 Hz Display with Water Drop Notch",50 MP + 2 MP + 2 MP Triple Rear & 8 MP Front Camera,"Memory Card Supported, upto 1 TB",Android v11
446,452,infinix,Infinix Hot 12,9999,72.0,"Dual Sim, 3G, 4G, VoLTE, Wi-Fi",False,False,False,"Helio G37, Octa Core, 2.3 GHz Processor",Helio G37,helio,Octa Core, 2.3 GHz Processor,"4 GB RAM, 64 GB inbuilt",6000 mAh Battery with 18W Fast Charging,"6.82 inches, 720 x 1640 px, 90 Hz Display with Water Drop Notch",50 MP + 2 MP Triple Rear & 8 MP Front Camera,"Memory Card Supported, upto 512 GB",Android v11
447,453,vivo,Vivo X80 5G,54999,86.0,"Dual Sim, 3G, 4G, 5G, VoLTE, Wi-Fi",True,False,False,"Dimensity  9000, Octa Core, 3.05 GHz Processor",Dimensity  9000,dimensity,Octa Core, 3.05 GHz Processor,"8 GB RAM, 128 GB inbuilt",4500 mAh Battery with 80W Fast Charging,"6.78 inches, 1080 x 2400 px, 120 Hz Display with Punch Hole",50 MP + 12 MP + 12 MP Triple Rear & 32 MP Front Camera,Memory Card Not Supported,Android v12
448,454,vivo,Vivo Y53s,15490,79.0,"Dual Sim, 3G, 4G, VoLTE, Wi-Fi",False,False,False,"Helio G80, Octa Core, 2 GHz Processor",Helio G80,helio,Octa Core, 2 GHz Processor,"8 GB RAM, 128 GB inbuilt",5000 mAh Battery with 19W Fast Charging,"6.58 inches, 1080 x 2408 px Display with Water Drop Notch",64 MP + 2 MP + 2 MP Triple Rear & 16 MP Front Camera,"Memory Card Supported, upto 1 TB",Android v11
449,455,tecno,Tecno Phantom X,25999,84.0,"Dual Sim, 3G, 4G, VoLTE, Wi-Fi",False,False,False,"Helio G95, Octa Core, 2.05 GHz Processor",Helio G95,helio,Octa Core, 2.05 GHz Processor,"8 GB RAM, 256 GB inbuilt",4700 mAh Battery with 33W Fast Charging,"6.7 inches, 1080 x 2340 px, 90 Hz Display with Punch Hole",50 MP + 13 MP + 8 MP Triple Rear & 48 MP + 8 MP Dual Front Camera,Memory Card Not Supported,
450,456,samsung,Samsung Galaxy M04 (4GB RAM + 128GB),9499,68.0,"Dual Sim, 3G, 4G, VoLTE, Wi-Fi",False,False,False,"Helio P35, Octa Core, 2.3 GHz Processor",Helio P35,helio,Octa Core, 2.3 GHz Processor,"4 GB RAM, 128 GB inbuilt",5000 mAh Battery with 15W Fast Charging,"6.5 inches, 720 x 1600 px Display with Water Drop Notch",13 MP + 2 MP Dual Rear & 5 MP Front Camera,"Memory Card Supported, upto 1 TB",Android v12
451,457,redmi,Redmi 12C,7999,70.0,"Dual Sim, 3G, 4G, VoLTE, Wi-Fi",False,False,False,"Helio  G85, Octa Core, 2 GHz Processor",Helio  G85,helio,Octa Core, 2 GHz Processor,"4 GB RAM, 64 GB inbuilt",5000 mAh Battery,"6.71 inches, 720 x 1650 px Display with Water Drop Notch",50 MP + Depth Sensor Dual Rear & 5 MP Front Camera,"Memory Card Supported, upto 512 GB",Android v12
452,458,asus,Asus ZenFone 9,63990,86.0,"Dual Sim, 3G, 4G, 5G, VoLTE, Wi-Fi, NFC",True,True,False,"Snapdragon 8+ Gen1, Octa Core, 3.2 GHz Processor",Snapdragon 8+ Gen1,snapdragon,Octa Core, 3.2 GHz Processor,"8 GB RAM, 128 GB inbuilt",4300 mAh Battery with 30W Fast Charging,"5.9 inches, 1080 x 2400 px, 120 Hz Display with Punch Hole",50 MP + 12 MP Dual Rear & 12 MP Front Camera,Memory Card Not Supported,
453,459,sony,Sony Xperia L5 5G,15990,73.0,"Single Sim, 3G, 4G, VoLTE, Wi-Fi, NFC",False,True,False,"Helio  P35, Octa Core, 2.3 GHz Processor",Helio  P35,helio,Octa Core, 2.3 GHz Processor,"4 GB RAM, 64 GB inbuilt",4000 mAh Battery with Fast Charging,"6.2 inches, 720 x 1680 px Display",13 MP + 5 MP + 2 MP Triple Rear & 8 MP Front Camera,"Memory Card (Hybrid), upto 512 GB",Android v12
454,460,iqoo,iQOO 9 SE 5G (12GB RAM + 256GB),34949,85.0,"Dual Sim, 3G, 4G, 5G, VoLTE, Wi-Fi, NFC",True,True,False,"Snapdragon  888 , Octa Core, 2.84 GHz Processor",Snapdragon  888,snapdragon,Octa Core, 2.84 GHz Processor,"12 GB RAM, 256 GB inbuilt",4500 mAh Battery with 66W Fast Charging,"6.62 inches, 1080 x 2400 px, 120 Hz Display with Punch Hole",48 MP + 13 MP + 2 MP Triple Rear & 16 MP Front Camera,Memory Card Not Supported,
455,461,tecno,Tecno Spark 8 Pro,8799,72.0,"Dual Sim, 3G, 4G, VoLTE, Wi-Fi",False,False,False,"Helio G85 , Octa Core, 2 GHz Processor",Helio G85,helio,Octa Core, 2 GHz Processor,"4 GB RAM, 64 GB inbuilt",5000 mAh Battery with 33W Fast Charging,"6.8 inches, 1080 x 2460 px Display with Punch Hole",48 MP Triple Rear & 8 MP Front Camera,Memory Card Supported,Android v11
456,462,xiaomi,Xiaomi Redmi 10 Prime,12390,74.0,"Dual Sim, 3G, 4G, VoLTE, Wi-Fi, IR Blaster",False,False,True,"Helio G88, Octa Core, 2 GHz Processor",Helio G88,helio,Octa Core, 2 GHz Processor,"4 GB RAM, 64 GB inbuilt",6000 mAh Battery with 18W Fast Charging,"6.5 inches, 1080 x 2400 px, 90 Hz Display with Punch Hole",50 MP Quad Rear & 8 MP Front Camera,"Memory Card Supported, upto 512 GB",Android v11
457,463,samsung,Samsung Galaxy F22,11499,73.0,"Dual Sim, 3G, 4G, VoLTE, Wi-Fi",False,False,False,"Helio G80, Octa Core, 2 GHz Processor",Helio G80,helio,Octa Core, 2 GHz Processor,"4 GB RAM, 64 GB inbuilt",6000 mAh Battery,"6.4 inches, 720 x 1600 px, 90 Hz Display with Water Drop Notch",48 MP Quad Rear & 13 MP Front Camera,"Memory Card Supported, upto 1 TB",Android v11
458,464,xiaomi,Xiaomi Mi Mix Alpha,199990,,"Dual Sim, 3G, 4G, 5G, VoLTE, Wi-Fi",True,False,False,"Snapdragon 855+, Octa Core, 2.96 GHz Processor",Snapdragon 855+,snapdragon,Octa Core, 2.96 GHz Processor,"12 GB RAM, 512 GB inbuilt",4050 mAh Battery with 40W Fast Charging,"7.92 inches, 2088 x 2250 px Display",108 MP + 20 MP + 12 MP Triple Rear Camera,Memory Card Not Supported,Android v10
459,465,oppo,OPPO Reno 10 Pro,42990,86.0,"Dual Sim, 3G, 4G, 5G, VoLTE, Wi-Fi, NFC",True,True,False,"Dimensity 9000, Octa Core, 3.05 GHz Processor",Dimensity 9000,dimensity,Octa Core, 3.05 GHz Processor,"16 GB RAM, 256 GB inbuilt",5000 mAh Battery with 120W Fast Charging,"6.73 inches, 1080 x 2412 px, 120 Hz Display with Punch Hole",50 MP + 8 MP Dual Rear & 32 MP Front Camera,Memory Card Not Supported,
460,466,nubia,Nubia Z50,34999,82.0,"Dual Sim, 3G, 4G, 5G, VoLTE, Wi-Fi, NFC",True,True,False,"Snapdragon  8 Gen2, Octa Core, 3.2 GHz Processor",Snapdragon  8 Gen2,snapdragon,Octa Core, 3.2 GHz Processor,"8 GB RAM, 128 GB inbuilt",5000 mAh Battery with 80W Fast Charging,"6.67 inches, 1080 x 2400 px, 144 Hz Display with Punch Hole",64 MP + 50 MP Triple Rear & 16 MP Front Camera,Memory Card Not Supported,
461,467,samsung,Samsung Galaxy F13 (4GB RAM + 128GB),11999,75.0,"Dual Sim, 3G, 4G, VoLTE, Wi-Fi, NFC",False,True,False,"Exynos 850, Octa Core, 2 GHz Processor",Exynos 850,exynos,Octa Core, 2 GHz Processor,"4 GB RAM, 128 GB inbuilt",6000 mAh Battery with 15W Fast Charging,"6.6 inches, 2408 x 1080 px Display with Water Drop Notch",50 MP + 5 MP + 2 MP Triple Rear & 8 MP Front Camera,"Memory Card Supported, upto 1 TB",Android v12
462,468,nokia,Nokia G11 Plus,10499,70.0,"Dual Sim, 3G, 4G, VoLTE, Wi-Fi",False,False,False,"Unisoc T606, Octa Core, 1.6 GHz Processor",Unisoc T606,unisoc,Octa Core, 1.6 GHz Processor,"4 GB RAM, 64 GB inbuilt",5000 mAh Battery with 10W Fast Charging,"6.52 inches, 720 x 1600 px, 90 Hz Display with Water Drop Notch",50 MP + 2 MP Dual Rear & 8 MP Front Camera,"Memory Card Supported, upto 512 GB",Android v12
463,469,infinix,Infinix Hot 12 Play,8910,66.0,"Dual Sim, 3G, 4G, VoLTE, Wi-Fi",False,False,False,"Tiger T610, Octa Core, 1.82 GHz Processor",Tiger T610,tiger,Octa Core, 1.82 GHz Processor,"4 GB RAM, 64 GB inbuilt",6000 mAh Battery with 18W Fast Charging,"6.82 inches, 1640 x 720 px, 90 Hz Display with Punch Hole",13 MP Dual Rear & 8 MP Front Camera,"Memory Card Supported, upto 256 GB",Android v11
464,470,vivo,Vivo T2 5G,24990,85.0,"Dual Sim, 3G, 4G, 5G, VoLTE, Wi-Fi",True,False,False,"Snapdragon  870, Octa Core, 3.2 GHz Processor",Snapdragon  870,snapdragon,Octa Core, 3.2 GHz Processor,"8 GB RAM, 128 GB inbuilt",4700 mAh Battery with 80W Fast Charging,"6.62 inches, 1080 x 2400 px, 120 Hz Display with Punch Hole",64 MP + 8 MP + 2 MP Triple Rear & 16 MP Front Camera,"Memory Card (Hybrid), upto 1 TB",Android v12
465,471,oppo,OPPO Reno7 Z 5G,17999,84.0,"Dual Sim, 3G, 4G, 5G, VoLTE, Wi-Fi, NFC",True,True,False,"Snapdragon  695 , Octa Core, 2.2 GHz Processor",Snapdragon  695,snapdragon,Octa Core, 2.2 GHz Processor,"8 GB RAM, 128 GB inbuilt",4500 mAh Battery with 33W Fast Charging,"6.43 inches, 1080 x 2400 px Display with Punch Hole",64 MP + 2 MP + 2 MP Triple Rear & 16 MP Front Camera,Memory Card Supported,Android v11
466,472,xiaomi,Xiaomi Mi 11 Lite NE 5G (8GB RAM + 128GB),22999,86.0,"Dual Sim, 3G, 4G, 5G, VoLTE, Wi-Fi, NFC, IR Blaster",True,True,True,"Snapdragon  778G , Octa Core, 2.4 GHz Processor",Snapdragon  778G,snapdragon,Octa Core, 2.4 GHz Processor,"8 GB RAM, 128 GB inbuilt",4250 mAh Battery with 33W Fast Charging,"6.55 inches, 1080 x 2400 px, 90 Hz Display with Punch Hole",64 MP + 8 MP + 5 MP Triple Rear & 20 MP Front Camera,Memory Card (Hybrid),Android v11
467,473,realme,Realme Narzo 50i,6490,,"Dual Sim, 3G, 4G, VoLTE, Wi-Fi",False,False,False,"Unisoc  SC9863A, Octa Core, 1.6 GHz Processor",Unisoc  SC9863A,unisoc,Octa Core, 1.6 GHz Processor,"2 GB RAM, 32 GB inbuilt",5000 mAh Battery,"6.5 inches, 720 x 1600 px Display with Water Drop Notch",8 MP Rear & 5 MP Front Camera,"Memory Card Supported, upto 256 GB",Android v11
468,474,infinix,Infinix Zero X Pro,21990,85.0,"Dual Sim, 3G, 4G, 5G, VoLTE, Wi-Fi",True,False,False,"Helio  G95, Octa Core, 2.05 GHz Processor",Helio  G95,helio,Octa Core, 2.05 GHz Processor,"8 GB RAM, 128 GB inbuilt",4500 mAh Battery with 45W Fast Charging,"6.67 inches, 1080 x 2400 px, 120 Hz Display with Punch Hole",108 MP + 8 MP + 8 MP Triple Rear & 16 MP Front Camera,"Memory Card Supported, upto 512 GB",Android v11
469,476,samsung,Samsung Galaxy M32,12364,76.0,"Dual Sim, 3G, 4G, VoLTE, Wi-Fi",False,False,False,"Helio G80, Octa Core, 2 GHz Processor",Helio G80,helio,Octa Core, 2 GHz Processor,"4 GB RAM, 64 GB inbuilt",6000 mAh Battery with 15W Fast Charging,"6.4 inches, 1080 x 2400 px, 90 Hz Display with Water Drop Notch",64 MP Quad Rear & 20 MP Front Camera,"Memory Card Supported, upto 1 TB",Android v11
470,477,samsung,Samsung Galaxy A82 5G,39990,86.0,"Dual Sim, 3G, 4G, 5G, VoLTE, Wi-Fi, NFC",True,True,False,"Snapdragon 855+, Octa Core, 2.96 GHz Processor",Snapdragon 855+,snapdragon,Octa Core, 2.96 GHz Processor,"6 GB RAM, 128 GB inbuilt",4500 mAh Battery with 25W Fast Charging,"6.71 inches, 1440 x 3200 px, 120 Hz Display with Punch Hole",64 MP + 12 MP + 5 MP Triple Rear & 10 MP Front Camera,"Memory Card Supported, upto 1 TB",Android v11
471,478,xiaomi,Xiaomi Poco F1,11999,77.0,"Dual Sim, 3G, 4G, VoLTE, Wi-Fi",False,False,False,"Snapdragon 845, Octa Core, 2.8 GHz Processor",Snapdragon 845,snapdragon,Octa Core, 2.8 GHz Processor,"6 GB RAM, 64 GB inbuilt",4000 mAh Battery with Fast Charging,"6.18 inches, 1080 x 2246 px Display with Large Notch",12 MP + 5 MP Dual Rear & 20 MP Front Camera,"Memory Card (Hybrid), upto 256 GB",Android v8.1 (Oreo)
472,479,vivo,Vivo Y25,7499,,"Dual Sim, 3G, 4G, Wi-Fi",False,False,False,"Helio MT6580, Quad Core, 1.3 GHz Processor",Helio MT6580,helio,Quad Core, 1.3 GHz Processor,"1 GB RAM, 16 GB inbuilt",1900 mAh Battery,"4.5 inches, 480 x 854 px Display",5 MP Rear & 2 MP Front Camera,"Memory Card Supported, upto 128 GB",Android v5.1 (Lollipop)
473,480,lyf,Lyf Earth 1,3990,60.0,"Dual Sim, 3G, 4G, VoLTE, Wi-Fi",False,False,False,"Snapdragon 615, Octa Core, 1.5 GHz Processor",Snapdragon 615,snapdragon,Octa Core, 1.5 GHz Processor,"3 GB RAM, 32 GB inbuilt",3500 mAh Battery,"5.5 inches, 1080 x 1920 px Display",13 MP + 2 MP Dual Rear & 5 MP Front Camera,"Memory Card (Hybrid), upto 64 GB",Android v5.1.1 (Lollipop)
474,481,motorola,Motorola Moto E13,10499,65.0,"Dual Sim, 3G, 4G, VoLTE, Wi-Fi",False,False,False,"Tiger T606, Octa Core, 2 GHz Processor",Tiger T606,tiger,Octa Core, 2 GHz Processor,"2 GB RAM, 64 GB inbuilt",5000 mAh Battery with 10W Fast Charging,"6.5 inches, 720 x 1600 px Display with Punch Hole",13 MP Rear & 5 MP Front Camera,"Memory Card (Hybrid), upto 1 TB",Android v13
475,482,tecno,Tecno Pop 6 Pro,6299,,"Dual Sim, 3G, 4G, VoLTE, Wi-Fi",False,False,False,"Helio A22, Quad Core, 2 GHz Processor",Helio A22,helio,Quad Core, 2 GHz Processor,"2 GB RAM, 32 GB inbuilt",5000 mAh Battery,"6.56 inches, 720 x 1600 px Display with Water Drop Notch",8 MP Dual Rear & 5 MP Front Camera,"Memory Card Supported, upto 1 TB",Android v12
476,483,itel,Itel A24 Pro,5990,,"Dual Sim, 3G, 4G, Wi-Fi",False,False,False,"Unisoc  SC9832E, Quad Core, 1.4 GHz Processor",Unisoc  SC9832E,unisoc,Quad Core, 1.4 GHz Processor,"2 GB RAM, 32 GB inbuilt",3020 mAh Battery,"5 inches, 854 x 480 px Display",2 MP Rear & 0.3 MP Front Camera,Memory Card Supported,Android v12
477,484,vivo,Vivo X Fold Plus,113990,,"Dual Sim, 3G, 4G, 5G, VoLTE, Wi-Fi, NFC",True,True,False,"Snapdragon 8+ Gen1, Octa Core, 3.2 GHz Processor",Snapdragon 8+ Gen1,snapdragon,Octa Core, 3.2 GHz Processor,"12 GB RAM, 256 GB inbuilt",4730 mAh Battery with 80W Fast Charging,"8.03 inches, 1916 x 2160 px, 120 Hz Display with Punch Hole",50 MP Quad Rear & 16 MP + 16 MP Dual Front Camera,Memory Card Not Supported,Android v12
478,485,huawei,Huawei Mate 50 RS Porsche Design,239999,81.0,"Dual Sim, 3G, 4G, VoLTE, Wi-Fi, NFC, IR Blaster",False,True,True,"Snapdragon 8+ Gen1, Octa Core, 3.2 GHz Processor",Snapdragon 8+ Gen1,snapdragon,Octa Core, 3.2 GHz Processor,512 GB inbuilt,4700 mAh Battery with 66W Fast Charging,"6.74 inches, 1212 x 2616 px, 120 Hz Display",50 MP + 48 MP + 13 MP Triple Rear & 13 MP Front Camera,"Memory Card (Hybrid), upto 256 GB",Hongmeng OS v3.0
479,486,samsung,Samsung Galaxy F63,21999,84.0,"Dual Sim, 3G, 4G, 5G, VoLTE, Wi-Fi, NFC",True,True,False,"Dimensity 900, Octa Core, 2 GHz Processor",Dimensity 900,dimensity,Octa Core, 2 GHz Processor,"6 GB RAM, 128 GB inbuilt",7000 mAh Battery with 33W Fast Charging,"6.7 inches, 1080 x 2400 px Display with Punch Hole",64 MP Quad Rear & 32 MP Front Camera,"Memory Card Supported, upto 1 TB",Android v12
480,487,iqoo,iQOO Z6 4G (6GB RAM + 128GB),15999,80.0,"Dual Sim, 3G, 4G, VoLTE, Wi-Fi",False,False,False,"Snapdragon  680, Octa Core, 2.4 GHz Processor",Snapdragon  680,snapdragon,Octa Core, 2.4 GHz Processor,"6 GB RAM, 128 GB inbuilt",5000 mAh Battery with 44W Fast Charging,"6.44 inches, 1080 x 2400 px, 120 Hz Display with Water Drop Notch",50 MP + 2 MP + 2 MP Triple Rear & 16 MP Front Camera,"Memory Card (Hybrid), upto 1 TB",Android v12
481,488,nokia,Nokia 8000 4G,6899,,"Dual Sim, 3G, 4G, Wi-Fi",False,False,False,"Snapdragon  210, Quad Core, 1.1 GHz Processor",Snapdragon  210,snapdragon,Quad Core, 1.1 GHz Processor,"512 MB RAM, 4 GB inbuilt",1500 mAh Battery,"2.8 inches, 240 x 320 px Display",2 MP Rear Camera,Memory Card Supported,
482,489,sony,Sony Xperia 5 II,69990,86.0,"Dual Sim, 3G, 4G, 5G, VoLTE, Wi-Fi, NFC",True,True,False,"Snapdragon 865 , Octa Core, 2.84 GHz Processor",Snapdragon 865,snapdragon,Octa Core, 2.84 GHz Processor,"8 GB RAM, 128 GB inbuilt",4000 mAh Battery with 21W Fast Charging,"6.1 inches, 1080 x 2520 px, 120 Hz Display",12 MP + 12 MP + 12 MP Triple Rear & 8 MP Front Camera,Memory Card (Hybrid),Android v10
483,490,vivo,Vivo Y3 (4GB RAM + 128GB),12990,71.0,"Dual Sim, 3G, 4G, VoLTE, Wi-Fi",False,False,False,"Helio P35, Octa Core, 2.3 GHz Processor",Helio P35,helio,Octa Core, 2.3 GHz Processor,"4 GB RAM, 128 GB inbuilt",5000 mAh Battery with Fast Charging,"6.35 inches, 720 x 1544 px Display with Water Drop Notch",13 MP + 8 MP + 2 MP Triple Rear & 16 MP Front Camera,"Memory Card Supported, upto 256 GB",Android v9.0 (Pie)
484,491,sony,Sony Xperia 1 IV (12GB RAM + 512GB),92980,,"Dual Sim, 3G, 4G, 5G, VoLTE, Wi-Fi, NFC",True,True,False,"Snapdragon 8 Gen1, Octa Core, 3 GHz Processor",Snapdragon 8 Gen1,snapdragon,Octa Core, 3 GHz Processor,"12 GB RAM, 512 GB inbuilt",5000 mAh Battery with 30W Fast Charging,"6.5 inches, 1644 x 3840 px, 120 Hz Display",12 MP Quad Rear & 12 MP Front Camera,Memory Card (Hybrid),Android v12
485,492,tecno,Tecno Pova 4 Pro,15999,74.0,"Dual Sim, 3G, 4G, VoLTE, Wi-Fi",False,False,False,"Helio G99, Octa Core, 2.2 GHz Processor",Helio G99,helio,Octa Core, 2.2 GHz Processor,"8 GB RAM, 256 GB inbuilt",6000 mAh Battery with 45W Fast Charging,"6.66 inches, 720 x 1600 px, 90 Hz Display with Water Drop Notch",50 MP Dual Rear & 8 MP Front Camera,"Memory Card Supported, upto 1 TB",Android v12
486,493,huawei,Huawei Nova 10 SE,23999,84.0,"Dual Sim, 3G, 4G, VoLTE, Wi-Fi, NFC",False,True,False,"Sanpdragon 680, Octa Core, 2.4 GHz Processor",Sanpdragon 680,sanpdragon,Octa Core, 2.4 GHz Processor,"8 GB RAM, 256 GB inbuilt",4500 mAh Battery with 66W Fast Charging,"6.67 inches, 1080 x 2160 px, 90 Hz Display with Punch Hole",108 MP + 8 MP + 2 MP Triple Rear & 16 MP Front Camera,Memory Card Supported,Android v12
487,494,vivo,Vivo T1x (4GB RAM + 128GB),12999,75.0,"Dual Sim, 3G, 4G, VoLTE, Wi-Fi",False,False,False,"Snapdragon 680, Octa Core, 2.4 GHz Processor",Snapdragon 680,snapdragon,Octa Core, 2.4 GHz Processor,"4 GB RAM, 128 GB inbuilt",5000 mAh Battery with 18W Fast Charging,"6.58 inches, 1080 x 2408 px, 90 Hz Display with Water Drop Notch",50 MP + 2 MP Dual Rear & 8 MP Front Camera,Memory Card Supported,Android v12
488,495,nubia,Nubia Red Magic 7S Pro,60990,86.0,"Dual Sim, 3G, 4G, 5G, VoLTE, Wi-Fi, NFC",True,True,False,"Snapdragon  8+ Gen1, Octa Core, 3.2 GHz Processor",Snapdragon  8+ Gen1,snapdragon,Octa Core, 3.2 GHz Processor,"12 GB RAM, 256 GB inbuilt",5000 mAh Battery with 135W Fast Charging,"6.8 inches, 1080 x 2400 px, 120 Hz Display",64 MP + 8 MP + 2 MP Triple Rear & 8 MP Front Camera,Memory Card Not Supported,
489,496,motorola,Motorola Moto E32s (4GB RAM + 64GB),8859,67.0,"Dual Sim, 3G, 4G, VoLTE, Wi-Fi",False,False,False,"Helio G37, Octa Core, 1.8 GHz Processor",Helio G37,helio,Octa Core, 1.8 GHz Processor,"4 GB RAM, 64 GB inbuilt",5000 mAh Battery with 18W Fast Charging,"6.5 inches, 720 x 1600 px, 90 Hz Display with Punch Hole",16 MP + 2 MP + 2 MP Triple Rear & 8 MP Front Camera,Memory Card Supported,Android v12
490,497,iqoo,iQOO Neo 6 5G (12GB RAM + 256GB),33749,84.0,"Dual Sim, 3G, 4G, 5G, VoLTE, Wi-Fi, IR Blaster",True,False,True,"Snapdragon 870, Octa Core, 3.2 GHz Processor",Snapdragon 870,snapdragon,Octa Core, 3.2 GHz Processor,"12 GB RAM, 256 GB inbuilt",4700 mAh Battery with 80W Fast Charging,"6.62 inches, 1080 x 2400 px, 120 Hz Display with Punch Hole",64 MP + 8 MP + 2 MP Triple Rear & 16 MP Front Camera,Memory Card Not Supported,
491,498,samsung,Samsung Galaxy A15,15990,63.0,"Dual Sim, 3G, 4G, VoLTE, Wi-Fi",False,False,False,Octa Core Processor,,octa,Octa Core,,"6 GB RAM, 64 GB inbuilt",5000 mAh Battery with Fast Charging,"6.5 inches, 720 x 1600 px Display with Water Drop Notch",48 MP + 8 MP + 5 MP Triple Rear & 8 MP Front Camera,"Memory Card Supported, upto 1 TB",Android v12
492,499,poco,POCO X4 GT 5G,24990,84.0,"Dual Sim, 3G, 4G, 5G, VoLTE, Wi-Fi, NFC, IR Blaster",True,True,True,"Dimensity 8100, Octa Core, 2.85 GHz Processor",Dimensity 8100,dimensity,Octa Core, 2.85 GHz Processor,"8 GB RAM, 128 GB inbuilt",5080 mAh Battery with 67W Fast Charging,"6.6 inches, 1080 x 2460 px, 144 Hz Display with Punch Hole",64 MP + 8 MP + 2 MP Triple Rear & 16 MP Front Camera,Memory Card Not Supported,Android v12
493,500,realme,Realme Narzo 50 5G (4GB RAM + 128GB),14999,76.0,"Dual Sim, 3G, 4G, 5G, VoLTE, Wi-Fi",True,False,False,"Dimensity 810 5G, Octa Core, 2.4 GHz Processor",Dimensity 810 5G,dimensity,Octa Core, 2.4 GHz Processor,"4 GB RAM, 128 GB inbuilt",5000 mAh Battery with 33W Fast Charging,"6.6 inches, 1080 x 2400 px, 90 Hz Display with Punch Hole",48 MP + 2 MP + 2 MP Triple Rear & 16 MP Front Camera,"Memory Card Supported, upto 1 TB",Android v11
494,501,vivo,Vivo Y77 5G,17990,76.0,"Dual Sim, 3G, 4G, 5G, VoLTE, Wi-Fi",True,False,False,"Dimensity  930, Octa Core, 2.2 GHz Processor",Dimensity  930,dimensity,Octa Core, 2.2 GHz Processor,"6 GB RAM, 128 GB inbuilt",4500 mAh Battery with 80W Fast Charging,"6.64 inches, 1080 x 2388 px, 120 Hz Display with Punch Hole",50 MP + 2 MP Dual Rear & 8 MP Front Camera,"Memory Card Supported, upto 1 TB",Android v12
495,502,honor,Honor 60 SE 5G,24990,75.0,"Dual Sim, 3G, 4G, 5G, VoLTE, Wi-Fi",True,False,False,"Dimensity 900, Octa Core, 2 GHz Processor",Dimensity 900,dimensity,Octa Core, 2 GHz Processor,"8 GB RAM, 128 GB inbuilt",4300 mAh Battery with 66W Fast Charging,"6.67 inches, 1080 x 2340 px, 120 Hz Display with Punch Hole",64 MP + 8 MP + 2 MP Triple Rear & 16 MP Front Camera,Memory Card Not Supported,
496,503,xiaomi,Xiaomi Redmi 11 Prime,11600,74.0,"Dual Sim, 3G, 4G, VoLTE, Wi-Fi, IR Blaster",False,False,True,"Helio G99, Octa Core, 2.2 GHz Processor",Helio G99,helio,Octa Core, 2.2 GHz Processor,"4 GB RAM, 64 GB inbuilt",5000 mAh Battery with 18W Fast Charging,"6.58 inches, 1080 x 2400 px, 90 Hz Display with Water Drop Notch",50 MP + 2 MP + 2 MP Triple Rear & 8 MP Front Camera,"Memory Card Supported, upto 512 GB",Android v12
497,504,realme,Realme C31,8299,62.0,"Dual Sim, 3G, 4G, VoLTE, Wi-Fi",False,False,False,"Tiger T612, Octa Core, 1.82 GHz Processor",Tiger T612,tiger,Octa Core, 1.82 GHz Processor,"3 GB RAM, 32 GB inbuilt",5000 mAh Battery,"6.52 inches, 720 x 1600 px Display with Water Drop Notch",13 MP + 2 MP + 2 MP Triple Rear & 5 MP Front Camera,"Memory Card Supported, upto 1 TB",Android v11
498,505,motorola,Motorola Moto G31 (6GB RAM+ 128GB),11999,78.0,"Dual Sim, 3G, 4G, VoLTE, Wi-Fi",False,False,False,"Helio  G85, Octa Core, 2 GHz Processor",Helio  G85,helio,Octa Core, 2 GHz Processor,"6 GB RAM, 128 GB inbuilt",5000 mAh Battery with 20W Fast Charging,"6.47 inches, 1080 x 2400 px Display with Punch Hole",50 MP + 8 MP + 2 MP Triple Rear & 13 MP Front Camera,"Memory Card (Hybrid), upto 1 TB",Android v11
499,506,samsung,Samsung Galaxy Z Flip 4 5G,89999,88.0,"Dual Sim, 3G, 4G, 5G, VoLTE, Wi-Fi, NFC",True,True,False,"Snapdragon  8+ Gen1, Octa Core, 3.2 GHz Processor",Snapdragon  8+ Gen1,snapdragon,Octa Core, 3.2 GHz Processor,"8 GB RAM, 128 GB inbuilt",3700 mAh Battery with 25W Fast Charging,"6.7 inches, 1080 x 2640 px, 120 Hz Display with Punch Hole",12 MP + 12 MP Dual Rear & 10 MP Front Camera,Memory Card Not Supported,
500,507,oneplus,OnePlus 6 (8GB RAM + 128GB),27999,77.0,"Dual Sim, 3G, 4G, VoLTE, Wi-Fi, NFC",False,True,False,"Snapdragon 845, Octa Core, 2.8 GHz Processor",Snapdragon 845,snapdragon,Octa Core, 2.8 GHz Processor,"8 GB RAM, 128 GB inbuilt",3300 mAh Battery,"6.28 inches, 1080 x 2280 px Display",20 MP + 16 MP Dual Rear & 16 MP Front Camera,Memory Card Not Supported,Android v8.1 (Oreo)
501,508,google,Google Pixel 2 XL,15990,69.0,"Single Sim, 3G, 4G, VoLTE, Wi-Fi, NFC",False,True,False,"Snapdragon 835, Octa Core, 2.35 GHz Processor",Snapdragon 835,snapdragon,Octa Core, 2.35 GHz Processor,"4 GB RAM, 128 GB inbuilt",3520 mAh Battery with Fast Charging,"6 inches, 1440 x 2880 px Display",12.2 MP Rear & 8 MP Front Camera,Memory Card Not Supported,Android v8.0 (Oreo)
502,509,xiaomi,Xiaomi Redmi A1 Plus,7289,60.0,"Dual Sim, 3G, 4G, VoLTE, Wi-Fi",False,False,False,"Helio A22, Quad Core, 2 GHz Processor",Helio A22,helio,Quad Core, 2 GHz Processor,"2 GB RAM, 32 GB inbuilt",5000 mAh Battery with 10W Fast Charging,"6.52 inches, 720 x 1600 px Display with Water Drop Notch",8 MP + 0.3 MP Dual Rear & 5 MP Front Camera,"Memory Card Supported, upto 512 GB",Android v12
503,510,honor,Honor 70 5G (8GB RAM + 256GB),30990,86.0,"Dual Sim, 3G, 4G, 5G, VoLTE, Wi-Fi, NFC",True,True,False,"Snapdragon  778G Plus, Octa Core, 2.5 GHz Processor",Snapdragon  778G Plus,snapdragon,Octa Core, 2.5 GHz Processor,"8 GB RAM, 256 GB inbuilt",4800 mAh Battery with 66W Fast Charging,"6.67 inches, 1080 x 2400 px, 120 Hz Display with Punch Hole",54 MP + 50 MP + 2 MP Triple Rear & 32 MP Front Camera,Memory Card Not Supported,
504,511,realme,Realme Narzo 50 (6GB RAM + 128GB),15499,77.0,"Dual Sim, 3G, 4G, VoLTE, Wi-Fi",False,False,False,"Helio G96, Octa Core, 2 GHz Processor",Helio G96,helio,Octa Core, 2 GHz Processor,"6 GB RAM, 128 GB inbuilt",5000 mAh Battery with 33W Fast Charging,"6.6 inches, 1080 x 2412 px, 120 Hz Display with Punch Hole",50 MP + 2 MP + 2 MP Triple Rear & 16 MP Front Camera,"Memory Card Supported, upto 256 GB",Android v11
505,512,vivo,Vivo Y15s,8499,66.0,"Dual Sim, 3G, 4G, VoLTE, Wi-Fi",False,False,False,"Helio P35 , Octa Core, 2.3 GHz Processor",Helio P35,helio,Octa Core, 2.3 GHz Processor,"3 GB RAM, 32 GB inbuilt",5000 mAh Battery,"6.51 inches, 720 x 1600 px Display with Water Drop Notch",13 MP + 2 MP Dual Rear & 8 MP Front Camera,"Memory Card Supported, upto 1 TB",Android v11
506,513,samsung,Samsung Galaxy M32 (6GB RAM + 128GB),14490,80.0,"Dual Sim, 3G, 4G, VoLTE, Wi-Fi",False,False,False,"Helio G80, Octa Core, 2 GHz Processor",Helio G80,helio,Octa Core, 2 GHz Processor,"6 GB RAM, 128 GB inbuilt",6000 mAh Battery with 15W Fast Charging,"6.4 inches, 1080 x 2400 px, 90 Hz Display with Water Drop Notch",64 MP Quad Rear & 20 MP Front Camera,"Memory Card Supported, upto 1 TB",Android v11
507,514,samsung,Samsung Galaxy F42 5G,15490,80.0,"Dual Sim, 3G, 4G, 5G, VoLTE, Wi-Fi",True,False,False,"Dimensity 700 5G, Octa Core, 2.2 GHz Processor",Dimensity 700 5G,dimensity,Octa Core, 2.2 GHz Processor,"6 GB RAM, 128 GB inbuilt",5000 mAh Battery with 15W Fast Charging,"6.6 inches, 1080 x 2408 px, 90 Hz Display with Water Drop Notch",64 MP + 5 MP + 2 MP Triple Rear & 8 MP Front Camera,"Memory Card Supported, upto 1 TB",Android v11
508,515,realme,Realme Q5 5G,14990,78.0,"Dual Sim, 3G, 4G, 5G, VoLTE, Wi-Fi",True,False,False,"Snapdragon 695, Octa Core, 2.2 GHz Processor",Snapdragon 695,snapdragon,Octa Core, 2.2 GHz Processor,"6 GB RAM, 128 GB inbuilt",5000 mAh Battery with 60W Fast Charging,"6.6 inches, 1080 x 2412 px, 120 Hz Display with Punch Hole",50 MP + 2 MP + 2 MP Triple Rear & 16 MP Front Camera,Memory Card (Hybrid),Android v12
509,516,poco,POCO M3 Pro 5G,15999,75.0,"Dual Sim, 3G, 4G, 5G, VoLTE, Wi-Fi, IR Blaster",True,False,True,"Dimensity 700 5G, Octa Core, 2.2 GHz Processor",Dimensity 700 5G,dimensity,Octa Core, 2.2 GHz Processor,"4 GB RAM, 64 GB inbuilt",5000 mAh Battery with 18W Fast Charging,"6.5 inches, 1080 x 2400 px, 90 Hz Display with Punch Hole",48 MP + 2 MP + 2 MP Triple Rear & 8 MP Front Camera,"Memory Card (Hybrid), upto 1 TB",Android v11
510,517,google,Google Pixel 5,36000,82.0,"Dual Sim, 3G, 4G, 5G, VoLTE, Wi-Fi, NFC",True,True,False,"Snapdragon 765G , Octa Core, 2.4 GHz Processor",Snapdragon 765G,snapdragon,Octa Core, 2.4 GHz Processor,"8 GB RAM, 128 GB inbuilt",4080 mAh Battery with 18W Fast Charging,"6 inches, 1080 x 2340 px, 90 Hz Display with Punch Hole",16 MP + 12.2 MP Dual Rear & 8 MP Front Camera,Memory Card Not Supported,
511,518,oneplus,OnePlus 12 Pro,69999,,"Dual Sim, 3G, 4G, 5G, VoLTE, Vo5G, Wi-Fi, NFC",True,True,False,"Snapdragon  8 Gen2, Octa Core, 3.2 GHz Processor",Snapdragon  8 Gen2,snapdragon,Octa Core, 3.2 GHz Processor,"12 GB RAM, 256 GB inbuilt",4800 mAh Battery with 150W Fast Charging,"6.73 inches, 1440 x 3412 px, 144 Hz Display with Punch Hole",108 MP + 50 MP + 48 MP Triple Rear & 32 MP Front Camera,Memory Card Not Supported,
512,519,xiaomi,Xiaomi Redmi Note 12 Discovery Edition,26990,86.0,"Dual Sim, 3G, 4G, 5G, VoLTE, Wi-Fi, NFC, IR Blaster",True,True,True,"Dimensity 1080, Octa Core, 2.6 GHz Processor",Dimensity 1080,dimensity,Octa Core, 2.6 GHz Processor,"8 GB RAM, 256 GB inbuilt",4300 mAh Battery with 210W Fast Charging,"6.67 inches, 1080 x 2400 px, 120 Hz Display with Punch Hole",200 MP + 8 MP + 2 MP Triple Rear & 16 MP Front Camera,Memory Card Not Supported,Android v12
513,520,samsung,Samsung Galaxy M13 (4GB RAM + 64GB),10630,71.0,"Dual Sim, 3G, 4G, VoLTE, Wi-Fi",False,False,False,"Exynos  850, Octa Core, 2 GHz Processor",Exynos  850,exynos,Octa Core, 2 GHz Processor,"4 GB RAM, 64 GB inbuilt",6000 mAh Battery with 15W Fast Charging,"6.6 inches, 1080 x 2400 px Display with Water Drop Notch",50 MP + 5 MP + 2 MP Triple Rear & 8 MP Front Camera,"Memory Card Supported, upto 1 TB",Android v12
514,521,oppo,Oppo Reno 8 Pro (8GB RAM + 256GB),42990,85.0,"Dual Sim, 3G, 4G, 5G, VoLTE, Wi-Fi, NFC",True,True,False,"Dimensity 8100-Max, Octa Core, 2.85 GHz Processor",Dimensity 8100-Max,dimensity,Octa Core, 2.85 GHz Processor,"8 GB RAM, 256 GB inbuilt",4500 mAh Battery with 80W Fast Charging,"6.7 inches, 1080 x 2412 px, 120 Hz Display with Punch Hole",50 MP + 8 MP + 2 MP Triple Rear & 32 MP Front Camera,Memory Card Not Supported,
515,522,vivo,Vivo Y78 5G,24990,77.0,"Dual Sim, 3G, 4G, 5G, VoLTE, Wi-Fi",True,False,False,"Dimensity 1300, Octa Core, 3 GHz Processor",Dimensity 1300,dimensity,Octa Core, 3 GHz Processor,"8 GB RAM, 128 GB inbuilt",4500 mAh Battery with Fast Charging,"6.58 inches, 1080 x 2400 px, 90 Hz Display with Punch Hole",50 MP + 8 MP + 2 MP Triple Rear & 16 MP Front Camera,Memory Card Not Supported,Android v12
516,523,iqoo,iQOO Z6 4G,14489,77.0,"Dual Sim, 3G, 4G, VoLTE, Wi-Fi",False,False,False,"Snapdragon  680, Octa Core, 2.4 GHz Processor",Snapdragon  680,snapdragon,Octa Core, 2.4 GHz Processor,"4 GB RAM, 128 GB inbuilt",5000 mAh Battery with 44W Fast Charging,"6.44 inches, 1080 x 2400 px, 120 Hz Display with Water Drop Notch",50 MP + 2 MP + 2 MP Triple Rear & 16 MP Front Camera,"Memory Card (Hybrid), upto 1 TB",Android v12
517,524,oppo,OPPO A76,16490,73.0,"Dual Sim, 3G, 4G, VoLTE, Wi-Fi",False,False,False,"Snapdragon  680 , Octa Core, 2.4 GHz Processor",Snapdragon  680,snapdragon,Octa Core, 2.4 GHz Processor,"6 GB RAM, 128 GB inbuilt",5000 mAh Battery with 33W Fast Charging,"6.56 inches, 720 x 1612 px, 90 Hz Display with Punch Hole",13 MP + 2 MP Dual Rear & 8 MP Front Camera,Memory Card Supported,Android v11
518,525,realme,Realme 9 Pro Plus 5G (8GB RAM + 256GB),24494,82.0,"Dual Sim, 3G, 4G, 5G, VoLTE, Wi-Fi",True,False,False,"Dimensity  920 5G, Octa Core, 2.5 GHz Processor",Dimensity  920 5G,dimensity,Octa Core, 2.5 GHz Processor,"8 GB RAM, 256 GB inbuilt",4500 mAh Battery with 60W Fast Charging,"6.4 inches, 1080 x 2400 px, 90 Hz Display with Punch Hole",50 MP + 8 MP + 2 MP Triple Rear & 16 MP Front Camera,Memory Card Not Supported,Android v12
519,526,vivo,Vivo Y01,7999,61.0,"Dual Sim, 3G, 4G, VoLTE, Wi-Fi",False,False,False,"Helio P35, Octa Core, 2.3 GHz Processor",Helio P35,helio,Octa Core, 2.3 GHz Processor,"2 GB RAM, 32 GB inbuilt",5000 mAh Battery,"6.51 inches, 720 x 1600 px Display with Water Drop Notch",8 MP Rear & 5 MP Front Camera,"Memory Card Supported, upto 1 TB",Android v11
520,527,motorola,Motorola Moto Edge S30 5G,23990,85.0,"Dual Sim, 3G, 4G, 5G, VoLTE, Wi-Fi",True,False,False,"Snapdragon 888+ , Octa Core, 2.9 GHz Processor",Snapdragon 888+,snapdragon,Octa Core, 2.9 GHz Processor,"6 GB RAM, 128 GB inbuilt",5000 mAh Battery with 33W Fast Charging,"6.8 inches, 1080 x 2460 px, 144 Hz Display with Punch Hole",108 MP + 13 MP + 2 MP Triple Rear & 16 MP Front Camera,Memory Card Not Supported,
521,528,realme,Realme GT 2 Pro 5G,49959,89.0,"Dual Sim, 3G, 4G, 5G, VoLTE, Wi-Fi, NFC",True,True,False,"Snapdragon 8 Gen1, Octa Core, 3 GHz Processor",Snapdragon 8 Gen1,snapdragon,Octa Core, 3 GHz Processor,"8 GB RAM, 128 GB inbuilt",5000 mAh Battery with 65W Fast Charging,"6.7 inches, 1440 x 3216 px, 120 Hz Display with Punch Hole",50 MP + 50 MP + 2 MP Triple Rear & 32 MP Front Camera,Memory Card Not Supported,
522,529,apple,Apple iPhone 13 Pro (256GB),129900,83.0,"Dual Sim, 3G, 4G, 5G, VoLTE, Wi-Fi, NFC",True,True,False,"Bionic A15, Hexa Core, 3.22 GHz Processor",Bionic A15,bionic,Hexa Core, 3.22 GHz Processor,"6 GB RAM, 256 GB inbuilt",3095 mAh Battery with Fast Charging,"6.1 inches, 1170 x 2532 px, 120 Hz Display with Large Notch",12 MP + 12 MP + 12 MP Triple Rear & 12 MP Front Camera,Memory Card Not Supported,iOS v15.0
523,530,vivo,Vivo Y73 2021,19990,80.0,"Dual Sim, 3G, 4G, VoLTE, Wi-Fi",False,False,False,"Helio G95, Octa Core, 2.05 GHz Processor",Helio G95,helio,Octa Core, 2.05 GHz Processor,"8 GB RAM, 128 GB inbuilt",4000 mAh Battery with 33W Fast Charging,"6.44 inches, 1080 x 2400 px Display with Water Drop Notch",64 MP + 2 MP + 2 MP Triple Rear & 16 MP Front Camera,Memory Card Supported,Android v11
524,531,samsung,Samsung Galaxy F14,14990,67.0,"Dual Sim, 3G, 4G, VoLTE, Wi-Fi, NFC",False,True,False,Octa Core Processor,,octa,Octa Core,,"4 GB RAM, 64 GB inbuilt",5000 mAh Battery with 25W Fast Charging,"6.62 inches, 2408 x 1080 px Display with Punch Hole",50 MP + 5 MP + 2 MP Triple Rear & 16 MP Front Camera,"Memory Card Supported, upto 1 TB",Android v13
525,532,vivo,Vivo V20,23269,85.0,"Dual Sim, 3G, 4G, VoLTE, Wi-Fi",False,False,False,"Snapdragon  720G , Octa Core, 2.3 GHz Processor",Snapdragon  720G,snapdragon,Octa Core, 2.3 GHz Processor,"8 GB RAM, 128 GB inbuilt",4000 mAh Battery with 33W Fast Charging,"6.44 inches, 1080 x 2400 px Display with Water Drop Notch",64 MP + 8 MP + 2 MP Triple Rear & 44 MP Front Camera,"Memory Card Supported, upto 1 TB",Android v11
526,533,xiaomi,Xiaomi Redmi Note 9 Pro,13999,75.0,"Dual Sim, 3G, 4G, VoLTE, Wi-Fi, IR Blaster",False,False,True,"Snapdragon 720G, Octa Core, 2.3 GHz Processor",Snapdragon 720G,snapdragon,Octa Core, 2.3 GHz Processor,"4 GB RAM, 64 GB inbuilt",5020 mAh Battery with 18W Fast Charging,"6.67 inches, 1080 x 2400 px Display with Punch Hole",48 MP Quad Rear & 16 MP Front Camera,"Memory Card Supported, upto 512 GB",Android v10.0
527,536,oneplus,OnePlus 10R Prime Edition,35389,85.0,"Dual Sim, 3G, 4G, 5G, VoLTE, Wi-Fi, NFC",True,True,False,"Dimensity 8100 Max, Octa Core, 2.85 GHz Processor",Dimensity 8100 Max,dimensity,Octa Core, 2.85 GHz Processor,"8 GB RAM, 128 GB inbuilt",5000 mAh Battery with 80W Fast Charging,"6.7 inches, 1080 x 2412 px, 120 Hz Display with Punch Hole",50 MP + 8 MP + 2 MP Triple Rear & 16 MP Front Camera,Memory Card Not Supported,
528,537,google,Google Pixel 6 Pro (12GB RAM + 256GB),79700,,"Dual Sim, 3G, 4G, 5G, VoLTE, Wi-Fi, NFC",True,True,False,"Google  Tensor, Octa Core, 2.8 GHz Processor",Google  Tensor,google,Octa Core, 2.8 GHz Processor,"12 GB RAM, 256 GB inbuilt",5003 mAh Battery with 30W Fast Charging,"6.71 inches, 1440 x 3120 px, 120 Hz Display with Punch Hole",50 MP + 48 MP + 12 MP Triple Rear & 11.1 MP Front Camera,Memory Card Not Supported,
529,538,nokia,Nokia C31,9499,62.0,"Dual Sim, 3G, 4G, VoLTE, Wi-Fi",False,False,False,"Unisoc  SC9863A, Octa Core, 1.6 GHz Processor",Unisoc  SC9863A,unisoc,Octa Core, 1.6 GHz Processor,"3 GB RAM, 32 GB inbuilt",5050 mAh Battery with 10W Fast Charging,"6.74 inches, 720 x 1600 px Display with Water Drop Notch",13 MP + 2 MP + 2 MP Triple Rear & 5 MP Front Camera,"Memory Card Supported, upto 256 GB",Android v12
530,539,infinix,Infinix Hot 12 Pro (8GB RAM+ 128GB),12340,76.0,"Dual Sim, 3G, 4G, VoLTE, Wi-Fi",False,False,False,"Tiger T616, Octa Core, 2 GHz Processor",Tiger T616,tiger,Octa Core, 2 GHz Processor,"8 GB RAM, 128 GB inbuilt",5000 mAh Battery with 18W Fast Charging,"6.6 inches, 720 x 1612 px, 90 Hz Display with Water Drop Notch",50 MP + Depth Sensor Dual Rear & 8 MP Front Camera,"Memory Card Supported, upto 256 GB",Android v12
531,540,poco,Poco M5,10799,74.0,"Dual Sim, 3G, 4G, VoLTE, Wi-Fi, IR Blaster",False,False,True,"Helio G99, Octa Core, 2.2 GHz Processor",Helio G99,helio,Octa Core, 2.2 GHz Processor,"4 GB RAM, 64 GB inbuilt",5000 mAh Battery with 18W Fast Charging,"6.58 inches, 1080 x 2400 px, 90 Hz Display with Water Drop Notch",50 MP + 2 MP + 2 MP Triple Rear & 8 MP Front Camera,"Memory Card Supported, upto 512 GB",Android v12
532,541,xiaomi,Xiaomi Redmi 10C (4GB RAM + 128GB),14990,73.0,"Dual Sim, 3G, 4G, VoLTE, Wi-Fi",False,False,False,"Snapdragon 680, Octa Core, 2.4 GHz Processor",Snapdragon 680,snapdragon,Octa Core, 2.4 GHz Processor,"4 GB RAM, 128 GB inbuilt",6000 mAh Battery with 18W Fast Charging,"6.7 inches, 720 x 1600 px Display with Water Drop Notch",50 MP + 2 MP Dual Rear & 5 MP Front Camera,"Memory Card Supported, upto 512 GB",Android v11
533,542,zte,ZTE Axon 40 Ultra 5G,61990,89.0,"Dual Sim, 3G, 4G, 5G, VoLTE, Wi-Fi, NFC",True,True,False,"Snapdragon 8 Gen1, Octa Core, 3 GHz Processor",Snapdragon 8 Gen1,snapdragon,Octa Core, 3 GHz Processor,"8 GB RAM, 128 GB inbuilt",5000 mAh Battery with 65W Fast Charging,"6.8 inches, 1116 x 2480 px, 120 Hz Display",64 MP + 64 MP + 64 MP Triple Rear & 16 MP Front Camera,Memory Card Not Supported,
534,543,xiaomi,Xiaomi 12 Pro 5G (12GB RAM + 256GB),51880,,"Dual Sim, 3G, 4G, 5G, VoLTE, Wi-Fi, NFC, IR Blaster",True,True,True,"Snapdragon 8 Gen1, Octa Core, 3 GHz Processor",Snapdragon 8 Gen1,snapdragon,Octa Core, 3 GHz Processor,"12 GB RAM, 256 GB inbuilt",4600 mAh Battery with 120W Fast Charging,"6.73 inches, 1440 x 3200 px, 120 Hz Display with Punch Hole",50 MP + 50 MP + 50 MP Triple Rear & 32 MP Front Camera,Memory Card Not Supported,
535,544,oppo,OPPO K10 (8GB RAM + 128GB),16990,80.0,"Dual Sim, 3G, 4G, VoLTE, Wi-Fi",False,False,False,"Snapdragon 680, Octa Core, 2.4 GHz Processor",Snapdragon 680,snapdragon,Octa Core, 2.4 GHz Processor,"8 GB RAM, 128 GB inbuilt",5000 mAh Battery with 33W Fast Charging,"6.59 inches, 1080 x 2412 px, 90 Hz Display with Punch Hole",50 MP + 2 MP + 2 MP Triple Rear & 16 MP Front Camera,"Memory Card Supported, upto 1 TB",Android v11
536,545,huawei,Huawei Nova 9 SE,19990,84.0,"Dual Sim, 3G, 4G, VoLTE, Wi-Fi, NFC",False,True,False,"Snapdragon  680, Octa Core, 2.4 GHz Processor",Snapdragon  680,snapdragon,Octa Core, 2.4 GHz Processor,"8 GB RAM, 128 GB inbuilt",4000 mAh Battery with 66W Fast Charging,"6.78 inches, 1080 x 2388 px, 90 Hz Display with Punch Hole",108 MP Quad Rear & 16 MP Front Camera,Memory Card Supported,Android v11
537,546,samsung,Samsung Galaxy S22 5G (8GB RAM + 256GB),57999,87.0,"Dual Sim, 3G, 4G, 5G, VoLTE, Wi-Fi, NFC",True,True,False,"Snapdragon  8 Gen1, Octa Core, 3 GHz Processor",Snapdragon  8 Gen1,snapdragon,Octa Core, 3 GHz Processor,"8 GB RAM, 256 GB inbuilt",3700 mAh Battery with 25W Fast Charging,"6.1 inches, 1080 x 2340 px, 120 Hz Display with Punch Hole",50 MP + 12 MP + 10 MP Triple Rear & 10 MP Front Camera,Memory Card Not Supported,
538,547,lenovo,Lenovo Legion Y90,46990,87.0,"Dual Sim, 3G, 4G, 5G, VoLTE, Wi-Fi, NFC",True,True,False,"Snapdragon  8 Gen1, Octa Core, 3 GHz Processor",Snapdragon  8 Gen1,snapdragon,Octa Core, 3 GHz Processor,"12 GB RAM, 256 GB inbuilt",5600 mAh Battery with 68W Fast Charging,"6.92 inches, 1080 x 2460 px, 144 Hz Display",64 MP + 13 MP Dual Rear & 16 MP Front Camera,Memory Card Not Supported,
539,548,vivo,Vivo Y55 5G,20990,77.0,"Dual Sim, 3G, 4G, 5G, VoLTE, Wi-Fi, NFC",True,True,False,"Dimensity 700 5G, Octa Core, 2.2 GHz Processor",Dimensity 700 5G,dimensity,Octa Core, 2.2 GHz Processor,"4 GB RAM, 128 GB inbuilt",5000 mAh Battery with 18W Fast Charging,"6.58 inches, 1080 x 2408 px Display with Water Drop Notch",50 MP + 2 MP + 2 MP Triple Rear & 8 MP Front Camera,Memory Card Supported,Android v11
540,549,nokia,Nokia X100 5G,17990,82.0,"Dual Sim, 3G, 4G, 5G, VoLTE, Wi-Fi, NFC",True,True,False,"Snapdragon  480 , Octa Core, 2 GHz Processor",Snapdragon  480,snapdragon,Octa Core, 2 GHz Processor,"6 GB RAM, 128 GB inbuilt",4470 mAh Battery with 18W Fast Charging,"6.67 inches, 1080 x 2400 px Display with Punch Hole",48 MP Quad Rear & 16 MP Front Camera,"Memory Card Supported, upto 1000 GB",Android v11
541,550,realme,Realme 8s 5G (8GB RAM + 128GB),17499,82.0,"Dual Sim, 3G, 4G, 5G, VoLTE, Wi-Fi",True,False,False,"Dimensity  810 5G, Octa Core, 2.4 GHz Processor",Dimensity  810 5G,dimensity,Octa Core, 2.4 GHz Processor,"8 GB RAM, 128 GB inbuilt",5000 mAh Battery with 33W Fast Charging,"6.5 inches, 1080 x 2400 px, 90 Hz Display with Punch Hole",64 MP + 2 MP + 2 MP Triple Rear & 16 MP Front Camera,"Memory Card Supported, upto 1 TB",Android v11
542,551,realme,Realme 8s 5G,17999,80.0,"Dual Sim, 3G, 4G, 5G, VoLTE, Wi-Fi",True,False,False,"Dimensity  810 5G, Octa Core, 2.4 GHz Processor",Dimensity  810 5G,dimensity,Octa Core, 2.4 GHz Processor,"6 GB RAM, 128 GB inbuilt",5000 mAh Battery with 33W Fast Charging,"6.5 inches, 1080 x 2400 px, 90 Hz Display with Punch Hole",64 MP + 2 MP + 2 MP Triple Rear & 16 MP Front Camera,"Memory Card Supported, upto 1 TB",Android v11
543,552,nokia,Nokia X60 Pro 5G,49990,,"Dual Sim, 3G, 4G, 5G, VoLTE, Wi-Fi",True,False,False,"Snapdragon  870, Octa Core, 3.2 GHz Processor",Snapdragon  870,snapdragon,Octa Core, 3.2 GHz Processor,"8 GB RAM, 128 GB inbuilt",6000 mAh Battery with 44W Fast Charging,"6.51 inches, 1080 x 2408 px, 144 Hz Display with Punch Hole",200 MP Quad Rear & 32 MP Front Camera,Memory Card Supported,Android v11
544,554,poco,Poco X5,14999,74.0,"Dual Sim, 3G, 4G, 5G, VoLTE, Wi-Fi, IR Blaster",True,False,True,"Snapdragon 695, Octa Core, 2.2 GHz Processor",Snapdragon 695,snapdragon,Octa Core, 2.2 GHz Processor,"4 GB RAM, 128 GB inbuilt",5000 mAh Battery with 33W Fast Charging,"6.67 inches, 1080 x 2400 px, 120 Hz Display with Punch Hole",48 MP + 8 MP + 2 MP Triple Rear & 8 MP Front Camera,Memory Card Not Supported,Android v12
545,555,xiaomi,Xiaomi Redmi Note 10 Pro Max (6GB RAM + 128GB),19980,82.0,"Dual Sim, 3G, 4G, VoLTE, Wi-Fi, IR Blaster",False,False,True,"Snapdragon  732G, Octa Core, 2.3 GHz Processor",Snapdragon  732G,snapdragon,Octa Core, 2.3 GHz Processor,"6 GB RAM, 128 GB inbuilt",5020 mAh Battery with 33W Fast Charging,"6.67 inches, 1080 x 2400 px, 120 Hz Display with Punch Hole",108 MP Quad Rear & 16 MP Front Camera,"Memory Card Supported, upto 512 GB",Android v11
546,556,iqoo,iQOO 7 (12GB RAM + 256GB),35990,85.0,"Dual Sim, 3G, 4G, 5G, VoLTE, Wi-Fi, NFC",True,True,False,"Snapdragon 870, Octa Core, 3.2 GHz Processor",Snapdragon 870,snapdragon,Octa Core, 3.2 GHz Processor,"12 GB RAM, 256 GB inbuilt",4400 mAh Battery with 66W Fast Charging,"6.62 inches, 1080 x 2400 px, 120 Hz Display with Punch Hole",48 MP + 13 MP + 2 MP Triple Rear & 16 MP Front Camera,Memory Card Not Supported,
547,557,realme,Realme 8,15999,78.0,"Dual Sim, 3G, 4G, VoLTE, Wi-Fi",False,False,False,"Helio G95, Octa Core, 2 GHz Processor",Helio G95,helio,Octa Core, 2 GHz Processor,"4 GB RAM, 128 GB inbuilt",5000 mAh Battery with 30W Fast Charging,"6.4 inches, 1080 x 2400 px Display with Punch Hole",64 MP Quad Rear & 16 MP Front Camera,"Memory Card Supported, upto 256 GB",Android v11
548,558,samsung,Samsung Galaxy S20,41999,88.0,"Dual Sim, 3G, 4G, VoLTE, Wi-Fi, NFC",False,True,False,"Exynos  990, Octa Core, 2.73 GHz Processor",Exynos  990,exynos,Octa Core, 2.73 GHz Processor,"8 GB RAM, 128 GB inbuilt",4000 mAh Battery with 25W Fast Charging,"6.2 inches, 1440 x 3200 px, 120 Hz Display with Punch Hole",64 MP + 12 MP + 12 MP Triple Rear & 10 MP Front Camera,"Memory Card (Hybrid), upto 1 TB",Android v10.0
549,559,xiaomi,Xiaomi Redmi K60E,25999,83.0,"Dual Sim, 3G, 4G, 5G, VoLTE, Wi-Fi, NFC, IR Blaster",True,True,True,"Dimensity 8200, Octa Core, 3.1 GHz Processor",Dimensity 8200,dimensity,Octa Core, 3.1 GHz Processor,"8 GB RAM, 128 GB inbuilt",5500 mAh Battery with 67W Fast Charging,"6.67 inches, 1440 x 3200 px, 120 Hz Display with Punch Hole",48 MP + 8 MP + 2 MP Triple Rear & 20 MP Front Camera,Memory Card Not Supported,
550,560,motorola,Motorola Moto E32s,7990,65.0,"Dual Sim, 3G, 4G, VoLTE, Wi-Fi",False,False,False,"Helio G37, Octa Core, 1.8 GHz Processor",Helio G37,helio,Octa Core, 1.8 GHz Processor,"3 GB RAM, 32 GB inbuilt",5000 mAh Battery with 18W Fast Charging,"6.5 inches, 720 x 1600 px, 90 Hz Display with Punch Hole",16 MP + 2 MP + 2 MP Triple Rear & 8 MP Front Camera,"Memory Card Supported, upto 1 TB",Android v12
551,561,oneplus,OnePlus Nord 3T 5G,29990,84.0,"Dual Sim, 3G, 4G, 5G, VoLTE, Wi-Fi, NFC",True,True,False,"Dimensity  1300, Octa Core, 3 GHz Processor",Dimensity  1300,dimensity,Octa Core, 3 GHz Processor,"8 GB RAM, 128 GB inbuilt",4500 mAh Battery with 80W Fast Charging,"6.43 inches, 1080 x 2400 px, 90 Hz Display with Punch Hole",50 MP + 8 MP + 2 MP Triple Rear & 32 MP Front Camera,Memory Card Not Supported,
552,562,oppo,OPPO F23 Pro Plus 5G,27990,83.0,"Dual Sim, 3G, 4G, 5G, VoLTE, Wi-Fi",True,False,False,"Snapdragon  7 Gen1, Octa Core, 2.36 GHz Processor",Snapdragon  7 Gen1,snapdragon,Octa Core, 2.36 GHz Processor,"8 GB RAM, 128 GB inbuilt",4500 mAh Battery with 65W Fast Charging,"6.43 inches, 1080 x 2460 px, 90 Hz Display with Punch Hole",50 MP Quad Rear & 16 MP Front Camera,"Memory Card Supported, upto 256 GB",Android v12
553,563,poco,Poco F5 Pro,29999,84.0,"Dual Sim, 3G, 4G, 5G, VoLTE, Wi-Fi, NFC, IR Blaster",True,True,True,"Snapdragon  8+ Gen1, Octa Core, 3.2 GHz Processor",Snapdragon  8+ Gen1,snapdragon,Octa Core, 3.2 GHz Processor,"8 GB RAM, 128 GB inbuilt",5500 mAh Battery with 67W Fast Charging,"6.67 inches, 1440 x 3200 px, 120 Hz Display with Punch Hole",64 MP + 8 MP + 2 MP Triple Rear & 16 MP Front Camera,Memory Card Not Supported,
554,564,oppo,OPPO A16e (4GB RAM + 64GB),8999,68.0,"Dual Sim, 3G, 4G, VoLTE, Wi-Fi",False,False,False,"Helio P22, Octa Core, 2 GHz Processor",Helio P22,helio,Octa Core, 2 GHz Processor,"4 GB RAM, 64 GB inbuilt",4230 mAh Battery,"6.52 inches, 720 x 1600 px Display with Water Drop Notch",13 MP Rear & 5 MP Front Camera,"Memory Card (Hybrid), upto 1 TB",Android v11
555,565,poco,POCO M4 Pro 4G (8GB RAM + 128GB),13999,81.0,"Dual Sim, 3G, 4G, VoLTE, Wi-Fi, IR Blaster",False,False,True,"Helio G96, Octa Core, 2.05 GHz Processor",Helio G96,helio,Octa Core, 2.05 GHz Processor,"8 GB RAM, 128 GB inbuilt",5000 mAh Battery with 33W Fast Charging,"6.43 inches, 1080 x 2400 px, 90 Hz Display with Punch Hole",64 MP + 8 MP + 2 MP Triple Rear & 16 MP Front Camera,"Memory Card Supported, upto 1 TB",Android v11
556,566,realme,Realme Narzo 50A,11499,71.0,"Dual Sim, 3G, 4G, VoLTE, Wi-Fi",False,False,False,"Helio  G85, Octa Core, 2 GHz Processor",Helio  G85,helio,Octa Core, 2 GHz Processor,"4 GB RAM, 64 GB inbuilt",6000 mAh Battery with 18W Fast Charging,"6.5 inches, 720 x 1600 px Display with Water Drop Notch",50 MP + 2 MP + 2 MP Triple Rear & 8 MP Front Camera,"Memory Card Supported, upto 256 GB",Android v11
557,567,asus,Asus ROG Phone 5s 5G,39999,87.0,"Dual Sim, 3G, 4G, 5G, VoLTE, Wi-Fi, NFC",True,True,False,"Snapdragon  888+, Octa Core, 2.9 GHz Processor",Snapdragon  888+,snapdragon,Octa Core, 2.9 GHz Processor,"8 GB RAM, 128 GB inbuilt",6000 mAh Battery with 65W Fast Charging,"6.78 inches, 1080 x 2448 px, 144 Hz Display",64 MP + 13 MP + 5 MP Triple Rear & 24 MP Front Camera,Memory Card Not Supported,
558,568,realme,Realme GT Master Edition 5G,27999,84.0,"Dual Sim, 3G, 4G, 5G, VoLTE, Wi-Fi, NFC",True,True,False,"Snapdragon  778G , Octa Core, 2.4 GHz Processor",Snapdragon  778G,snapdragon,Octa Core, 2.4 GHz Processor,"8 GB RAM, 128 GB inbuilt",4300 mAh Battery with 65W Fast Charging,"6.43 inches, 1080 x 2400 px, 120 Hz Display with Punch Hole",64 MP + 8 MP + 2 MP Triple Rear & 32 MP Front Camera,Memory Card Not Supported,
559,569,samsung,Samsung Galaxy A32 5G,24499,79.0,"Dual Sim, 3G, 4G, 5G, VoLTE, Wi-Fi, NFC",True,True,False,"Dimensity 720, Octa Core, 2 GHz Processor",Dimensity 720,dimensity,Octa Core, 2 GHz Processor,"6 GB RAM, 128 GB inbuilt",5000 mAh Battery with 15W Fast Charging,"6.5 inches, 720 x 1600 px, 90 Hz Display with Water Drop Notch",48 MP Quad Rear & 13 MP Front Camera,"Memory Card (Hybrid), upto 1 TB",Android v11
560,570,nubia,Nubia Red Magic 8 Pro Plus,60999,86.0,"Dual Sim, 3G, 4G, 5G, VoLTE, Wi-Fi, NFC",True,True,False,"Snapdragon 8 Gen2, Octa Core, 3.2 GHz Processor",Snapdragon 8 Gen2,snapdragon,Octa Core, 3.2 GHz Processor,"12 GB RAM, 256 GB inbuilt",5000 mAh Battery with 165W Fast Charging,"6.8 inches, 1116 x 2480 px, 120 Hz Display",50 MP + 8 MP + 2 MP Triple Rear & 16 MP Front Camera,Memory Card Not Supported,
561,571,samsung,Samsung Galaxy Z Fold 3,110999,89.0,"Dual Sim, 3G, 4G, 5G, VoLTE, Wi-Fi, NFC",True,True,False,"Snapdragon 888, Octa Core, 2.84 GHz Processor",Snapdragon 888,snapdragon,Octa Core, 2.84 GHz Processor,"12 GB RAM, 256 GB inbuilt",4400 mAh Battery with 25W Fast Charging,"7.6 inches, 1768 x 2208 px, 120 Hz Display with Punch Hole",12 MP + 12 MP + 12 MP Triple Rear & 10 MP + 4 MP Dual Front Camera,Memory Card Not Supported,Android v11
562,572,lg,LG Wing 5G,54999,89.0,"Dual Sim, 3G, 4G, 5G, VoLTE, Wi-Fi, NFC",True,True,False,"Snapdragon  765G , Octa Core, 2.4 GHz Processor",Snapdragon  765G,snapdragon,Octa Core, 2.4 GHz Processor,"8 GB RAM, 128 GB inbuilt",4000 mAh Battery with Fast Charging,"6.8 inches, 1080 x 2460 px Display",64 MP + 13 MP + 12 MP Triple Rear & 32 MP Front Camera,Memory Card Not Supported,"Memory Card (Hybrid), upto 2 TB"
563,573,xiaomi,Xiaomi Redmi Note 9 Pro Max,16490,80.0,"Dual Sim, 3G, 4G, VoLTE, Wi-Fi, IR Blaster",False,False,True,"Snapdragon 720G, Octa Core, 2.3 GHz Processor",Snapdragon 720G,snapdragon,Octa Core, 2.3 GHz Processor,"6 GB RAM, 64 GB inbuilt",5020 mAh Battery with 33W Fast Charging,"6.67 inches, 1080 x 2400 px Display with Punch Hole",64 MP Quad Rear & 32 MP Front Camera,"Memory Card Supported, upto 512 GB",Android v10.0
564,574,samsung,Samsung Galaxy A52,24990,83.0,"Dual Sim, 3G, 4G, VoLTE, Wi-Fi",False,False,False,"Snapdragon  720G, Octa Core, 2.3 GHz Processor",Snapdragon  720G,snapdragon,Octa Core, 2.3 GHz Processor,"6 GB RAM, 128 GB inbuilt",4500 mAh Battery with 25W Fast Charging,"6.5 inches, 1080 x 2400 px, 90 Hz Display with Punch Hole",64 MP Quad Rear & 32 MP Front Camera,"Memory Card Supported, upto 1 TB",Android v11
565,576,vivo,Vivo Y71,25000,,"Dual Sim, 3G, 4G, VoLTE, Wi-Fi",False,False,False,"Snapdragon 425, Quad Core, 1.4 GHz Processor",Snapdragon 425,snapdragon,Quad Core, 1.4 GHz Processor,"3 GB RAM, 16 GB inbuilt",3360 mAh Battery,"6 inches, 720 x 1440 px Display",13 MP Rear & 5 MP Front Camera,Memory Card Supported,Android v8.1 (Oreo)
566,578,samsung,Samsung Galaxy A04e (3GB RAM + 64GB),9950,66.0,"Dual Sim, 3G, 4G, VoLTE, Wi-Fi",False,False,False,"Helio P35, Octa Core, 2.3 GHz Processor",Helio P35,helio,Octa Core, 2.3 GHz Processor,"3 GB RAM, 64 GB inbuilt",5000 mAh Battery,"6.5 inches, 720 x 1600 px Display with Water Drop Notch",13 MP + 2 MP Dual Rear & 5 MP Front Camera,"Memory Card Supported, upto 1 TB",Android v12
567,579,oppo,Oppo A56s,12999,75.0,"Dual Sim, 3G, 4G, 5G, VoLTE, Wi-Fi",True,False,False,"Dimensity 810, Octa Core, 2.4 GHz Processor",Dimensity 810,dimensity,Octa Core, 2.4 GHz Processor,"8 GB RAM, 128 GB inbuilt",5000 mAh Battery,"6.56 inches, 720 x 1612 px Display with Water Drop Notch",13 MP + 2 MP Dual Rear & 8 MP Front Camera,Memory Card Supported,Android v12
568,580,oppo,Oppo Reno 8T 4G,19999,83.0,"Dual Sim, 3G, 4G, VoLTE, Wi-Fi, NFC",False,True,False,"Helio G99, Octa Core, 2.2 GHz Processor",Helio G99,helio,Octa Core, 2.2 GHz Processor,"8 GB RAM, 256 GB inbuilt",5000 mAh Battery with 66W Fast Charging,"6.67 inches, 1080 x 2400 px, 120 Hz Display with Punch Hole",50 MP + 13 MP + 2 MP Triple Rear & 16 MP Front Camera,"Memory Card Supported, upto 1 TB",Android v13
569,581,oppo,OPPO Reno 10,32999,84.0,"Dual Sim, 3G, 4G, 5G, VoLTE, Wi-Fi, NFC",True,True,False,"Snapdragon 778G Plus, Octa Core, 2.5 GHz Processor",Snapdragon 778G Plus,snapdragon,Octa Core, 2.5 GHz Processor,"8 GB RAM, 256 GB inbuilt",5000 mAh Battery with 120W Fast Charging,"6.73 inches, 1080 x 2412 px, 120 Hz Display with Punch Hole",50 MP + 8 MP + 2 MP Triple Rear & 32 MP Front Camera,Memory Card Not Supported,
570,582,nokia,Nokia G60,28498,81.0,"Dual Sim, 3G, 4G, 5G, VoLTE, Wi-Fi, NFC",True,True,False,"Snapdragon  695, Octa Core, 2.2 GHz Processor",Snapdragon  695,snapdragon,Octa Core, 2.2 GHz Processor,"6 GB RAM, 128 GB inbuilt",4500 mAh Battery with 20W Fast Charging,"6.58 inches, 1080 x 2400 px, 120 Hz Display with Water Drop Notch",50 MP + 5 MP + 2 MP Triple Rear & 8 MP Front Camera,Memory Card (Hybrid),Android v12
571,583,oppo,OPPO A77 (4GB RAM + 128 GB),15998,71.0,"Dual Sim, 3G, 4G, VoLTE, Wi-Fi",False,False,False,"Helio G35, Octa Core, 2.3 GHz Processor",Helio G35,helio,Octa Core, 2.3 GHz Processor,"4 GB RAM, 128 GB inbuilt",5000 mAh Battery with 33W Fast Charging,"6.56 inches, 720 x 1600 px Display with Water Drop Notch",50 MP Dual Rear & 8 MP Front Camera,Memory Card Supported,Android v12
572,585,motorola,Motorola Edge 40 Pro 5G,59990,89.0,"Dual Sim, 3G, 4G, 5G, VoLTE, Wi-Fi, NFC",True,True,False,"Snapdragon 8 Gen2, Octa Core, 3.2 GHz Processor",Snapdragon 8 Gen2,snapdragon,Octa Core, 3.2 GHz Processor,"8 GB RAM, 128 GB inbuilt",4800 mAh Battery with 125W Fast Charging,"6.7 inches, 1080 x 2460 px, 165 Hz Display with Punch Hole",50 MP + 50 MP + 12 MP Triple Rear & 60 MP Front Camera,Memory Card Not Supported,
573,586,oppo,Oppo K10x 5G,16990,78.0,"Dual Sim, 3G, 4G, 5G, VoLTE, Wi-Fi",True,False,False,"Snapdragon 695, Octa Core, 2.2 GHz Processor",Snapdragon 695,snapdragon,Octa Core, 2.2 GHz Processor,"6 GB RAM, 128 GB inbuilt",5000 mAh Battery with 67W Fast Charging,"6.59 inches, 1080 x 2412 px, 120 Hz Display with Punch Hole",64 MP + 8 MP + 2 MP Triple Rear & 16 MP Front Camera,Memory Card Not Supported,
574,587,iqoo,iQOO Z6 Pro 5G (12GB RAM + 256GB),27999,82.0,"Dual Sim, 3G, 4G, 5G, VoLTE, Wi-Fi",True,False,False,"Snapdragon  778G, Octa Core, 2.4 GHz Processor",Snapdragon  778G,snapdragon,Octa Core, 2.4 GHz Processor,"12 GB RAM, 256 GB inbuilt",4700 mAh Battery with 66W Fast Charging,"6.44 inches, 1080 x 2404 px, 90 Hz Display with Water Drop Notch",64 MP + 8 MP + 2 MP Triple Rear & 16 MP Front Camera,Memory Card Not Supported,Android v12
575,588,nokia,Nokia G21 (6GB RAM + 128GB),13499,75.0,"Dual Sim, 3G, 4G, VoLTE, Wi-Fi",False,False,False,"Unisoc  T606, Octa Core, 1.6 GHz Processor",Unisoc  T606,unisoc,Octa Core, 1.6 GHz Processor,"6 GB RAM, 128 GB inbuilt",5050 mAh Battery with 18W Fast Charging,"6.5 inches, 720 x 1600 px, 90 Hz Display with Water Drop Notch",50 MP + 2 MP + 2 MP Triple Rear & 8 MP Front Camera,"Memory Card Supported, upto 512 GB",Android v11
576,589,samsung,Samsung Galaxy A13 (6GB RAM + 128GB),16499,78.0,"Dual Sim, 3G, 4G, VoLTE, Wi-Fi",False,False,False,"Octa Core, 2 GHz Processor",,octa,Octa Core, 2 GHz Processor,"6 GB RAM, 128 GB inbuilt",5000 mAh Battery with 25W Fast Charging,"6.6 inches, 1080 x 2408 px Display with Water Drop Notch",50 MP Quad Rear & 8 MP Front Camera,"Memory Card Supported, upto 1 TB",Android v12
577,590,oppo,OPPO A16K (4GB RAM + 64GB),10999,66.0,"Dual Sim, 3G, 4G, VoLTE, Wi-Fi",False,False,False,"Helio G35, Octa Core, 2.3 GHz Processor",Helio G35,helio,Octa Core, 2.3 GHz Processor,"4 GB RAM, 64 GB inbuilt",4230 mAh Battery,"6.52 inches, 720 x 1600 px Display with Water Drop Notch",13 MP Rear & 5 MP Front Camera,"Memory Card Supported, upto 256 GB",Android v11
578,591,xiaomi,Xiaomi Redmi 10C,13990,71.0,"Dual Sim, 3G, 4G, VoLTE, Wi-Fi",False,False,False,"Snapdragon 680, Octa Core, 2.4 GHz Processor",Snapdragon 680,snapdragon,Octa Core, 2.4 GHz Processor,"4 GB RAM, 64 GB inbuilt",6000 mAh Battery with 18W Fast Charging,"6.7 inches, 720 x 1600 px Display with Water Drop Notch",50 MP + 2 MP Dual Rear & 5 MP Front Camera,"Memory Card Supported, upto 512 GB",Android v11
579,592,tecno,Tecno Spark 9 Pro,9999,74.0,"Dual Sim, 3G, 4G, VoLTE, Wi-Fi",False,False,False,"Helio  G85, Octa Core, 2 GHz Processor",Helio  G85,helio,Octa Core, 2 GHz Processor,"4 GB RAM, 64 GB inbuilt",5000 mAh Battery with 18W Fast Charging,"6.6 inches, 1080 x 2460 px, 90 Hz Display with Water Drop Notch",48 MP + 2 MP + 2 MP Triple Rear & 32 MP Front Camera,Memory Card Supported,Android v12
580,593,realme,Realme GT Neo 3 5G,31994,83.0,"Dual Sim, 3G, 4G, 5G, VoLTE, Wi-Fi, NFC",True,True,False,"Dimensity  8100, Octa Core, 2.85 GHz Processor",Dimensity  8100,dimensity,Octa Core, 2.85 GHz Processor,"8 GB RAM, 128 GB inbuilt",5000 mAh Battery with 80W Fast Charging,"6.7 inches, 1080 x 2412 px, 120 Hz Display with Punch Hole",50 MP + 8 MP + 2 MP Triple Rear & 16 MP Front Camera,Memory Card Not Supported,
581,594,xiaomi,Xiaomi 11i HyperCharge 5G,24820,83.0,"Dual Sim, 3G, 4G, 5G, VoLTE, Wi-Fi, IR Blaster",True,False,True,"Dimensity  920 5G, Octa Core, 2.5 GHz Processor",Dimensity  920 5G,dimensity,Octa Core, 2.5 GHz Processor,"6 GB RAM, 128 GB inbuilt",4500 mAh Battery with 120W Fast Charging,"6.67 inches, 2400 x 1080 px, 120 Hz Display with Punch Hole",108 MP + 8 MP + 2 MP Triple Rear & 16 MP Front Camera,"Memory Card (Hybrid), upto 1 TB",Android v11
582,595,iqoo,iQOO Neo 6 SE 5G,22990,83.0,"Dual Sim, 3G, 4G, 5G, VoLTE, Wi-Fi",True,False,False,"Snapdragon 870, Octa Core, 3.2 GHz Processor",Snapdragon 870,snapdragon,Octa Core, 3.2 GHz Processor,"8 GB RAM, 128 GB inbuilt",4700 mAh Battery with 80W Fast Charging,"6.62 inches, 1080 x 2400 px, 120 Hz Display with Punch Hole",64 MP + 12 MP + 2 MP Triple Rear & 16 MP Front Camera,Memory Card Not Supported,Android v12
583,596,iqoo,iQOO 9 Pro 5G,59990,88.0,"Dual Sim, 3G, 4G, 5G, VoLTE, Wi-Fi, NFC",True,True,False,"Snapdragon 8 Gen1, Octa Core, 3 GHz Processor",Snapdragon 8 Gen1,snapdragon,Octa Core, 3 GHz Processor,"8 GB RAM, 256 GB inbuilt",4700 mAh Battery with 120W Fast Charging,"6.78 inches, 1440 x 3200 px, 120 Hz Display with Punch Hole",50 MP + 50 MP + 16 MP Triple Rear & 16 MP Front Camera,Memory Card Not Supported,
584,597,realme,Realme Narzo 50i (4GB RAM + 64GB),8999,62.0,"Dual Sim, 3G, 4G, VoLTE, Wi-Fi",False,False,False,"Unisoc  SC9863A, Octa Core, 1.6 GHz Processor",Unisoc  SC9863A,unisoc,Octa Core, 1.6 GHz Processor,"4 GB RAM, 64 GB inbuilt",5000 mAh Battery,"6.5 inches, 720 x 1600 px Display with Water Drop Notch",8 MP Rear & 5 MP Front Camera,"Memory Card Supported, upto 256 GB",Android v11
585,598,xiaomi,Xiaomi Redmi 9 Activ (6GB RAM + 128GB),10499,72.0,"Dual Sim, 3G, 4G, VoLTE, Wi-Fi",False,False,False,"Helio G35, Octa Core, 2.3 GHz Processor",Helio G35,helio,Octa Core, 2.3 GHz Processor,"6 GB RAM, 128 GB inbuilt",5000 mAh Battery,"6.53 inches, 720 x 1600 px Display with Water Drop Notch",13 MP + 2 MP Dual Rear & 5 MP Front Camera,"Memory Card Supported, upto 512 GB",Android v11
586,599,jio,Jio JioPhone Next (3GB RAM + 32GB),7499,,"Dual Sim, 3G, 4G, VoLTE, Wi-Fi",False,False,False,"Qualcomm 215, Quad Core, 1.3 GHz Processor",Qualcomm 215,qualcomm,Quad Core, 1.3 GHz Processor,"3 GB RAM, 32 GB inbuilt",3000 mAh Battery,"5.5 inches, 720 x 1440 px Display",13 MP Rear & 8 MP Front Camera,Memory Card Supported,Pragati OS (Powered by Android)
587,600,xiaomi,Xiaomi Redmi Note 8 2021,9990,75.0,"Dual Sim, 3G, 4G, VoLTE, Wi-Fi, IR Blaster",False,False,True,"Helio G85, Octa Core, 2 GHz Processor",Helio G85,helio,Octa Core, 2 GHz Processor,"4 GB RAM, 64 GB inbuilt",4000 mAh Battery with 18W Fast Charging,"6.3 inches, 1080 x 2340 px Display with Water Drop Notch",48 MP Quad Rear & 13 MP Front Camera,Memory Card Supported,Android v11
588,601,xiaomi,Xiaomi Redmi Note 10 5G,12490,76.0,"Dual Sim, 3G, 4G, 5G, VoLTE, Wi-Fi, IR Blaster",True,False,True,"Dimensity 700 5G, Octa Core, 2.2 GHz Processor",Dimensity 700 5G,dimensity,Octa Core, 2.2 GHz Processor,"4 GB RAM, 128 GB inbuilt",5000 mAh Battery with 18W Fast Charging,"6.5 inches, 1080 x 2400 px, 90 Hz Display with Punch Hole",48 MP + 2 MP + 2 MP Triple Rear & 8 MP Front Camera,"Memory Card Supported, upto 512 GB",Android v11
589,602,vivo,Vivo Y20G,13990,69.0,"Dual Sim, 3G, 4G, VoLTE, Wi-Fi",False,False,False,"Helio G80, Octa Core, 2 GHz Processor",Helio G80,helio,Octa Core, 2 GHz Processor,"4 GB RAM, 64 GB inbuilt",5000 mAh Battery with 18W Fast Charging,"6.51 inches, 720 x 1600 px Display with Water Drop Notch",13 MP + 2 MP + 2 MP Triple Rear & 8 MP Front Camera,"Memory Card Supported, upto 256 GB",Android v11
590,603,samsung,Samsung Galaxy A22 5G,17990,79.0,"Dual Sim, 3G, 4G, 5G, VoLTE, Wi-Fi",True,False,False,"Dimensity 700 5G, Octa Core, 2.2 GHz Processor",Dimensity 700 5G,dimensity,Octa Core, 2.2 GHz Processor,"6 GB RAM, 128 GB inbuilt",5000 mAh Battery with 15W Fast Charging,"6.6 inches, 1080 x 2408 px, 90 Hz Display with Water Drop Notch",48 MP + 5 MP + 2 MP Triple Rear & 8 MP Front Camera,"Memory Card Supported, upto 1 TB",Android v11
591,604,vivo,Vivo V21,24999,83.0,"Dual Sim, 3G, 4G, VoLTE, Wi-Fi",False,False,False,"Dimensity 800U, Octa Core, 2.4 GHz Processor",Dimensity 800U,dimensity,Octa Core, 2.4 GHz Processor,"8 GB RAM, 128 GB inbuilt",4000 mAh Battery with 33W Fast Charging,"6.44 inches, 1080 x 2400 px, 90 Hz Display with Water Drop Notch",64 MP + 8 MP + 2 MP Triple Rear & 44 MP Front Camera,Memory Card (Hybrid),Android v11
592,605,realme,Realme 7 Pro (8GB RAM + 128GB),21999,85.0,"Dual Sim, 3G, 4G, VoLTE, Wi-Fi",False,False,False,"Snapdragon 720G , Octa Core, 2.3 GHz Processor",Snapdragon 720G,snapdragon,Octa Core, 2.3 GHz Processor,"8 GB RAM, 128 GB inbuilt",4500 mAh Battery with 65W Fast Charging,"6.4 inches, 1080 x 2400 px Display with Punch Hole",64 MP Quad Rear & 32 MP Front Camera,"Memory Card Supported, upto 256 GB",Android v10
593,606,oneplus,OnePlus Nord Lite,19999,77.0,"Dual Sim, 3G, 4G, VoLTE, Wi-Fi",False,False,False,"Snapdragon 690, Octa Core, 2 GHz Processor",Snapdragon 690,snapdragon,Octa Core, 2 GHz Processor,"8 GB RAM, 128 GB inbuilt",4300 mAh Battery with 30W Fast Charging,"6.55 inches, 1080 x 2400 px, 90 Hz Display with Punch Hole",48 MP + 16 MP + 2 MP Triple Rear & 16 MP Front Camera,Memory Card Not Supported,Android v10
594,607,samsung,Samsung Galaxy S20 Ultra 5G,99999,,"Dual Sim, 3G, 4G, 5G, VoLTE, Wi-Fi, NFC",True,True,False,"Exynos 990, Octa Core, 2.73 GHz Processor",Exynos 990,exynos,Octa Core, 2.73 GHz Processor,"12 GB RAM, 128 GB inbuilt",5000 mAh Battery with 45W Fast Charging,"6.9 inches, 1440 x 3200 px Display with Punch Hole",108 MP Quad Rear & 40 MP Front Camera,"Memory Card (Hybrid), upto 1 TB",Android v10.0
595,608,apple,Apple iPhone 11 Pro Max,109900,77.0,"Dual Sim, 3G, 4G, VoLTE, Wi-Fi, NFC",False,True,False,"A13 Bionic, Hexa Core, 2.65 GHz Processor",A13 Bionic,a13,Hexa Core, 2.65 GHz Processor,"4 GB RAM, 64 GB inbuilt",3500 mAh Battery with 18W Fast Charging,"6.5 inches, 1242 x 2688 px Display with Large Notch",12 MP + 12 MP + 12 MP Triple Rear & 12 MP Front Camera,Memory Card Not Supported,iOS v13
596,609,apple,Apple iPhone 7s,52990,,"Single Sim, 3G, 4G, VoLTE, Wi-Fi",False,False,False,"Fusion APL1024, Quad Core, 2.37 GHz Processor",Fusion APL1024,fusion,Quad Core, 2.37 GHz Processor,"3 GB RAM, 32 GB inbuilt",2230 mAh Battery,"4.7 inches, 750 x 1334 px Display",13 MP Rear & 7 MP Front Camera,Memory Card Not Supported,
597,611,sony,Sony Xperia Ace IV,19990,80.0,"Dual Sim, 3G, 4G, VoLTE, Wi-Fi, NFC",False,True,False,"Snapdragon 4 Gen 1, Octa Core, 2 GHz Processor",Snapdragon 4 Gen 1,snapdragon,Octa Core, 2 GHz Processor,"8 GB RAM, 128 GB inbuilt",5000 mAh Battery with 33W Fast Charging,"6.5 inches, 1080 x 2400 px, 120 Hz Display",50 MP + 2 MP Dual Rear & 16 MP Front Camera,"Memory Card (Hybrid), upto 1 TB",Android v13
598,612,samsung,Samsung Galaxy A04e (4GB RAM + 128GB),11499,69.0,"Dual Sim, 3G, 4G, VoLTE, Wi-Fi",False,False,False,"Helio P35, Octa Core, 2.3 GHz Processor",Helio P35,helio,Octa Core, 2.3 GHz Processor,"4 GB RAM, 128 GB inbuilt",5000 mAh Battery,"6.5 inches, 720 x 1600 px Display with Water Drop Notch",13 MP + 2 MP Dual Rear & 5 MP Front Camera,"Memory Card Supported, upto 1 TB",Android v12
599,614,xiaomi,Xiaomi Redmi Note 12 4G,13999,75.0,"Dual Sim, 3G, 4G, VoLTE, Wi-Fi, IR Blaster",False,False,True,"Helio G99, Octa Core, 2.2 GHz Processor",Helio G99,helio,Octa Core, 2.2 GHz Processor,"4 GB RAM, 64 GB inbuilt",5000 mAh Battery with 33W Fast Charging,"6.67 inches, 1080 x 2400 px, 120 Hz Display with Punch Hole",48 MP + 8 MP + 2 MP Triple Rear & 13 MP Front Camera,"Memory Card (Hybrid), upto 1 TB",Android v13
600,615,oukitel,Oukitel WP21,22990,82.0,"Dual Sim, 3G, 4G, VoLTE, Wi-Fi",False,False,False,"Helio G99, Octa Core, 2.2 GHz Processor",Helio G99,helio,Octa Core, 2.2 GHz Processor,"12 GB RAM, 256 GB inbuilt",9800 mAh Battery with 66W Fast Charging,"6.78 inches, 1080 x 2400 px, 120 Hz Display",64 MP + 20 MP + 2 MP Triple Rear & Main Front Camera,Memory Card Not Supported,Memory Card (Hybrid)
601,616,vivo,Vivo V28,28990,84.0,"Dual Sim, 3G, 4G, 5G, VoLTE, Wi-Fi",True,False,False,"Snapdragon 6 Gen 1, Octa Core, 2.2 GHz Processor",Snapdragon 6 Gen 1,snapdragon,Octa Core, 2.2 GHz Processor,"8 GB RAM, 256 GB inbuilt",5000 mAh Battery with 80W Fast Charging,"6.7 inches, 1080 x 2400 px, 120 Hz Display with Water Drop Notch",108 MP + 13 MP + 2 MP Triple Rear & 32 MP Front Camera,Memory Card Supported,Android v13
602,617,poco,Poco F4 5G (8GB RAM + 128GB),27999,85.0,"Dual Sim, 3G, 4G, 5G, VoLTE, Wi-Fi, NFC",True,True,False,"Snapdragon  870, Octa Core, 3.2 GHz Processor",Snapdragon  870,snapdragon,Octa Core, 3.2 GHz Processor,"8 GB RAM, 128 GB inbuilt",4500 mAh Battery with 67W Fast Charging,"6.67 inches, 1080 x 2400 px, 120 Hz Display with Punch Hole",64 MP + 8 MP + 2 MP Triple Rear & 20 MP Front Camera,Memory Card Not Supported,
603,618,xiaomi,Xiaomi Redmi Note 11T Pro 5G,19990,82.0,"Dual Sim, 3G, 4G, 5G, VoLTE, Wi-Fi, NFC, IR Blaster",True,True,True,"Dimensity  8100, Octa Core, 2.85 GHz Processor",Dimensity  8100,dimensity,Octa Core, 2.85 GHz Processor,"6 GB RAM, 128 GB inbuilt",5080 mAh Battery with 67W Fast Charging,"6.6 inches, 1080 x 2460 px, 144 Hz Display with Punch Hole",64 MP + 8 MP + 2 MP Triple Rear & 16 MP Front Camera,"Memory Card (Hybrid), upto 1 TB",Android v12
604,619,realme,Realme Narzo 50 Pro 5G (8GB RAM + 128GB),22999,83.0,"Dual Sim, 3G, 4G, 5G, VoLTE, Wi-Fi",True,False,False,"Dimensity 920 5G, Octa Core, 2.5 GHz Processor",Dimensity 920 5G,dimensity,Octa Core, 2.5 GHz Processor,"8 GB RAM, 128 GB inbuilt",5000 mAh Battery with 33W Fast Charging,"6.4 inches, 1080 x 2400 px, 90 Hz Display with Punch Hole",48 MP + 8 MP + 2 MP Triple Rear & 16 MP Front Camera,"Memory Card (Hybrid), upto 1 TB",Android v12
605,620,vivo,Vivo T1 44W (8GB RAM + 128GB),17999,82.0,"Dual Sim, 3G, 4G, VoLTE, Wi-Fi",False,False,False,"Snapdragon 680, Octa Core, 2.4 GHz Processor",Snapdragon 680,snapdragon,Octa Core, 2.4 GHz Processor,"8 GB RAM, 128 GB inbuilt",5000 mAh Battery with 44W Fast Charging,"6.44 inches, 1080 x 2408 px Display with Water Drop Notch",50 MP + 2 MP + 2 MP Triple Rear & 16 MP Front Camera,"Memory Card (Hybrid), upto 1 TB",Android v12
606,621,xiaomi,Xiaomi Redmi Note 11S (6GB RAM + 128GB),15499,81.0,"Dual Sim, 3G, 4G, VoLTE, Wi-Fi, IR Blaster",False,False,True,"Helio  G96, Octa Core, 2.05 GHz Processor",Helio  G96,helio,Octa Core, 2.05 GHz Processor,"6 GB RAM, 128 GB inbuilt",5000 mAh Battery with 33W Fast Charging,"6.43 inches, 1080 x 2400 px, 90 Hz Display with Punch Hole",108 MP Quad Rear & 16 MP Front Camera,"Memory Card Supported, upto 512 GB",Android v11
607,622,lava,Lava Agni 5G,17990,84.0,"Dual Sim, 3G, 4G, 5G, VoLTE, Wi-Fi",True,False,False,"Dimensity  810 5G, Octa Core, 2.4 GHz Processor",Dimensity  810 5G,dimensity,Octa Core, 2.4 GHz Processor,"8 GB RAM, 128 GB inbuilt",5000 mAh Battery with 30W Fast Charging,"6.78 inches, 1080 x 2460 px, 90 Hz Display with Punch Hole",64 MP Quad Rear & 16 MP Front Camera,"Memory Card (Hybrid), upto 1 TB",Android v11
608,623,realme,Realme 8i (6GB RAM + 128GB),13999,77.0,"Dual Sim, 3G, 4G, VoLTE, Wi-Fi",False,False,False,"Helio G96, Octa Core, 2.05 GHz Processor",Helio G96,helio,Octa Core, 2.05 GHz Processor,"6 GB RAM, 128 GB inbuilt",5000 mAh Battery with 18W Fast Charging,"6.6 inches, 1080 x 2412 px, 120 Hz Display with Punch Hole",50 MP + 2 MP + 2 MP Triple Rear & 16 MP Front Camera,"Memory Card Supported, upto 256 GB",Android v11
609,624,oppo,OPPO A55 4G,13499,73.0,"Dual Sim, 3G, 4G, VoLTE, Wi-Fi",False,False,False,"Helio G35, Octa Core, 2.3 GHz Processor",Helio G35,helio,Octa Core, 2.3 GHz Processor,"4 GB RAM, 64 GB inbuilt",5000 mAh Battery with 18W Fast Charging,"6.51 inches, 720 x 1600 px Display with Punch Hole",50 MP + 2 MP + 2 MP Triple Rear & 16 MP Front Camera,"Memory Card Supported, upto 256 GB",Android v11
610,625,poco,POCO M3 Pro 5G (6GB RAM + 128GB),14799,79.0,"Dual Sim, 3G, 4G, 5G, VoLTE, Wi-Fi, IR Blaster",True,False,True,"Dimensity 700 5G, Octa Core, 2.2 GHz Processor",Dimensity 700 5G,dimensity,Octa Core, 2.2 GHz Processor,"6 GB RAM, 128 GB inbuilt",5000 mAh Battery with 18W Fast Charging,"6.5 inches, 1080 x 2400 px, 90 Hz Display with Punch Hole",48 MP + 2 MP + 2 MP Triple Rear & 8 MP Front Camera,"Memory Card (Hybrid), upto 1 TB",Android v11
611,626,realme,Realme C21Y,6999,62.0,"Dual Sim, 3G, 4G, VoLTE, Wi-Fi",False,False,False,"Unisoc T610, Octa Core, 1.8 GHz Processor",Unisoc T610,unisoc,Octa Core, 1.8 GHz Processor,"3 GB RAM, 32 GB inbuilt",5000 mAh Battery,"6.5 inches, 720 x 1600 px Display with Water Drop Notch",13 MP + 2 MP + 2 MP Triple Rear & 5 MP Front Camera,"Memory Card Supported, upto 256 GB",Android v11
612,627,oppo,OPPO A16,11999,69.0,"Dual Sim, 3G, 4G, VoLTE, Wi-Fi",False,False,False,"Helio G35, Octa Core, 2.3 GHz Processor",Helio G35,helio,Octa Core, 2.3 GHz Processor,"4 GB RAM, 64 GB inbuilt",5000 mAh Battery,"6.52 inches, 720 x 1600 px Display with Water Drop Notch",13 MP + 2 MP + 2 MP Triple Rear & 8 MP Front Camera,Memory Card Supported,Android v11
613,628,vivo,Vivo V21 5G,23994,85.0,"Dual Sim, 3G, 4G, 5G, VoLTE, Wi-Fi",True,False,False,"Dimensity 800U, Octa Core, 2.4 GHz Processor",Dimensity 800U,dimensity,Octa Core, 2.4 GHz Processor,"8 GB RAM, 128 GB inbuilt",4000 mAh Battery with 33W Fast Charging,"6.44 inches, 1080 x 2400 px, 90 Hz Display with Water Drop Notch",64 MP + 8 MP + 2 MP Triple Rear & 44 MP Front Camera,Memory Card (Hybrid),Android v11
614,629,nokia,Nokia 225 4G,3589,,"Dual Sim, 3G, 4G, VoLTE",False,False,False,Unisoc T117,Unisoc T117,unisoc,,,"64 MB RAM, 128 MB inbuilt",1150 mAh Battery,"2.4 inches, 240 x 320 px Display",0.3 MP Rear Camera,"Memory Card Supported, upto 32 GB",RTOS (Series 30+)
615,630,apple,Apple iPhone 12 Pro (512GB),139900,80.0,"Dual Sim, 3G, 4G, 5G, VoLTE, Wi-Fi, NFC",True,True,False,"Bionic A14, Hexa Core, 3.1 GHz Processor",Bionic A14,bionic,Hexa Core, 3.1 GHz Processor,"6 GB RAM, 512 GB inbuilt",,"6.1 inches, 1170 x 2532 px Display with Large Notch",12 MP + 12 MP + 12 MP Triple Rear & 12 MP Front Camera,Memory Card Not Supported,iOS v14.0
616,631,sony,Sony Xperia 1 II,69999,89.0,"Dual Sim, 3G, 4G, 5G, VoLTE, Wi-Fi, NFC",True,True,False,"Snapdragon  865 , Octa Core, 2.84 GHz Processor",Snapdragon  865,snapdragon,Octa Core, 2.84 GHz Processor,"8 GB RAM, 256 GB inbuilt",4000 mAh Battery with 21W Fast Charging,"6.5 inches, 1644 x 3840 px Display",12 MP Quad Rear & 8 MP Front Camera,Memory Card (Hybrid),Android v10
617,632,motorola,Motorola Edge Plus,57999,89.0,"Single Sim, 3G, 4G, 5G, VoLTE, Wi-Fi, NFC",True,True,False,"Snapdragon  865 , Octa Core, 2.84 GHz Processor",Snapdragon  865,snapdragon,Octa Core, 2.84 GHz Processor,"12 GB RAM, 256 GB inbuilt",5000 mAh Battery with 18W Fast Charging,"6.7 inches, 1080 x 2340 px, 90 Hz Display with Punch Hole",108 MP + 16 MP + 8 MP Triple Rear & 25 MP Front Camera,Memory Card Not Supported,
618,633,samsung,Samsung Galaxy Note 20,86000,87.0,"Dual Sim, 3G, 4G, VoLTE, Wi-Fi, NFC",False,True,False,"Exynos  990, Octa Core, 2.73 GHz Processor",Exynos  990,exynos,Octa Core, 2.73 GHz Processor,"8 GB RAM, 256 GB inbuilt",4300 mAh Battery with 25W Fast Charging,"6.7 inches, 1080 x 2400 px Display with Punch Hole",64 MP + 12 MP + 12 MP Triple Rear & 10 MP Front Camera,Memory Card Not Supported,
619,634,samsung,Samsung Galaxy A12,11999,71.0,"Dual Sim, 3G, 4G, VoLTE, Wi-Fi",False,False,False,"Helio P35, Octa Core, 2.3 GHz Processor",Helio P35,helio,Octa Core, 2.3 GHz Processor,"4 GB RAM, 64 GB inbuilt",5000 mAh Battery with 15W Fast Charging,"6.5 inches, 720 x 1560 px Display with Water Drop Notch",48 MP Quad Rear & 8 MP Front Camera,Memory Card Supported,Android v10
620,635,xiaomi,Xiaomi Redmi Note 12 Pro 4G,14999,77.0,"Dual Sim, 3G, 4G, VoLTE, Wi-Fi, NFC, IR Blaster",False,True,True,"Snapdragon 732G, Octa Core, 2.3 GHz Processor",Snapdragon 732G,snapdragon,Octa Core, 2.3 GHz Processor,"6 GB RAM, 128 GB inbuilt",5000 mAh Battery with 67W Fast Charging,"6.67 inches, 1080 x 2400 px, 120 Hz Display with Punch Hole",50 MP + 8 MP + 2 MP Triple Rear & 16 MP Front Camera,Memory Card Not Supported,
621,636,realme,Realme GT Neo 3T (8GB RAM + 128GB),26499,81.0,"Dual Sim, 3G, 4G, 5G, VoLTE, Wi-Fi",True,False,False,"Snapdragon 870, Octa Core, 3.2 GHz Processor",Snapdragon 870,snapdragon,Octa Core, 3.2 GHz Processor,"8 GB RAM, 128 GB inbuilt",5000 mAh Battery with 80W Fast Charging,"6.62 inches, 1080 x 2400 px, 120 Hz Display with Punch Hole",64 MP + 8 MP + 2 MP Triple Rear & 16 MP Front Camera,Memory Card Not Supported,
622,637,realme,Realme C30s (4GB RAM + 64GB),8990,62.0,"Dual Sim, 3G, 4G, VoLTE, Wi-Fi",False,False,False,"Unisoc SC9863A, Octa Core, 1.6 GHz Processor",Unisoc SC9863A,unisoc,Octa Core, 1.6 GHz Processor,"4 GB RAM, 64 GB inbuilt",5000 mAh Battery with 10W Fast Charging,"6.5 inches, 720 x 1600 px Display with Water Drop Notch",8 MP Rear & 5 MP Front Camera,"Memory Card Supported, upto 1 TB",Android v12
623,638,apple,Apple iPhone 14 (512GB),95999,82.0,"Dual Sim, 3G, 4G, 5G, VoLTE, Wi-Fi, NFC",True,True,False,"Bionic A15, Hexa Core, 3.22 GHz Processor",Bionic A15,bionic,Hexa Core, 3.22 GHz Processor,"6 GB RAM, 512 GB inbuilt",3279 mAh Battery with Fast Charging,"6.1 inches, 1170 x 2532 px Display with Small Notch",12 MP + 12 MP Dual Rear & 12 MP Front Camera,Memory Card Not Supported,iOS v16
624,639,iqoo,iQOO 9T 5G,47990,85.0,"Dual Sim, 3G, 4G, 5G, VoLTE, Wi-Fi, NFC, IR Blaster",True,True,True,"Snapdragon  8+ Gen1, Octa Core, 3.2 GHz Processor",Snapdragon  8+ Gen1,snapdragon,Octa Core, 3.2 GHz Processor,"8 GB RAM, 128 GB inbuilt",4700 mAh Battery with 120W Fast Charging,"6.78 inches, 1080 x 2400 px, 120 Hz Display with Punch Hole",50 MP + 13 MP + 12 MP Triple Rear & 16 MP Front Camera,Memory Card Not Supported,
625,640,tecno,Tecno Camon 19 Pro,17990,81.0,"Dual Sim, 3G, 4G, VoLTE, Wi-Fi",False,False,False,"Helio  G96, Octa Core, 2.05 GHz Processor",Helio  G96,helio,Octa Core, 2.05 GHz Processor,"8 GB RAM, 128 GB inbuilt",5000 mAh Battery with 33W Fast Charging,"6.8 inches, 1080 x 2460 px, 120 Hz Display with Punch Hole",64 MP + 50 MP + 2 MP Triple Rear & 32 MP Front Camera,Memory Card Not Supported,
626,641,oneplus,OnePlus Nord 2 Lite 5G,22999,83.0,"Dual Sim, 3G, 4G, 5G, VoLTE, Wi-Fi, NFC",True,True,False,"Snapdragon 695 , Octa Core, 2.2 GHz Processor",Snapdragon 695,snapdragon,Octa Core, 2.2 GHz Processor,"8 GB RAM, 128 GB inbuilt",5000 mAh Battery with 33W Fast Charging,"6.59 inches, 1080 x 2412 px, 120 Hz Display with Punch Hole",64 MP + 2 MP + 2 MP Triple Rear & 16 MP Front Camera,Memory Card Supported,Android v12
627,643,samsung,Samsung Galaxy S22 Ultra 5G (8GB RAM + 128GB),99990,,"Dual Sim, 3G, 4G, 5G, VoLTE, Wi-Fi, NFC",True,True,False,"Snapdragon  8 Gen1, Octa Core, 3 GHz Processor",Snapdragon  8 Gen1,snapdragon,Octa Core, 3 GHz Processor,"8 GB RAM, 128 GB inbuilt",5000 mAh Battery with 45W Fast Charging,"6.8 inches, 1440 x 3080 px, 120 Hz Display with Punch Hole",108 MP Quad Rear & 40 MP Front Camera,Memory Card Not Supported,
628,644,poco,POCO F4 GT 5G,39999,86.0,"Dual Sim, 3G, 4G, 5G, VoLTE, Wi-Fi, NFC, IR Blaster",True,True,True,"Snapdragon  8 Gen1, Octa Core, 3 GHz Processor",Snapdragon  8 Gen1,snapdragon,Octa Core, 3 GHz Processor,"8 GB RAM, 128 GB inbuilt",4700 mAh Battery with 120W Fast Charging,"6.67 inches, 1080 x 2400 px, 120 Hz Display with Punch Hole",64 MP + 8 MP + 2 MP Triple Rear & 20 MP Front Camera,Memory Card Not Supported,Android v12
629,645,xiaomi,Xiaomi 11T Pro 5G (12GB RAM + 256GB),38999,88.0,"Dual Sim, 3G, 4G, 5G, VoLTE, Wi-Fi, NFC, IR Blaster",True,True,True,"Snapdragon  888 , Octa Core, 2.84 GHz Processor",Snapdragon  888,snapdragon,Octa Core, 2.84 GHz Processor,"12 GB RAM, 256 GB inbuilt",5000 mAh Battery with 120W Fast Charging,"6.67 inches, 1080 x 2400 px, 120 Hz Display with Punch Hole",108 MP + 8 MP + 5 MP Triple Rear & 16 MP Front Camera,Memory Card Not Supported,
630,646,vivo,Vivo Y10,12490,63.0,"Dual Sim, 3G, 4G, VoLTE, Wi-Fi",False,False,False,"Helio P35, Octa Core, 2.3 GHz Processor",Helio P35,helio,Octa Core, 2.3 GHz Processor,"4 GB RAM, 128 GB inbuilt",5000 mAh Battery,"6.51 inches, 720 x 1600 px Display with Water Drop Notch",13 MP + 2 MP Dual Rear & 8 MP Front Camera,Memory Card Not Supported,
631,648,samsung,Samsung Galaxy A83 5G,39990,86.0,"Dual Sim, 3G, 4G, 5G, VoLTE, Wi-Fi, NFC",True,True,False,"Snapdragon 870, Octa Core, 3.2 GHz Processor",Snapdragon 870,snapdragon,Octa Core, 3.2 GHz Processor,"6 GB RAM, 128 GB inbuilt",4500 mAh Battery with 25W Fast Charging,"6.71 inches, 1440 x 3200 px, 120 Hz Display with Punch Hole",64 MP + 12 MP + 5 MP Triple Rear & 10 MP Front Camera,"Memory Card Supported, upto 1 TB",Android v11
632,650,vivo,Vivo Y33s,16685,80.0,"Dual Sim, 3G, 4G, VoLTE, Wi-Fi",False,False,False,"Helio G80, Octa Core, 2 GHz Processor",Helio G80,helio,Octa Core, 2 GHz Processor,"8 GB RAM, 128 GB inbuilt",5000 mAh Battery with 18W Fast Charging,"6.58 inches, 1080 x 2408 px Display with Water Drop Notch",50 MP + 2 MP + 2 MP Triple Rear & 16 MP Front Camera,"Memory Card Supported, upto 1 TB",Android v11
633,651,huawei,Huawei Mate 40 Pro 4G,69990,,"Dual Sim, 3G, 4G, VoLTE, Wi-Fi, NFC, IR Blaster",False,True,True,"Kirin  9000, Octa Core, 3.13 GHz Processor",Kirin  9000,kirin,Octa Core, 3.13 GHz Processor,"8 GB RAM, 128 GB inbuilt",4400 mAh Battery with 66W Fast Charging,"6.76 inches, 1344 x 2772 px, 90 Hz Display with Punch Hole",50 MP + 20 MP + 12 MP Triple Rear & 13 MP Dual Front Camera,"Memory Card (Hybrid), upto 256 GB",Harmony v2.0
634,652,micromax,Micromax IN 2B,6999,66.0,"Dual Sim, 3G, 4G, VoLTE, Wi-Fi",False,False,False,"Unisoc  T610, Octa Core, 1.8 GHz Processor",Unisoc  T610,unisoc,Octa Core, 1.8 GHz Processor,"4 GB RAM, 64 GB inbuilt",5000 mAh Battery,"6.52 inches, 720 x 1600 px Display with Water Drop Notch",13 MP + 2 MP Dual Rear & 5 MP Front Camera,"Memory Card Supported, upto 256 GB",Android v11
635,653,asus,Asus ROG Phone 6,71999,86.0,"Dual Sim, 3G, 4G, 5G, VoLTE, Wi-Fi, NFC",True,True,False,"Snapdragon 8+ Gen1, Octa Core, 3.2 GHz Processor",Snapdragon 8+ Gen1,snapdragon,Octa Core, 3.2 GHz Processor,"12 GB RAM, 256 GB inbuilt",6000 mAh Battery with 65W Fast Charging,"6.78 inches, 1080 x 2448 px, 165 Hz Display",50 MP + 13 MP + 5 MP Triple Rear & 12 MP Front Camera,Memory Card Not Supported,Android v12
636,654,realme,Realme X7 Max,26999,84.0,"Dual Sim, 3G, 4G, 5G, VoLTE, Wi-Fi, NFC",True,True,False,"Dimensity 1200, Octa Core, 3 GHz Processor",Dimensity 1200,dimensity,Octa Core, 3 GHz Processor,"8 GB RAM, 128 GB inbuilt",4500 mAh Battery with 50W Fast Charging,"6.43 inches, 1080 x 2400 px, 120 Hz Display with Punch Hole",64 MP + 8 MP + 2 MP Triple Rear & 16 MP Front Camera,Memory Card Not Supported,
637,655,realme,Realme 8 5G,16499,75.0,"Dual Sim, 3G, 4G, 5G, VoLTE, Wi-Fi",True,False,False,"Dimensity 700 5G, Octa Core, 2.2 GHz Processor",Dimensity 700 5G,dimensity,Octa Core, 2.2 GHz Processor,"4 GB RAM, 128 GB inbuilt",5000 mAh Battery with 18W Fast Charging,"6.5 inches, 1080 x 2400 px, 90 Hz Display with Punch Hole",48 MP + 2 MP + 2 MP Triple Rear & 16 MP Front Camera,"Memory Card Supported, upto 1 TB",Android v11
638,656,oppo,OPPO A55 5G,17990,74.0,"Dual Sim, 3G, 4G, 5G, VoLTE, Wi-Fi",True,False,False,"Dimensity 700, Octa Core, 2.2 GHz Processor",Dimensity 700,dimensity,Octa Core, 2.2 GHz Processor,"6 GB RAM, 128 GB inbuilt",5000 mAh Battery,"6.5 inches, 720 x 1600 px Display with Water Drop Notch",13 MP + 2 MP + 2 MP Triple Rear & 8 MP Front Camera,Memory Card Supported,Android v11
639,657,xiaomi,Xiaomi Redmi 9,8999,68.0,"Dual Sim, 3G, 4G, VoLTE, Wi-Fi",False,False,False,"Helio G35, Octa Core, 2.3 GHz Processor",Helio G35,helio,Octa Core, 2.3 GHz Processor,"4 GB RAM, 64 GB inbuilt",5000 mAh Battery,"6.53 inches, 720 x 1600 px Display with Water Drop Notch",13 MP + 2 MP Dual Rear & 5 MP Front Camera,"Memory Card Supported, upto 512 GB",Android v10
640,658,apple,Apple iPhone SE 2020,39900,63.0,"Dual Sim, 3G, 4G, VoLTE, Wi-Fi, NFC",False,True,False,"A13 Bionic, Hexa Core, 2.65 GHz Processor",A13 Bionic,a13,Hexa Core, 2.65 GHz Processor,"3 GB RAM, 64 GB inbuilt",1821 mAh Battery with 18W Fast Charging,"4.7 inches, 750 x 1334 px Display",12 MP Rear & 7 MP Front Camera,Memory Card Not Supported,
641,660,letv,Letv Y1 Pro Plus,5999,60.0,"Dual Sim, 3G, 4G, VoLTE, Wi-Fi",False,False,False,"Tiger T610, Quad Core, 1.8 GHz Processor",Tiger T610,tiger,Quad Core, 1.8 GHz Processor,"6 GB RAM, 64 GB inbuilt",4000 mAh Battery with 10W Fast Charging,"6.5 inches, 720 x 1560 px Display with Small Notch",8 MP + Depth Sensor Dual Rear & 5 MP Front Camera,Memory Card Not Supported,
642,661,oneplus,OnePlus Nord 5,34999,76.0,"Dual Sim, 3G, 4G, 5G, VoLTE, Wi-Fi, NFC",True,True,False,"Dimensity  9200, Octa Core Processor",Dimensity  9200,dimensity,Octa Core,,"8 GB RAM, 128 GB inbuilt",5000 mAh Battery with 120W Fast Charging,"6.57 inches, 1080 x 2400 px, 120 Hz Display with Punch Hole",64 MP + 12 MP + 5 MP Triple Rear & 32 MP Front Camera,Memory Card Not Supported,
643,662,vivo,Vivo Y73T,16990,77.0,"Dual Sim, 3G, 4G, 5G, VoLTE, Wi-Fi",True,False,False,"Dimensity 700, Octa Core, 2 GHz Processor",Dimensity 700,dimensity,Octa Core, 2 GHz Processor,"8 GB RAM, 128 GB inbuilt",6000 mAh Battery with 44W Fast Charging,"6.58 inches, 1080 x 2408 px Display with Water Drop Notch",50 MP + 2 MP Dual Rear & 8 MP Front Camera,Memory Card Not Supported,Android v11
644,663,oppo,OPPO Reno 9 Z,22990,84.0,"Dual Sim, 3G, 4G, 5G, VoLTE, Wi-Fi, NFC",True,True,False,"Snapdragon  6 Gen 1, Octa Core, 2.2 GHz Processor",Snapdragon  6 Gen 1,snapdragon,Octa Core, 2.2 GHz Processor,"8 GB RAM, 128 GB inbuilt",4800 mAh Battery with 33W Fast Charging,"6.58 inches, 1080 x 2400 px, 120 Hz Display with Punch Hole",50 MP + 13 MP + 2 MP Triple Rear & 32 MP Front Camera,Memory Card Supported,Android v13
645,664,vivo,Vivo V25e,19990,84.0,"Dual Sim, 3G, 4G, VoLTE, Wi-Fi",False,False,False,"Helio G99, Octa Core, 2.2 GHz Processor",Helio G99,helio,Octa Core, 2.2 GHz Processor,"8 GB RAM, 256 GB inbuilt",4500 mAh Battery with 44W Fast Charging,"6.44 inches, 1080 x 2400 px, 90 Hz Display with Punch Hole",64 MP + 2 MP + 2 MP Triple Rear & 32 MP Front Camera,Memory Card (Hybrid),Android v12
646,665,infinix,Infinix Hot 12 Pro,10850,74.0,"Dual Sim, 3G, 4G, VoLTE, Wi-Fi",False,False,False,"Tiger T616, Octa Core, 2 GHz Processor",Tiger T616,tiger,Octa Core, 2 GHz Processor,"6 GB RAM, 64 GB inbuilt",5000 mAh Battery with 18W Fast Charging,"6.6 inches, 720 x 1612 px, 90 Hz Display with Water Drop Notch",50 MP + Depth Sensor Dual Rear & 8 MP Front Camera,"Memory Card Supported, upto 256 GB",Android v12
647,666,realme,Realme Narzo 50 5G (4GB RAM + 64GB),13499,75.0,"Dual Sim, 3G, 4G, 5G, VoLTE, Wi-Fi",True,False,False,"Dimensity 810 5G, Octa Core, 2.4 GHz Processor",Dimensity 810 5G,dimensity,Octa Core, 2.4 GHz Processor,"4 GB RAM, 64 GB inbuilt",5000 mAh Battery with 33W Fast Charging,"6.6 inches, 1080 x 2400 px, 90 Hz Display with Punch Hole",48 MP + 2 MP + 2 MP Triple Rear & 16 MP Front Camera,"Memory Card Supported, upto 1 TB",Android v11
648,668,itel,itel Vision 3,6699,61.0,"Dual Sim, 3G, 4G, VoLTE, Wi-Fi",False,False,False,"Unisoc  SC9863a, Octa Core, 1.6 GHz Processor",Unisoc  SC9863a,unisoc,Octa Core, 1.6 GHz Processor,"3 GB RAM, 64 GB inbuilt",5000 mAh Battery with 18W Fast Charging,"6.6 inches, 1612 x 720 px Display with Water Drop Notch",8 MP + 0.08 MP Dual Rear & 5 MP Front Camera,"Memory Card Supported, upto 128 GB",Android v11.0
649,669,oppo,OPPO A96 4G,17999,80.0,"Dual Sim, 3G, 4G, VoLTE, Wi-Fi",False,False,False,"Snapdragon  680, Octa Core, 2.4 GHz Processor",Snapdragon  680,snapdragon,Octa Core, 2.4 GHz Processor,"8 GB RAM, 128 GB inbuilt",5000 mAh Battery with 33W Fast Charging,"6.59 inches, 1080 x 2412 px, 90 Hz Display with Punch Hole",50 MP + 2 MP Dual Rear & 16 MP Front Camera,Memory Card Supported,Android v11
650,670,xiaomi,Xiaomi Redmi Note 11E 5G,13990,69.0,"Dual Sim, 3G, 4G, 5G, VoLTE, Wi-Fi, IR Blaster",True,False,True,"Dimensity 700 5G, Octa Core, 2.2 GHz Processor",Dimensity 700 5G,dimensity,Octa Core, 2.2 GHz Processor,"4 GB RAM, 128 GB inbuilt",5000 mAh Battery with 18W Fast Charging,"6.58 inches, 1080 x 2408 px, 90 Hz Display with Punch Hole",50 MP + 2 MP Dual Rear & 5 MP Front Camera,Memory Card Not Supported,Android v11
651,671,honor,Honor Magic 4 Pro Plus 5G,94990,,"Dual Sim, 3G, 4G, 5G, VoLTE, Wi-Fi, NFC",True,True,False,"Snapdragon  8 Gen1, Octa Core, 3 GHz Processor",Snapdragon  8 Gen1,snapdragon,Octa Core, 3 GHz Processor,"12 GB RAM, 512 GB inbuilt",4600 mAh Battery with 120W Fast Charging,"6.76 inches, 1344 x 2772 px, 120 Hz Display with Punch Hole",50 MP Quad Rear & 13 MP Dual Front Camera,Memory Card Not Supported,
652,672,tecno,Tecno Spark 9T,8968,72.0,"Dual Sim, 3G, 4G, VoLTE, Wi-Fi",False,False,False,"Helio G35, Octa Core, 2.3 GHz Processor",Helio G35,helio,Octa Core, 2.3 GHz Processor,"4 GB RAM, 64 GB inbuilt",5000 mAh Battery with 18W Fast Charging,"6.6 inches, 1080 x 2408 px Display with Water Drop Notch",50 MP + 2 MP Triple Rear & 8 MP Front Camera,Memory Card Supported,Android v12
653,673,infinix,Infinix Smart 6,7320,60.0,"Dual Sim, 3G, 4G, VoLTE, Wi-Fi",False,False,False,"Helio A22, Quad Core, 2 GHz Processor",Helio A22,helio,Quad Core, 2 GHz Processor,"2 GB RAM, 64 GB inbuilt",5000 mAh Battery,"6.6 inches, 720 x 1600 px Display with Water Drop Notch",8 MP Dual Rear & 5 MP Front Camera,"Memory Card Supported, upto 512 GB",Android v11
654,674,realme,Realme C25Y (4GB RAM + 64GB),8999,69.0,"Dual Sim, 3G, 4G, VoLTE, Wi-Fi",False,False,False,"Tiger  T610, Octa Core, 1.8 GHz Processor",Tiger  T610,tiger,Octa Core, 1.8 GHz Processor,"4 GB RAM, 64 GB inbuilt",5000 mAh Battery with 18W Fast Charging,"6.5 inches, 1600 x 720 px Display with Water Drop Notch",50 MP + 2 MP + 2 MP Triple Rear & 8 MP Front Camera,"Memory Card Supported, upto 256 GB",Android v11
655,675,samsung,Samsung Galaxy A12 (6GB RAM + 128GB),13999,75.0,"Dual Sim, 3G, 4G, VoLTE, Wi-Fi",False,False,False,"Helio P35, Octa Core, 2.3 GHz Processor",Helio P35,helio,Octa Core, 2.3 GHz Processor,"6 GB RAM, 128 GB inbuilt",5000 mAh Battery with 15W Fast Charging,"6.5 inches, 720 x 1560 px Display with Water Drop Notch",48 MP Quad Rear & 8 MP Front Camera,Memory Card Supported,Android v10
656,676,tecno,Tecno Camon 19,14746,79.0,"Dual Sim, 3G, 4G, VoLTE, Wi-Fi, NFC",False,True,False,"Helio  G85, Octa Core, 2 GHz Processor",Helio  G85,helio,Octa Core, 2 GHz Processor,"6 GB RAM, 128 GB inbuilt",5000 mAh Battery with 18W Fast Charging,"6.8 inches, 1080 x 2460 px Display with Punch Hole",64 MP + 2 MP Triple Rear & 16 MP Front Camera,"Memory Card Supported, upto 512 GB",Android v12
657,677,xiaomi,Xiaomi Redmi Note 10 Pro 5G,16999,83.0,"Dual Sim, 3G, 4G, 5G, VoLTE, Wi-Fi, NFC, IR Blaster",True,True,True,"Dimensity 1100 5G, Octa Core, 2.6 GHz Processor",Dimensity 1100 5G,dimensity,Octa Core, 2.6 GHz Processor,"6 GB RAM, 128 GB inbuilt",5000 mAh Battery with 67W Fast Charging,"6.6 inches, 1080 x 2400 px, 120 Hz Display with Punch Hole",64 MP + 8 MP + 2 MP Triple Rear & 16 MP Front Camera,Memory Card Supported,Android v11
658,678,xiaomi,Xiaomi Mi 11X 5G (8GB RAM + 128GB),25990,83.0,"Dual Sim, 3G, 4G, 5G, VoLTE, Wi-Fi, IR Blaster",True,False,True,"Snapdragon 870, Octa Core, 3.2 GHz Processor",Snapdragon 870,snapdragon,Octa Core, 3.2 GHz Processor,"8 GB RAM, 128 GB inbuilt",4520 mAh Battery with 33W Fast Charging,"6.67 inches, 1080 x 2400 px, 120 Hz Display with Punch Hole",48 MP + 8 MP + 5 MP Triple Rear & 20 MP Front Camera,Memory Card Not Supported,
659,679,xiaomi,Xiaomi Redmi Note 10 (6GB RAM + 128GB),16499,78.0,"Dual Sim, 3G, 4G, VoLTE, Wi-Fi, IR Blaster",False,False,True,"Snapdragon 678, Octa Core, 2.2 GHz Processor",Snapdragon 678,snapdragon,Octa Core, 2.2 GHz Processor,"6 GB RAM, 128 GB inbuilt",5000 mAh Battery with 33W Fast Charging,"6.43 inches, 1080 x 2400 px Display with Punch Hole",48 MP Quad Rear & 13 MP Front Camera,"Memory Card Supported, upto 512 GB",Android v11
660,680,xiaomi,Xiaomi Redmi Note 10 Pro Max,19999,81.0,"Dual Sim, 3G, 4G, VoLTE, Wi-Fi, IR Blaster",False,False,True,"Snapdragon  732G, Octa Core, 2.3 GHz Processor",Snapdragon  732G,snapdragon,Octa Core, 2.3 GHz Processor,"6 GB RAM, 64 GB inbuilt",5020 mAh Battery with 33W Fast Charging,"6.67 inches, 1080 x 2400 px, 120 Hz Display with Punch Hole",108 MP Quad Rear & 16 MP Front Camera,"Memory Card Supported, upto 512 GB",Android v11
661,681,xiaomi,Xiaomi Mi 10T 5G,23500,80.0,"Dual Sim, 3G, 4G, 5G, VoLTE, Wi-Fi, NFC",True,True,False,"Snapdragon 865, Octa Core, 2.84 GHz Processor",Snapdragon 865,snapdragon,Octa Core, 2.84 GHz Processor,"6 GB RAM, 128 GB inbuilt",5000 mAh Battery with 33W Fast Charging,"6.67 inches, 2400 x 1080 px, 144 Hz Display with Punch Hole",64 MP + 13 MP + 5 MP Triple Rear & 20 MP Front Camera,Memory Card Not Supported,
662,682,lg,LG Velvet 5G,54999,85.0,"Dual Sim, 3G, 4G, 5G, VoLTE, Wi-Fi, NFC",True,True,False,"Snapdragon  765G, Octa Core, 2.4 GHz Processor",Snapdragon  765G,snapdragon,Octa Core, 2.4 GHz Processor,"6 GB RAM, 128 GB inbuilt",4300 mAh Battery with 25W Fast Charging,"6.8 inches, 1080 x 2460 px Display with Water Drop Notch",48 MP + 8 MP + 5 MP Triple Rear & 16 MP Front Camera,Memory Card (Hybrid),Android v10
663,683,motorola,Motorola One Fusion Plus,19499,80.0,"Dual Sim, 3G, 4G, VoLTE, Wi-Fi",False,False,False,"Snapdragon 730G, Octa Core, 2.2 GHz Processor",Snapdragon 730G,snapdragon,Octa Core, 2.2 GHz Processor,"6 GB RAM, 128 GB inbuilt",5000 mAh Battery with 18W Fast Charging,"6.5 inches, 1080 x 2340 px Display",64 MP Quad Rear & 16 MP Front Camera,"Memory Card (Hybrid), upto 1 TB",Android v10
664,684,lg,LG V60 ThinQ,79990,,"Dual Sim, 3G, 4G, 5G, VoLTE, Wi-Fi, NFC",True,True,False,"Snapdragon  865, Octa Core, 2.84 GHz Processor",Snapdragon  865,snapdragon,Octa Core, 2.84 GHz Processor,"8 GB RAM, 128 GB inbuilt",5000 mAh Battery with Fast Charging,"6.8 inches, 1080 x 2460 px Display with Punch Hole",64 MP + 13 MP + 0.3 MP Triple Rear & 10 MP Front Camera,Memory Card Not Supported,"Memory Card (Hybrid), upto 2 TB"
665,685,samsung,Samsung Galaxy Note 10 Lite,39999,83.0,"Dual Sim, 3G, 4G, VoLTE, Wi-Fi, NFC",False,True,False,"Exynos 9810, Octa Core, 2.7 GHz Processor",Exynos 9810,exynos,Octa Core, 2.7 GHz Processor,"6 GB RAM, 128 GB inbuilt",4500 mAh Battery with 25W Fast Charging,"6.7 inches, 1080 x 2400 px Display with Punch Hole",12 MP + 12 MP + 12 MP Triple Rear & 32 MP Front Camera,"Memory Card (Hybrid), upto 1 TB",Android v10.0
666,686,samsung,Samsung Galaxy Note 10 Plus 5G,92999,89.0,"Dual Sim, 3G, 4G, 5G, VoLTE, Wi-Fi, NFC, IR Blaster",True,True,True,"Exynos 9825, Octa Core, 2.7 GHz Processor",Exynos 9825,exynos,Octa Core, 2.7 GHz Processor,"12 GB RAM, 256 GB inbuilt",4300 mAh Battery with Fast Charging,"6.8 inches, 1440 x 3040 px Display with Punch Hole",12 MP Quad Rear & 10 MP Front Camera,"Memory Card (Hybrid), upto 512 GB",Android v9.0 (Pie)
667,688,iqoo,iQOO Neo 7 Racing Edition,32990,84.0,"Dual Sim, 3G, 4G, 5G, VoLTE, Wi-Fi, NFC, IR Blaster",True,True,True,"Snapdragon 8+ Gen1, Octa Core, 3.2 GHz Processor",Snapdragon 8+ Gen1,snapdragon,Octa Core, 3.2 GHz Processor,"8 GB RAM, 256 GB inbuilt",5000 mAh Battery with 120W Fast Charging,"6.78 inches, 1080 x 2400 px, 120 Hz Display with Punch Hole",50 MP + 8 MP + 2 MP Triple Rear & 16 MP Front Camera,Memory Card Not Supported,
668,689,samsung,Samsung Galaxy A04s (4GB RAM + 128GB),14499,72.0,"Dual Sim, 3G, 4G, VoLTE, Wi-Fi",False,False,False,"Exynos 850, Octa Core, 2 GHz Processor",Exynos 850,exynos,Octa Core, 2 GHz Processor,"4 GB RAM, 128 GB inbuilt",5000 mAh Battery with 15W Fast Charging,"6.5 inches, 720 x 1600 px, 90 Hz Display with Water Drop Notch",50 MP + 2 MP + 2 MP Triple Rear & 5 MP Front Camera,"Memory Card Supported, upto 1 TB",Android v12
669,690,vivo,Vivo Y35 5G,13999,70.0,"Dual Sim, 3G, 4G, 5G, VoLTE, Wi-Fi",True,False,False,"Dimensity 700 5G, Octa Core, 2.2 GHz Processor",Dimensity 700 5G,dimensity,Octa Core, 2.2 GHz Processor,"4 GB RAM, 128 GB inbuilt",5000 mAh Battery with 15W Fast Charging,"6.51 inches, 720 x 1600 px Display with Water Drop Notch",13 MP + 2 MP Dual Rear & 5 MP Front Camera,"Memory Card Supported, upto 1 TB",Android v13
670,691,vivo,Vivo Y02 (2GB RAM + 32GB),7999,,"Dual Sim, 3G, 4G, VoLTE, Wi-Fi",False,False,False,"Helio, Octa Core Processor",Helio,helio,Octa Core,,"2 GB RAM, 32 GB inbuilt",5000 mAh Battery with 10W Fast Charging,"6.51 inches, 720 x 1600 px Display with Water Drop Notch",8 MP Rear & 5 MP Front Camera,"Memory Card Supported, upto 1 TB",Android v12
671,692,itel,itel Vision 3 (2GB RAM + 32GB),5785,,"Dual Sim, 3G, 4G, VoLTE, Wi-Fi",False,False,False,"Unisoc  SC9863a, Octa Core, 1.6 GHz Processor",Unisoc  SC9863a,unisoc,Octa Core, 1.6 GHz Processor,"2 GB RAM, 32 GB inbuilt",5000 mAh Battery with 18W Fast Charging,"6.6 inches, 1612 x 720 px Display with Water Drop Notch",8 MP + 0.08 MP Dual Rear & 5 MP Front Camera,"Memory Card Supported, upto 128 GB",Android v11.0
672,693,xiaomi,Xiaomi Redmi Note 11R,12990,73.0,"Dual Sim, 3G, 4G, 5G, VoLTE, Wi-Fi, IR Blaster",True,False,True,"Dimensity 700 5G, Octa Core, 2.2 GHz Processor",Dimensity 700 5G,dimensity,Octa Core, 2.2 GHz Processor,"4 GB RAM, 128 GB inbuilt",5000 mAh Battery with 18W Fast Charging,"6.58 inches, 1080 x 2400 px, 90 Hz Display with Water Drop Notch",13 MP + 2 MP Dual Rear & 5 MP Front Camera,"Memory Card Supported, upto 512 GB",Android v12
673,694,poco,Poco M6 Pro,19990,84.0,"Dual Sim, 3G, 4G, 5G, VoLTE, Wi-Fi, IR Blaster",True,False,True,"Dimensity  920 5G, Octa Core, 2.5 GHz Processor",Dimensity  920 5G,dimensity,Octa Core, 2.5 GHz Processor,"8 GB RAM, 128 GB inbuilt",5100 mAh Battery with 120W Fast Charging,"6.73 inches, 1080 x 2400 px, 120 Hz Display with Punch Hole",108 MP + 13 MP + 2 MP Triple Rear & 32 MP Front Camera,"Memory Card (Hybrid), upto 1 TB",Android v13
674,695,oppo,OPPO A97 5G,23990,79.0,"Dual Sim, 3G, 4G, 5G, VoLTE, Wi-Fi",True,False,False,"Dimensity 810 5G, Octa Core, 2.4 GHz Processor",Dimensity 810 5G,dimensity,Octa Core, 2.4 GHz Processor,"12 GB RAM, 256 GB inbuilt",5000 mAh Battery with 33W Fast Charging,"6.56 inches, 1080 x 2400 px, 90 Hz Display with Water Drop Notch",48 MP + 2 MP Dual Rear & 8 MP Front Camera,"Memory Card Supported, upto 1 TB",Android v12
675,696,samsung,Samsung Galaxy A24,17999,77.0,"Dual Sim, 3G, 4G, VoLTE, Wi-Fi",False,False,False,"Exynos 7904, Octa Core, 1.8 GHz Processor",Exynos 7904,exynos,Octa Core, 1.8 GHz Processor,"6 GB RAM, 64 GB inbuilt",4000 mAh Battery with 15W Fast Charging,"6.4 inches, 1080 x 2408 px Display with Water Drop Notch",48 MP + 8 MP + 5 MP Triple Rear & 16 MP Front Camera,"Memory Card Supported, upto 1 TB",Android v12
676,697,infinix,Infinix Note 13 Pro,16999,80.0,"Dual Sim, 3G, 4G, VoLTE, Wi-Fi",False,False,False,"Helio  G99, Octa Core, 2.2 GHz Processor",Helio  G99,helio,Octa Core, 2.2 GHz Processor,"6 GB RAM, 128 GB inbuilt",5000 mAh Battery with 120W Fast Charging,"6.91 inches, 1080 x 2460 px Display with Punch Hole",108 MP Quad Rear & 16 MP Front Camera,"Memory Card Supported, upto 256 GB",Android v12
677,698,honor,Honor Play 30,9999,68.0,"Dual Sim, 3G, 4G, 5G, VoLTE, Wi-Fi",True,False,False,"Snapdragon 480+, Octa Core, 2.2 GHz Processor",Snapdragon 480+,snapdragon,Octa Core, 2.2 GHz Processor,"4 GB RAM, 128 GB inbuilt",5000 mAh Battery,"6.5 inches, 720 x 1600 px Display with Water Drop Notch",13 MP Rear & 5 MP Front Camera,Memory Card (Hybrid),Android v11
678,699,infinix,Infinix Smart 6 Plus,8299,63.0,"Dual Sim, 3G, 4G, VoLTE, Wi-Fi",False,False,False,"Helio G25, Octa Core, 2 GHz Processor",Helio G25,helio,Octa Core, 2 GHz Processor,"3 GB RAM, 64 GB inbuilt",5000 mAh Battery,"6.82 inches, 720 x 1600 px Display with Water Drop Notch",8 MP + Depth Sensor Dual Rear & 5 MP Front Camera,"Memory Card Supported, upto 512 GB",Android v12
679,700,sony,Sony Xperia 5 IV 5G,82199,89.0,"Dual Sim, 3G, 4G, 5G, VoLTE, Wi-Fi, NFC",True,True,False,"Snapdragon 8 Gen1, Octa Core, 3 GHz Processor",Snapdragon 8 Gen1,snapdragon,Octa Core, 3 GHz Processor,"8 GB RAM, 256 GB inbuilt",5000 mAh Battery with 30W Fast Charging,"6.1 inches, 1080 x 2520 px, 120 Hz Display",12 MP + 12 MP + 12 MP Triple Rear & 12 MP Front Camera,Memory Card (Hybrid),Android v12
680,702,nubia,Nubia Z40 Pro 5G,49990,84.0,"Dual Sim, 3G, 4G, 5G, VoLTE, Wi-Fi, NFC",True,True,False,"Snapdragon  8 Gen1, Octa Core, 3 GHz Processor",Snapdragon  8 Gen1,snapdragon,Octa Core, 3 GHz Processor,"8 GB RAM, 128 GB inbuilt",5000 mAh Battery with 80W Fast Charging,"6.67 inches, 1080 x 2400 px, 144 Hz Display with Punch Hole",64 MP + 50 MP + 8 MP Triple Rear & 16 MP Front Camera,Memory Card Not Supported,
681,703,nokia,Nokia G21,11999,71.0,"Dual Sim, 3G, 4G, VoLTE, Wi-Fi",False,False,False,"Unisoc  T606, Octa Core, 1.6 GHz Processor",Unisoc  T606,unisoc,Octa Core, 1.6 GHz Processor,"4 GB RAM, 64 GB inbuilt",5050 mAh Battery with 18W Fast Charging,"6.5 inches, 720 x 1600 px, 90 Hz Display with Water Drop Notch",50 MP + 2 MP + 2 MP Triple Rear & 8 MP Front Camera,"Memory Card Supported, upto 512 GB",Android v11
682,704,xiaomi,Xiaomi 12 Lite 5G,29990,82.0,"Dual Sim, 3G, 4G, 5G, VoLTE, Wi-Fi, NFC",True,True,False,"Snapdragon 778G, Octa Core, 2.4 GHz Processor",Snapdragon 778G,snapdragon,Octa Core, 2.4 GHz Processor,"6 GB RAM, 128 GB inbuilt",4300 mAh Battery with 67W Fast Charging,"6.55 inches, 1080 x 2400 px, 120 Hz Display with Punch Hole",108 MP + 8 MP + 2 MP Triple Rear & 32 MP Front Camera,Memory Card Not Supported,Android v12
683,705,oppo,Oppo Find N 5G,92249,,"Dual Sim, 3G, 4G, 5G, VoLTE, Wi-Fi, NFC",True,True,False,"Snapdragon  888, Octa Core, 2.84 GHz Processor",Snapdragon  888,snapdragon,Octa Core, 2.84 GHz Processor,"8 GB RAM, 256 GB inbuilt",4500 mAh Battery with 33W Fast Charging,"7.1 inches, 1792 x 1920 px, 120 Hz Display with Punch Hole",50 MP + 16 MP + 13 MP Triple Rear & 32 MP Front Camera,Memory Card Not Supported,Android v11
684,706,apple,Apple iPhone 13 Pro Max (256GB),139900,84.0,"Dual Sim, 3G, 4G, 5G, VoLTE, Wi-Fi, NFC",True,True,False,"Bionic A15, Hexa Core, 3.22 GHz Processor",Bionic A15,bionic,Hexa Core, 3.22 GHz Processor,"6 GB RAM, 256 GB inbuilt",4352 mAh Battery with Fast Charging,"6.7 inches, 1284 x 2778 px, 120 Hz Display with Small Notch",12 MP + 12 MP + 12 MP Triple Rear & 12 MP Front Camera,Memory Card Not Supported,iOS v15
685,707,vivo,Vivo Y21s,14990,74.0,"Dual Sim, 3G, 4G, VoLTE, Wi-Fi",False,False,False,"Helio G80, Octa Core, 2 GHz Processor",Helio G80,helio,Octa Core, 2 GHz Processor,"4 GB RAM, 128 GB inbuilt",5000 mAh Battery with 18W Fast Charging,"6.51 inches, 720 x 1600 px Display with Water Drop Notch",50 MP + 2 MP + 2 MP Triple Rear & 8 MP Front Camera,"Memory Card Supported, upto 1 TB",Android v11
686,708,oppo,OPPO F19s,15988,79.0,"Dual Sim, 3G, 4G, VoLTE, Wi-Fi",False,False,False,"Snapdragon 662 , Octa Core, 2 GHz Processor",Snapdragon 662,snapdragon,Octa Core, 2 GHz Processor,"6 GB RAM, 128 GB inbuilt",5000 mAh Battery with 33W Fast Charging,"6.43 inches, 1080 x 2400 px Display with Punch Hole",48 MP + 2 MP + 2 MP Triple Rear & 16 MP Front Camera,"Memory Card Supported, upto 256 GB",Android v11
687,709,samsung,Samsung Galaxy M21 2021,11725,76.0,"Dual Sim, 3G, 4G, VoLTE, Wi-Fi",False,False,False,"Exynos 9611, Octa Core, 2.3 GHz Processor",Exynos 9611,exynos,Octa Core, 2.3 GHz Processor,"4 GB RAM, 64 GB inbuilt",6000 mAh Battery with 15W Fast Charging,"6.4 inches, 1080 x 2340 px Display with Water Drop Notch",48 MP + 8 MP + 5 MP Triple Rear & 20 MP Front Camera,"Memory Card Supported, upto 512 GB",Android v11
688,710,oppo,OPPO F19 Pro,17994,80.0,"Dual Sim, 3G, 4G, VoLTE, Wi-Fi",False,False,False,"Helio P95, Octa Core, 2.2 GHz Processor",Helio P95,helio,Octa Core, 2.2 GHz Processor,"8 GB RAM, 128 GB inbuilt",4310 mAh Battery with 30W Fast Charging,"6.43 inches, 1080 x 2400 px Display with Punch Hole",48 MP Quad Rear & 16 MP Front Camera,"Memory Card Supported, upto 256 GB",Android v11
689,711,oppo,OPPO X 2021,134999,86.0,"Single Sim, 3G, 4G, VoLTE, Wi-Fi",False,False,False,"Snapdragon 865, Octa Core, 2.84 GHz Processor",Snapdragon 865,snapdragon,Octa Core, 2.84 GHz Processor,"8 GB RAM, 256 GB inbuilt",4000 mAh Battery with 45W Fast Charging,"7.4 inches, 1440 x 3200 px Display",64 MP + 16 MP + 12 MP Triple Rear & 16 MP Front Camera,Memory Card Not Supported,Android v11
690,712,oneplus,OnePlus Nord N10,25595,81.0,"Dual Sim, 3G, 4G, 5G, VoLTE, Wi-Fi, NFC",True,True,False,"Snapdragon 690, Octa Core, 2 GHz Processor",Snapdragon 690,snapdragon,Octa Core, 2 GHz Processor,"6 GB RAM, 128 GB inbuilt",4300 mAh Battery with 30W Fast Charging,"6.49 inches, 1080 x 2400 px, 90 Hz Display with Punch Hole",64 MP Quad Rear & 16 MP Front Camera,"Memory Card Supported, upto 512 GB",Android v10
691,713,gionee,Gionee M12 Pro,7499,67.0,"Dual Sim, 3G, 4G, Wi-Fi",False,False,False,"Helio P60, Octa Core, 1.99 GHz Processor",Helio P60,helio,Octa Core, 1.99 GHz Processor,"6 GB RAM, 128 GB inbuilt",4000 mAh Battery,"6.2 inches, 720 x 1520 px Display with Water Drop Notch",16 MP Rear & 13 MP Front Camera,"Memory Card Supported, upto 256 GB",Android v10
692,714,poco,Poco M2,10890,74.0,"Dual Sim, 3G, 4G, VoLTE, Wi-Fi, IR Blaster",False,False,True,"Helio G80, Octa Core, 2 GHz Processor",Helio G80,helio,Octa Core, 2 GHz Processor,"6 GB RAM, 64 GB inbuilt",5000 mAh Battery with 18W Fast Charging,"6.53 inches, 1080 x 2340 px Display with Water Drop Notch",13 MP Quad Rear & 8 MP Front Camera,"Memory Card Supported, upto 512 GB",Android v10.0
693,715,oppo,OPPO F17 Pro,18990,83.0,"Dual Sim, 3G, 4G, VoLTE, Wi-Fi",False,False,False,"Helio P95, Octa Core, 2.2 GHz Processor",Helio P95,helio,Octa Core, 2.2 GHz Processor,"8 GB RAM, 128 GB inbuilt",4015 mAh Battery with 30W Fast Charging,"6.43 inches, 1080 x 2400 px Display with Dual Punch Hole",48 MP Quad Rear & 16 MP + 2 MP Dual Front Camera,"Memory Card Supported, upto 256 GB",Android v10
694,716,motorola,Motorola Moto G 5G,19990,82.0,"Dual Sim, 3G, 4G, 5G, VoLTE, Wi-Fi, NFC",True,True,False,"Snapdragon  750G , Octa Core, 2.2 GHz Processor",Snapdragon  750G,snapdragon,Octa Core, 2.2 GHz Processor,"6 GB RAM, 128 GB inbuilt",5000 mAh Battery with 20W Fast Charging,"6.67 inches, 1080 x 2400 px Display with Punch Hole",48 MP + 8 MP + 2 MP Triple Rear & 16 MP Front Camera,"Memory Card (Hybrid), upto 1 TB",Android v10
695,717,samsung,Samsung Galaxy A50s,15990,80.0,"Dual Sim, 3G, 4G, VoLTE, Wi-Fi, NFC",False,True,False,"Exynos  9611 , Octa Core, 2.3 GHz Processor",Exynos  9611,exynos,Octa Core, 2.3 GHz Processor,"4 GB RAM, 128 GB inbuilt",4000 mAh Battery with 15W Fast Charging,"6.4 inches, 1080 x 2340 px Display with Water Drop Notch",48 MP + 8 MP + 5 MP Triple Rear & 32 MP Front Camera,"Memory Card Supported, upto 512 GB",Android v9.0 (Pie)
696,718,samsung,Samsung Galaxy Note 10 Plus,58999,89.0,"Dual Sim, 3G, 4G, VoLTE, Wi-Fi, NFC",False,True,False,"Exynos 9825, Octa Core, 2.73 GHz Processor",Exynos 9825,exynos,Octa Core, 2.73 GHz Processor,"12 GB RAM, 256 GB inbuilt",4300 mAh Battery with 45W Fast Charging,"6.8 inches, 1440 x 3040 px Display with Punch Hole",12 MP Quad Rear & 10 MP Front Camera,"Memory Card (Hybrid), upto 1 TB",Android v9.0 (Pie)
697,719,vivo,Vivo Y15,12500,71.0,"Dual Sim, 3G, 4G, VoLTE, Wi-Fi",False,False,False,"Helio P22, Octa Core, 2 GHz Processor",Helio P22,helio,Octa Core, 2 GHz Processor,"4 GB RAM, 64 GB inbuilt",5000 mAh Battery,"6.35 inches, 720 x 1544 px Display with Water Drop Notch",13 MP + 8 MP + 2 MP Triple Rear & 16 MP Front Camera,"Memory Card Supported, upto 256 GB",Android v9.0 (Pie)
698,720,vivo,Vivo S1 Pro,29999,82.0,"Dual Sim, 3G, 4G, VoLTE, Wi-Fi",False,False,False,"Snapdragon  665, Octa Core, 2 GHz Processor",Snapdragon  665,snapdragon,Octa Core, 2 GHz Processor,"8 GB RAM, 128 GB inbuilt",4500 mAh Battery with 18W Fast Charging,"6.38 inches, 1080 x 2340 px Display with Water Drop Notch",48 MP Quad Rear & 32 MP Front Camera,"Memory Card (Hybrid), upto 256 GB",Android v9.0 (Pie)
699,721,vivo,Vivo T3 Pro,31990,86.0,"Dual Sim, 3G, 4G, 5G, VoLTE, Vo5G, Wi-Fi",True,False,False,"Snapdragon  782G, Octa Core, 2.7 GHz Processor",Snapdragon  782G,snapdragon,Octa Core, 2.7 GHz Processor,"8 GB RAM, 256 GB inbuilt",4700 mAh Battery with 80W Fast Charging,"6.67 inches, 1080 x 2408 px, 120 Hz Display with Water Drop Notch",64 MP + 8 MP + 2 MP Triple Rear & 32 MP Front Camera,"Memory Card (Hybrid), upto 1 TB",Android v13
700,722,vivo,Vivo V21s,29999,86.0,"Dual Sim, 3G, 4G, 5G, VoLTE, Wi-Fi, NFC",True,True,False,"Dimensity 800U , Octa Core, 2.4 GHz Processor",Dimensity 800U,dimensity,Octa Core, 2.4 GHz Processor,"8 GB RAM, 128 GB inbuilt",4000 mAh Battery with 33W Fast Charging,"6.44 inches, 1080 x 2400 px, 90 Hz Display with Water Drop Notch",64 MP + 8 MP + 2 MP Triple Rear & 44 MP Front Camera,Memory Card (Hybrid),Android v12
701,723,asus,Asus ROG Phone 6D Ultimate,107990,,"Dual Sim, 3G, 4G, 5G, VoLTE, Wi-Fi, NFC",True,True,False,"Dimensity 9000 Plus, Octa Core, 3.2 GHz Processor",Dimensity 9000 Plus,dimensity,Octa Core, 3.2 GHz Processor,"16 GB RAM, 512 GB inbuilt",6000 mAh Battery with 65W Fast Charging,"6.78 inches, 1080 x 2448 px, 165 Hz Display",50 MP + 13 MP + 5 MP Triple Rear & 12 MP Front Camera,Memory Card Not Supported,
702,724,motorola,Motorola Moto Edge 30 Neo,31990,84.0,"Dual Sim, 3G, 4G, 5G, VoLTE, Wi-Fi, NFC",True,True,False,"Snapdragon 695, Octa Core, 2.2 GHz Processor",Snapdragon 695,snapdragon,Octa Core, 2.2 GHz Processor,"8 GB RAM, 128 GB inbuilt",4020 mAh Battery with 68W Fast Charging,"6.28 inches, 1080 x 2400 px, 120 Hz Display with Punch Hole",64 MP + 13 MP Dual Rear & 32 MP Front Camera,Memory Card Not Supported,
703,725,xiaomi,Xiaomi 12T,48990,87.0,"Dual Sim, 3G, 4G, 5G, VoLTE, Wi-Fi, NFC, IR Blaster",True,True,True,"Dimensity 8100 Ultra, Octa Core, 2.85 GHz Processor",Dimensity 8100 Ultra,dimensity,Octa Core, 2.85 GHz Processor,"8 GB RAM, 128 GB inbuilt",5000 mAh Battery with 120W Fast Charging,"6.67 inches, 1220 x 2712 px, 120 Hz Display with Punch Hole",108 MP + 8 MP + 2 MP Triple Rear & 20 MP Front Camera,Memory Card Not Supported,
704,726,huawei,Huawei Mate 50 Pro 5G,99990,85.0,"Dual Sim, 3G, 4G, 5G, VoLTE, Wi-Fi, NFC",True,True,False,"Kirin 9000E, Octa Core, 3.13 GHz Processor",Kirin 9000E,kirin,Octa Core, 3.13 GHz Processor,"8 GB RAM, 256 GB inbuilt",4500 mAh Battery with 66W Fast Charging,"6.76 inches, 1440 x 3200 px, 120 Hz Display with Small Notch",64 MP + 50 MP + 13 MP Triple Rear & 13 MP Front Camera,Memory Card Not Supported,Hongmeng OS v4.0
705,727,realme,Realme C32,9499,65.0,"Dual Sim, 3G, 4G, VoLTE, Wi-Fi",False,False,False,"Tiger T612, Octa Core, 1.82 GHz Processor",Tiger T612,tiger,Octa Core, 1.82 GHz Processor,"4 GB RAM, 64 GB inbuilt",5000 mAh Battery,"6.52 inches, 720 x 1600 px Display with Water Drop Notch",13 MP + 2 MP + 2 MP Triple Rear & 5 MP Front Camera,"Memory Card Supported, upto 1 TB",Android v12
706,728,huawei,Huawei Mate Xs 2,162990,89.0,"Dual Sim, 3G, 4G, VoLTE, Wi-Fi, NFC, IR Blaster",False,True,True,"Snapdragon 888, Octa Core, 2.84 GHz Processor",Snapdragon 888,snapdragon,Octa Core, 2.84 GHz Processor,"8 GB RAM, 512 GB inbuilt",4600 mAh Battery with 66W Fast Charging,"7.8 inches, 2200 x 2480 px, 120 Hz Display with Punch Hole",50 MP + 13 MP + 8 MP Triple Rear & 10.7 MP Front Camera,Memory Card Not Supported,"Memory Card (Hybrid), upto 256 GB"
707,729,iqoo,iQOO Z7 Pro 5G,24999,80.0,"Dual Sim, 3G, 4G, 5G, VoLTE, Wi-Fi",True,False,False,"Snapdragon  7 Gen1, Octa Core, 2.36 GHz Processor",Snapdragon  7 Gen1,snapdragon,Octa Core, 2.36 GHz Processor,"6 GB RAM, 128 GB inbuilt",5000 mAh Battery with 67W Fast Charging,"6.62 inches, 1080 x 2412 px, 144 Hz Display with Water Drop Notch",50 MP + 2 MP + 2 MP Triple Rear & 16 MP Front Camera,"Memory Card Supported, upto 1 TB",Android v12
708,730,apple,Apple iPhone 15,82990,72.0,"Dual Sim, 3G, 4G, VoLTE, Wi-Fi, NFC",False,True,False,Bionic  A16,Bionic  A16,bionic,,,"6 GB RAM, 128 GB inbuilt",3285 mAh Battery with Fast Charging,"6.06 inches, 1170 x 2532 px Display with Punch Hole",50 MP + 13 MP Dual Rear & 13 MP Front Camera,Memory Card Not Supported,iOS v15
709,731,infinix,Infinix Note 11S (8GB RAM + 128GB),15999,79.0,"Dual Sim, 3G, 4G, VoLTE, Wi-Fi",False,False,False,"Helio G96, Octa Core, 2.05 GHz Processor",Helio G96,helio,Octa Core, 2.05 GHz Processor,"8 GB RAM, 128 GB inbuilt",5000 mAh Battery with 33W Fast Charging,"6.95 inches, 1080 x 2460 px, 120 Hz Display with Punch Hole",50 MP + 2 MP + 2 MP Triple Rear & 16 MP Front Camera,"Memory Card Supported, upto 2 TB",Android v11
710,732,tecno,Tecno Spark 8 (4GB RAM + 64GB),8999,64.0,"Dual Sim, 3G, 4G, VoLTE, Wi-Fi",False,False,False,"Helio A25, Octa Core, 1.8 GHz Processor",Helio A25,helio,Octa Core, 1.8 GHz Processor,"4 GB RAM, 64 GB inbuilt",5000 mAh Battery,"6.52 inches, 720 x 1600 px Display with Water Drop Notch",16 MP + 2 MP Dual Rear & 8 MP Front Camera,"Memory Card Supported, upto 256 GB",Android v11
711,733,oppo,Oppo A56 5G,17990,73.0,"Dual Sim, 3G, 4G, 5G, VoLTE, Wi-Fi",True,False,False,"Dimensity 700 5G, Octa Core, 2.2 GHz Processor",Dimensity 700 5G,dimensity,Octa Core, 2.2 GHz Processor,"6 GB RAM, 128 GB inbuilt",5000 mAh Battery,"6.5 inches, 720 x 1600 px Display with Water Drop Notch",13 MP + 2 MP Dual Rear & 8 MP Front Camera,Memory Card Supported,Android v11
712,734,vivo,Vivo X80 Pro Plus 5G,82990,,"Dual Sim, 3G, 4G, 5G, VoLTE, Wi-Fi, NFC",True,True,False,"Snapdragon 8+ Gen1, Octa Core, 3.2 GHz Processor",Snapdragon 8+ Gen1,snapdragon,Octa Core, 3.2 GHz Processor,"12 GB RAM, 256 GB inbuilt",4500 mAh Battery with 120W Fast Charging,"6.78 inches, 1440 x 3200 px, 120 Hz Display with Punch Hole",50 MP Quad Rear & 32 MP Front Camera,Memory Card Not Supported,
713,735,xiaomi,Xiaomi Redmi 10 Prime (6GB RAM + 128GB),12999,77.0,"Dual Sim, 3G, 4G, VoLTE, Wi-Fi, IR Blaster",False,False,True,"Helio G88, Octa Core, 2 GHz Processor",Helio G88,helio,Octa Core, 2 GHz Processor,"6 GB RAM, 128 GB inbuilt",6000 mAh Battery with 18W Fast Charging,"6.5 inches, 1080 x 2400 px, 90 Hz Display with Punch Hole",50 MP Quad Rear & 8 MP Front Camera,"Memory Card Supported, upto 512 GB",Android v11
714,736,huawei,Huawei Nova 9,29990,83.0,"Dual Sim, 3G, 4G, Wi-Fi, NFC",False,True,False,"Snapdragon  778G , Octa Core, 2.4 GHz Processor",Snapdragon  778G,snapdragon,Octa Core, 2.4 GHz Processor,"8 GB RAM, 128 GB inbuilt",4300 mAh Battery with 66W Fast Charging,"6.57 inches, 1080 x 2340 px, 120 Hz Display with Punch Hole",50 MP Quad Rear & 32 MP Front Camera,Memory Card Not Supported,
715,737,tecno,Tecno Pop 5 Go,6999,,"Dual Sim, 3G, Wi-Fi",False,False,False,"Spreadtrum  SC7731, Quad Core, 1.3 GHz Processor",Spreadtrum  SC7731,spreadtrum,Quad Core, 1.3 GHz Processor,"1 GB RAM, 16 GB inbuilt",4000 mAh Battery,"6.1 inches, 720 x 1520 px Display with Water Drop Notch",5 MP + 0.3 MP Dual Rear & 5 MP Front Camera,Memory Card Supported,Android v11
716,738,huawei,Huawei P50 Pro 4G,60999,,"Dual Sim, 3G, 4G, VoLTE, Wi-Fi, NFC, IR Blaster",False,True,True,"Snapdragon 888, Octa Core, 2.84 GHz Processor",Snapdragon 888,snapdragon,Octa Core, 2.84 GHz Processor,"8 GB RAM, 256 GB inbuilt",4360 mAh Battery with 66W Fast Charging,"6.6 inches, 1288 x 2700 px, 120 Hz Display with Punch Hole",50 MP Quad Rear & 13 MP Front Camera,"Memory Card (Hybrid), upto 256 GB",HarmonyOS v2.0
717,739,xiaomi,Xiaomi Redmi K50 5G,27990,83.0,"Dual Sim, 3G, 4G, 5G, VoLTE, Wi-Fi, NFC, IR Blaster",True,True,True,"Dimensity  8100, Octa Core, 2.85 GHz Processor",Dimensity  8100,dimensity,Octa Core, 2.85 GHz Processor,"8 GB RAM, 128 GB inbuilt",5500 mAh Battery with 67W Fast Charging,"6.67 inches, 1440 x 3200 px, 120 Hz Display with Punch Hole",48 MP + 8 MP + 2 MP Triple Rear & 20 MP Front Camera,Memory Card Not Supported,
718,740,nokia,Nokia C01 Plus,5249,,"Dual Sim, 3G, 4G, VoLTE, Wi-Fi",False,False,False,"Unisoc  SC9863A, Octa Core, 1.6 GHz Processor",Unisoc  SC9863A,unisoc,Octa Core, 1.6 GHz Processor,"2 GB RAM, 16 GB inbuilt",3000 mAh Battery,"5.45 inches, 720 x 1440 px Display",5 MP Rear & 5 MP Front Camera,"Memory Card Supported, upto 256 GB",Android v11
719,741,realme,Realme Q3,14999,80.0,"Dual Sim, 3G, 4G, 5G, VoLTE, Wi-Fi",True,False,False,"Snapdragon  750G , Octa Core, 2.2 GHz Processor",Snapdragon  750G,snapdragon,Octa Core, 2.2 GHz Processor,"6 GB RAM, 128 GB inbuilt",5000 mAh Battery with 30W Fast Charging,"6.5 inches, 1080 x 2400 px, 120 Hz Display with Punch Hole",48 MP + 8 MP + 2 MP Triple Rear & 16 MP Front Camera,Memory Card Supported,Android v11
720,742,oppo,OPPO Reno 6 Pro Plus 5G,44990,87.0,"Dual Sim, 3G, 4G, 5G, VoLTE, Wi-Fi, NFC",True,True,False,"Snapdragon 870, Octa Core, 3.2 GHz Processor",Snapdragon 870,snapdragon,Octa Core, 3.2 GHz Processor,"8 GB RAM, 128 GB inbuilt",4500 mAh Battery with 65W Fast Charging,"6.55 inches, 1080 x 2400 px, 90 Hz Display with Punch Hole",50 MP Quad Rear & 32 MP Front Camera,Memory Card Not Supported,
721,743,motorola,Motorola Edge S,22490,87.0,"Dual Sim, 3G, 4G, 5G, VoLTE, Wi-Fi, NFC",True,True,False,"Snapdragon 870, Octa Core, 3.2 GHz Processor",Snapdragon 870,snapdragon,Octa Core, 3.2 GHz Processor,"6 GB RAM, 128 GB inbuilt",5000 mAh Battery with 20W Fast Charging,"6.7 inches, 1080 x 2520 px, 90 Hz Display with Punch Hole",64 MP Quad Rear & 16 MP + 8 MP Dual Front Camera,Memory Card Supported,Android v11
722,744,oppo,Oppo Find X3 Pro,50990,,"Dual Sim, 3G, 4G, 5G, VoLTE, Wi-Fi, NFC",True,True,False,"Snapdragon  888 , Octa Core, 2.84 GHz Processor",Snapdragon  888,snapdragon,Octa Core, 2.84 GHz Processor,"12 GB RAM, 256 GB inbuilt",4500 mAh Battery with 65W Fast Charging,"6.7 inches, 1440 x 3216 px, 120 Hz Display with Punch Hole",50 MP Quad Rear & 32 MP Front Camera,Memory Card Not Supported,
723,745,poco,Poco M3,11499,75.0,"Dual Sim, 3G, 4G, VoLTE, Wi-Fi, IR Blaster",False,False,True,"Snapdragon 662, Octa Core, 2 GHz Processor",Snapdragon 662,snapdragon,Octa Core, 2 GHz Processor,"6 GB RAM, 64 GB inbuilt",6000 mAh Battery with 18W Fast Charging,"6.53 inches, 1080 x 2340 px Display with Water Drop Notch",48 MP + 2 MP + 2 MP Triple Rear & 8 MP Front Camera,"Memory Card Supported, upto 512 GB",Android v10
724,746,itel,itel S16,5990,,"Dual Sim, 3G, 4G, VoLTE, Wi-Fi",False,False,False,"Unisoc SC7731E, Quad Core, 1.3 GHz Processor",Unisoc SC7731E,unisoc,Quad Core, 1.3 GHz Processor,"1 GB RAM, 16 GB inbuilt",4000 mAh Battery,"6.5 inches, 1600 x 720 px Display with Water Drop Notch",8 MP + 2 MP + 0.3 MP Triple Rear & 8 MP Front Camera,"Memory Card Supported, upto 32 GB",Android v10
725,747,vivo,Vivo V20 Pro,27000,84.0,"Dual Sim, 3G, 4G, 5G, VoLTE, Wi-Fi",True,False,False,"Snapdragon 765G , Octa Core, 2.4 GHz Processor",Snapdragon 765G,snapdragon,Octa Core, 2.4 GHz Processor,"8 GB RAM, 128 GB inbuilt",4000 mAh Battery with 33W Fast Charging,"6.44 inches, 1080 x 2400 px Display with Small Notch",64 MP + 8 MP + 2 MP Triple Rear & 44 MP + 8 MP Dual Front Camera,Memory Card Not Supported,
726,748,xiaomi,Xiaomi Mi 10T Pro 5G,29999,86.0,"Dual Sim, 3G, 4G, 5G, VoLTE, Wi-Fi, NFC, IR Blaster",True,True,True,"Snapdragon 865 , Octa Core, 2.84 GHz Processor",Snapdragon 865,snapdragon,Octa Core, 2.84 GHz Processor,"8 GB RAM, 128 GB inbuilt",5000 mAh Battery with 33W Fast Charging,"6.67 inches, 1080 x 2400 px, 144 Hz Display with Punch Hole",108 MP + 13 MP + 5 MP Triple Rear & 20 MP Front Camera,Memory Card Not Supported,
727,749,vivo,Vivo V19 (8GB RAM + 256GB),27990,84.0,"Dual Sim, 3G, 4G, VoLTE, Wi-Fi",False,False,False,"Snapdragon  712 , Octa Core, 2.3 GHz Processor",Snapdragon  712,snapdragon,Octa Core, 2.3 GHz Processor,"8 GB RAM, 256 GB inbuilt",4500 mAh Battery with 33W Fast Charging,"6.44 inches, 1080 x 2400 px Display with Dual Punch Hole",48 MP Quad Rear & 32 MP + 8 MP Dual Front Camera,"Memory Card Supported, upto 512 GB",Android v10.0
728,751,samsung,Samsung Galaxy S20 5G,74999,89.0,"Dual Sim, 3G, 4G, 5G, VoLTE, Wi-Fi, NFC",True,True,False,"Exynos  990, Octa Core, 2.73 GHz Processor",Exynos  990,exynos,Octa Core, 2.73 GHz Processor,"8 GB RAM, 128 GB inbuilt",4000 mAh Battery with 25W Fast Charging,"6.2 inches, 1440 x 3200 px Display with Punch Hole",64 MP + 12 MP + 12 MP Triple Rear & 10 MP Front Camera,"Memory Card (Hybrid), upto 1 TB",Android v10.0
729,752,vivo,Vivo U3,9990,72.0,"Dual Sim, 3G, 4G, VoLTE, Wi-Fi",False,False,False,"Snapdragon  675, Octa Core, 2 GHz Processor",Snapdragon  675,snapdragon,Octa Core, 2 GHz Processor,"4 GB RAM, 64 GB inbuilt",5000 mAh Battery with 18W Fast Charging,"6.53 inches, 1080 x 2340 px Display with Water Drop Notch",16 MP + 8 MP + 2 MP Triple Rear & 16 MP Front Camera,"Memory Card Supported, upto 256 GB",Android v9.0 (Pie)
730,753,oppo,Oppo K5 (8GB RAM + 128GB),19990,82.0,"Dual Sim, 3G, 4G, VoLTE, Wi-Fi",False,False,False,"Snapdragon  730G, Octa Core, 2.2 GHz Processor",Snapdragon  730G,snapdragon,Octa Core, 2.2 GHz Processor,"8 GB RAM, 128 GB inbuilt",4000 mAh Battery with 30W Fast Charging,"6.4 inches, 1080 x 2340 px Display with Water Drop Notch",64 MP Quad Rear & 32 MP Front Camera,"Memory Card Supported, upto 256 GB",Android v9.0 (Pie)
731,754,realme,Realme XT,13279,75.0,"Dual Sim, 3G, 4G, VoLTE, Wi-Fi",False,False,False,"Snapdragon 712, Octa Core, 2.3 GHz Processor",Snapdragon 712,snapdragon,Octa Core, 2.3 GHz Processor,"4 GB RAM, 64 GB inbuilt",4000 mAh Battery with 20W Fast Charging,"6.4 inches, 1080 x 2340 px Display with Water Drop Notch",64 MP Quad Rear & 16 MP Front Camera,"Memory Card Supported, upto 256 GB",Android v9.0 (Pie)
732,755,vivo,Vivo Y12 (3GB RAM + 64GB),11000,68.0,"Dual Sim, 3G, 4G, VoLTE, Wi-Fi",False,False,False,"Helio  P22, Octa Core, 2 GHz Processor",Helio  P22,helio,Octa Core, 2 GHz Processor,"3 GB RAM, 64 GB inbuilt",5000 mAh Battery,"6.35 inches, 720 x 1544 px Display with Water Drop Notch",13 MP + 8 MP + 2 MP Triple Rear & 8 MP Front Camera,"Memory Card Supported, upto 256 GB",Android v9.0 (Pie)
733,757,xiaomi,Xiaomi Poco F1 (6GB RAM + 128GB),12999,78.0,"Dual Sim, 3G, 4G, VoLTE, Wi-Fi",False,False,False,"Snapdragon 845, Octa Core, 2.8 GHz Processor",Snapdragon 845,snapdragon,Octa Core, 2.8 GHz Processor,"6 GB RAM, 128 GB inbuilt",4000 mAh Battery with Fast Charging,"6.18 inches, 1080 x 2246 px Display with Large Notch",12 MP + 5 MP Dual Rear & 20 MP Front Camera,"Memory Card (Hybrid), upto 256 GB",Android v8.1 (Oreo)
734,758,poco,Poco C50 (3GB RAM + 32GB),7299,61.0,"Dual Sim, 3G, 4G, VoLTE, Wi-Fi",False,False,False,"Helio A22, Quad Core, 2 GHz Processor",Helio A22,helio,Quad Core, 2 GHz Processor,"3 GB RAM, 32 GB inbuilt",5000 mAh Battery with 10W Fast Charging,"6.52 inches, 720 x 1600 px Display with Water Drop Notch",8 MP Dual Rear & 5 MP Front Camera,"Memory Card Supported, upto 512 GB",Android v12
735,760,ikall,iKall Z19,7999,61.0,"Dual Sim, 3G, 4G, VoLTE, Wi-Fi",False,False,False,"Quad Core, 1.6 GHz Processor",,quad,Quad Core, 1.6 GHz Processor,"4 GB RAM, 32 GB inbuilt",5000 mAh Battery,"6.5 inches, 720 x 1600 px Display with Water Drop Notch",20 MP Rear & 13 MP Front Camera,"Memory Card (Hybrid), upto 128 GB",Android v11.0
736,761,xiaomi,Xiaomi Redmi K60 Gaming Edition,54990,86.0,"Dual Sim, 3G, 4G, 5G, VoLTE, Wi-Fi, NFC, IR Blaster",True,True,True,"Snapdragon 8 Gen2, Octa Core, 3.2 GHz Processor",Snapdragon 8 Gen2,snapdragon,Octa Core, 3.2 GHz Processor,"8 GB RAM, 128 GB inbuilt",5000 mAh Battery with 67W Fast Charging,"6.73 inches, 1440 x 3200 px, 120 Hz Display with Punch Hole",50 MP + 8 MP + 2 MP Triple Rear & 20 MP Front Camera,Memory Card Not Supported,
737,762,vivo,Vivo S17 Pro,49990,77.0,"Dual Sim, 3G, 4G, 5G, VoLTE, Wi-Fi, NFC",True,True,False,"Dimensity 9200, Octa Core Processor",Dimensity 9200,dimensity,Octa Core,,"12 GB RAM, 256 GB inbuilt",5000 mAh Battery with 120W Fast Charging,"6.67 inches, 1080 x 2400 px, 120 Hz Display with Punch Hole",50 MP + 13 MP + 2 MP Triple Rear & 32 MP Front Camera,Memory Card Not Supported,
738,763,honor,Honor 80 Pro Plus,54990,,"Dual Sim, 3G, 4G, 5G, VoLTE, Wi-Fi, NFC",True,True,False,"Snapdragon 8 Gen1 , Octa Core, 3 GHz Processor",Snapdragon 8 Gen1,snapdragon,Octa Core, 3 GHz Processor,"12 GB RAM, 256 GB inbuilt",4500 mAh Battery with 100W Fast Charging,"6.78 inches, 1200 x 2652 px, 120 Hz Display with Punch Hole",200 MP + 50 MP + 8 MP Triple Rear & 50 MP Front Camera,Memory Card Not Supported,
739,764,apple,Apple iPhone SE 4,49990,60.0,"Dual Sim, 3G, 4G, 5G, VoLTE, Wi-Fi, NFC",True,True,False,"Bionic  A15, Hexa Core, 3.22 GHz Processor",Bionic  A15,bionic,Hexa Core, 3.22 GHz Processor,64 GB inbuilt,,"6.1 inches, 750 x 1580 px Display",12 MP Rear & 10.8 MP Front Camera,Memory Card Not Supported,iOS v16
740,765,tecno,Tecno Pova Neo 5G,15499,71.0,"Dual Sim, 3G, 4G, VoLTE, Wi-Fi",False,False,False,"Dimensity 810 5G, Octa Core, 2.4 GHz Processor",Dimensity 810 5G,dimensity,Octa Core, 2.4 GHz Processor,"4 GB RAM, 128 GB inbuilt",6000 mAh Battery with 18W Fast Charging,"6.8 inches, 1080 x 2400 px, 120 Hz Display with Punch Hole",50 MP Dual Rear & 8 MP Front Camera,"Memory Card Supported, upto 1 TB",Android v12
741,766,apple,Apple iPhone 14 Pro Max (512GB),169900,78.0,"Dual Sim, 3G, 4G, 5G, VoLTE, Wi-Fi, NFC",True,True,False,"Bionic  A16, Hexa Core Processor",Bionic  A16,bionic,Hexa Core,,"6 GB RAM, 512 GB inbuilt",4323 mAh Battery with Fast Charging,"6.7 inches, 1290 x 2796 px, 120 Hz Display",48 MP + 12 MP + 12 MP Triple Rear & 12 MP Front Camera,Memory Card Not Supported,iOS v16
742,767,google,Google Pixel 8,53990,75.0,"Dual Sim, 3G, 4G, 5G, VoLTE, Wi-Fi, NFC",True,True,False,"Google Tensor 3, Octa Core Processor",Google Tensor 3,google,Octa Core,,"8 GB RAM, 128 GB inbuilt",4830 mAh Battery with 67W Fast Charging,"6.6 inches, 1080 x 2400 px, 120 Hz Display with Punch Hole",50 MP + 8 MP Dual Rear & 10.1 MP Front Camera,Memory Card Not Supported,
743,768,vivo,Vivo T2x 5G,18990,80.0,"Dual Sim, 3G, 4G, 5G, VoLTE, Wi-Fi",True,False,False,"Dimensity 1300, Octa Core, 3 GHz Processor",Dimensity 1300,dimensity,Octa Core, 3 GHz Processor,"8 GB RAM, 128 GB inbuilt",6000 mAh Battery with 44W Fast Charging,"6.58 inches, 1080 x 2408 px, 120 Hz Display with Water Drop Notch",50 MP + 2 MP Dual Rear & 16 MP Front Camera,Memory Card Not Supported,
744,769,motorola,Motorola Moto G52 5G,16999,76.0,"Dual Sim, 3G, 4G, 5G, VoLTE, Wi-Fi, NFC",True,True,False,"Snapdragon 695, Octa Core, 2.2 GHz Processor",Snapdragon 695,snapdragon,Octa Core, 2.2 GHz Processor,"4 GB RAM, 64 GB inbuilt",5000 mAh Battery with 33W Fast Charging,"6.6 inches, 2460 x 1080 px, 90 Hz Display with Punch Hole",50 MP + 8 MP + 2 MP Triple Rear & 16 MP Front Camera,Memory Card (Hybrid),Android v12
745,770,motorola,Motorola Edge 40 5G,34999,86.0,"Dual Sim, 3G, 4G, 5G, VoLTE, Wi-Fi, NFC",True,True,False,"Snapdragon 7 Gen1, Octa Core, 2.36 GHz Processor",Snapdragon 7 Gen1,snapdragon,Octa Core, 2.36 GHz Processor,"8 GB RAM, 128 GB inbuilt",4200 mAh Battery with 67W Fast Charging,"6.5 inches, 1080 x 2412 px, 144 Hz Display",50 MP + 50 MP + 2 MP Triple Rear & 32 MP Front Camera,Memory Card Not Supported,
746,771,vivo,Vivo X Note 5G (12GB RAM + 512GB),82990,,"Dual Sim, 3G, 4G, 5G, VoLTE, Wi-Fi, NFC, IR Blaster",True,True,True,"Snapdragon 8 Gen1, Octa Core, 3 GHz Processor",Snapdragon 8 Gen1,snapdragon,Octa Core, 3 GHz Processor,"12 GB RAM, 512 GB inbuilt",5000 mAh Battery with 80W Fast Charging,"7 inches, 1440 x 3080 px, 120 Hz Display with Punch Hole",50 MP Quad Rear & 16 MP Front Camera,Memory Card Not Supported,
747,772,realme,Realme GT 2 Pro 5G (12GB RAM + 256GB),46999,89.0,"Dual Sim, 3G, 4G, 5G, VoLTE, Wi-Fi, NFC",True,True,False,"Snapdragon 8 Gen1, Octa Core, 3 GHz Processor",Snapdragon 8 Gen1,snapdragon,Octa Core, 3 GHz Processor,"12 GB RAM, 256 GB inbuilt",5000 mAh Battery with 65W Fast Charging,"6.7 inches, 1440 x 3216 px, 120 Hz Display with Punch Hole",50 MP + 50 MP + 2 MP Triple Rear & 32 MP Front Camera,Memory Card Not Supported,
748,773,vivo,Vivo Y15C,8499,66.0,"Dual Sim, 3G, 4G, VoLTE, Wi-Fi",False,False,False,"Helio P35, Octa Core, 2.3 GHz Processor",Helio P35,helio,Octa Core, 2.3 GHz Processor,"3 GB RAM, 32 GB inbuilt",5000 mAh Battery,"6.51 inches, 720 x 1600 px Display with Water Drop Notch",13 MP + 2 MP Dual Rear & 8 MP Front Camera,"Memory Card Supported, upto 1 TB",Android v12
749,774,honor,Honor X8,16999,76.0,"Dual Sim, 3G, 4G, VoLTE, Wi-Fi",False,False,False,"Snapdragon  680, Octa Core, 2.4 GHz Processor",Snapdragon  680,snapdragon,Octa Core, 2.4 GHz Processor,"6 GB RAM, 128 GB inbuilt",4000 mAh Battery with 22.5W Fast Charging,"6.7 inches, 1080 x 2388 px, 90 Hz Display with Punch Hole",64 MP Quad Rear & 16 MP Front Camera,Memory Card Not Supported,
750,775,samsung,Samsung Galaxy A03 (4GB RAM + 64GB),11499,69.0,"Dual Sim, 3G, 4G, VoLTE, Wi-Fi",False,False,False,"Unisoc  T606, Octa Core, 1.6 GHz Processor",Unisoc  T606,unisoc,Octa Core, 1.6 GHz Processor,"4 GB RAM, 64 GB inbuilt",5000 mAh Battery with 15W Fast Charging,"6.5 inches, 720 x 1560 px Display with Water Drop Notch",48 MP + 2 MP Dual Rear & 5 MP Front Camera,"Memory Card Supported, upto 1 TB",Android v11
751,776,samsung,Samsung Galaxy S22 Plus 5G (8GB RAM + 256GB),88999,88.0,"Dual Sim, 3G, 4G, 5G, VoLTE, Wi-Fi, NFC",True,True,False,"Snapdragon  8 Gen1, Octa Core, 3 GHz Processor",Snapdragon  8 Gen1,snapdragon,Octa Core, 3 GHz Processor,"8 GB RAM, 256 GB inbuilt",4500 mAh Battery with 45W Fast Charging,"6.6 inches, 1080 x 2340 px, 120 Hz Display with Punch Hole",50 MP + 12 MP + 10 MP Triple Rear & 10 MP Front Camera,Memory Card Not Supported,
752,777,vivo,Vivo Y33T,15990,81.0,"Dual Sim, 3G, 4G, VoLTE, Wi-Fi",False,False,False,"Snapdragon 680, Octa Core, 2.4 GHz Processor",Snapdragon 680,snapdragon,Octa Core, 2.4 GHz Processor,"8 GB RAM, 128 GB inbuilt",5000 mAh Battery with 18W Fast Charging,"6.58 inches, 1080 x 2408 px, 90 Hz Display with Water Drop Notch",50 MP + 2 MP + 2 MP Triple Rear & 16 MP Front Camera,"Memory Card Supported, upto 1 TB",Android v12
753,778,xiaomi,Xiaomi 11i 5G (8GB RAM + 128GB),24990,83.0,"Dual Sim, 3G, 4G, 5G, VoLTE, Wi-Fi, IR Blaster",True,False,True,"Dimensity  920 5G, Octa Core, 2.5 GHz Processor",Dimensity  920 5G,dimensity,Octa Core, 2.5 GHz Processor,"8 GB RAM, 128 GB inbuilt",5160 mAh Battery with 67W Fast Charging,"6.67 inches, 2400 x 1080 px, 120 Hz Display with Punch Hole",108 MP + 8 MP + 2 MP Triple Rear & 16 MP Front Camera,"Memory Card (Hybrid), upto 1 TB",Android v11
754,779,oppo,Oppo Find X5 Pro 5G,79990,,"Dual Sim, 3G, 4G, 5G, VoLTE, Wi-Fi, NFC",True,True,False,"Snapdragon 8 Gen1, Octa Core, 3 GHz Processor",Snapdragon 8 Gen1,snapdragon,Octa Core, 3 GHz Processor,"8 GB RAM, 256 GB inbuilt",5000 mAh Battery with 80W Fast Charging,"6.7 inches, 1440 x 3216 px, 120 Hz Display with Punch Hole",50 MP + 50 MP + 13 MP Triple Rear & 32 MP Front Camera,Memory Card Not Supported,
755,780,tecno,Tecno Spark Go 2022,6249,61.0,"Dual Sim, 3G, 4G, VoLTE, Wi-Fi",False,False,False,"Octa Core, 2.2 GHz Processor",,octa,Octa Core, 2.2 GHz Processor,"2 GB RAM, 32 GB inbuilt",5000 mAh Battery,"6.51 inches, 720 x 1600 px Display with Water Drop Notch",13 MP + 2 MP Dual Rear & 8 MP Front Camera,"Memory Card Supported, upto 256 GB",Android v11
756,781,vivo,Vivo Y21e,12499,69.0,"Dual Sim, 3G, 4G, VoLTE, Wi-Fi",False,False,False,"Snapdragon  680, Octa Core, 2.4 GHz Processor",Snapdragon  680,snapdragon,Octa Core, 2.4 GHz Processor,"3 GB RAM, 64 GB inbuilt",5000 mAh Battery with 18W Fast Charging,"6.51 inches, 720 x 1600 px Display with Water Drop Notch",13 MP + 2 MP Dual Rear & 8 MP Front Camera,"Memory Card Supported, upto 1 TB",Android v12
757,782,xiaomi,Xiaomi Redmi 9A Sport,6499,61.0,"Dual Sim, 3G, 4G, VoLTE, Wi-Fi",False,False,False,"Helio G25, Octa Core, 2 GHz Processor",Helio G25,helio,Octa Core, 2 GHz Processor,"2 GB RAM, 32 GB inbuilt",5000 mAh Battery,"6.53 inches, 720 x 1600 px Display with Water Drop Notch",13 MP Rear & 5 MP Front Camera,"Memory Card Supported, upto 512 GB",Android v11
758,783,apple,Apple iPhone 13 Pro Max (1TB),179900,86.0,"Dual Sim, 3G, 4G, 5G, VoLTE, Wi-Fi, NFC",True,True,False,"Bionic A15, Hexa Core, 3.22 GHz Processor",Bionic A15,bionic,Hexa Core, 3.22 GHz Processor,"6 GB RAM, 1 TB inbuilt",4352 mAh Battery with Fast Charging,"6.7 inches, 1284 x 2778 px, 120 Hz Display with Small Notch",12 MP + 12 MP + 12 MP Triple Rear & 12 MP Front Camera,Memory Card Not Supported,iOS v15
759,784,vivo,Vivo Y12G (3GB RAM + 64GB),11990,68.0,"Dual Sim, 3G, 4G, VoLTE, Wi-Fi",False,False,False,"Snapdragon  439 , Octa Core, 2 GHz Processor",Snapdragon  439,snapdragon,Octa Core, 2 GHz Processor,"3 GB RAM, 64 GB inbuilt",5000 mAh Battery,"6.51 inches, 720 x 1600 px Display with Water Drop Notch",13 MP + 2 MP + 2 MP Triple Rear & 8 MP Front Camera,Memory Card Supported,Android v11
760,785,vivo,Vivo V23e,26990,82.0,"Dual Sim, 3G, 4G, VoLTE, Wi-Fi",False,False,False,"Helio G96, Octa Core, 2.05 GHz Processor",Helio G96,helio,Octa Core, 2.05 GHz Processor,"8 GB RAM, 128 GB inbuilt",4050 mAh Battery with 44W Fast Charging,"6.44 inches, 1080 x 2400 px Display with Water Drop Notch",64 MP + 8 MP + 2 MP Triple Rear & 50 MP Front Camera,Memory Card Not Supported,Android v11
761,786,samsung,Samsung Galaxy F22 (6GB RAM + 128GB),13499,76.0,"Dual Sim, 3G, 4G, VoLTE, Wi-Fi",False,False,False,"Helio G80, Octa Core, 2 GHz Processor",Helio G80,helio,Octa Core, 2 GHz Processor,"6 GB RAM, 128 GB inbuilt",6000 mAh Battery,"6.4 inches, 720 x 1600 px, 90 Hz Display with Water Drop Notch",48 MP Quad Rear & 13 MP Front Camera,"Memory Card Supported, upto 1 TB",Android v11
762,787,xiaomi,Xiaomi 12 Ultra 5G,75999,,"Dual Sim, 3G, 4G, 5G, VoLTE, Wi-Fi, NFC, IR Blaster",True,True,True,"Snapdragon 8+ Gen1, Octa Core, 3.2 GHz Processor",Snapdragon 8+ Gen1,snapdragon,Octa Core, 3.2 GHz Processor,"12 GB RAM, 256 GB inbuilt",4800 mAh Battery with 67W Fast Charging,"6.73 inches, 1440 x 3200 px, 120 Hz Display with Punch Hole",50 MP + 50 MP + 50 MP Triple Rear & 20 MP Front Camera,Memory Card Not Supported,
763,788,micromax,Micromax IN 2C,5999,60.0,"Dual Sim, 3G, 4G, VoLTE, Wi-Fi",False,False,False,"Tiger T610, Octa Core, 1.8 GHz Processor",Tiger T610,tiger,Octa Core, 1.8 GHz Processor,"3 GB RAM, 32 GB inbuilt",5000 mAh Battery,"6.52 inches, 720 x 1600 px Display with Water Drop Notch",8 MP Rear & 5 MP Front Camera,"Memory Card Supported, upto 256 GB",Android v11
764,789,samsung,Samsung Galaxy A03s,8499,67.0,"Dual Sim, 3G, 4G, VoLTE, Wi-Fi",False,False,False,"Helio P35, Octa Core, 2.3 GHz Processor",Helio P35,helio,Octa Core, 2.3 GHz Processor,"3 GB RAM, 32 GB inbuilt",5000 mAh Battery with 15W Fast Charging,"6.5 inches, 720 x 1600 px Display with Water Drop Notch",13 MP + 2 MP + 2 MP Triple Rear & 5 MP Front Camera,"Memory Card Supported, upto 1 TB",Android v11
765,790,oppo,OPPO A54 (4GB RAM + 128GB),11990,71.0,"Dual Sim, 3G, 4G, VoLTE, Wi-Fi",False,False,False,"Helio P35, Octa Core, 2.3 GHz Processor",Helio P35,helio,Octa Core, 2.3 GHz Processor,"4 GB RAM, 128 GB inbuilt",5000 mAh Battery with Fast Charging,"6.51 inches, 1600 x 720 px Display with Punch Hole",13 MP + 2 MP + 2 MP Triple Rear & 16 MP Front Camera,"Memory Card Supported, upto 256 GB",Android v10
766,791,xiaomi,Xiaomi Redmi 20X,10990,77.0,"Dual Sim, 3G, 4G, 5G, VoLTE, Wi-Fi, IR Blaster",True,False,True,"Dimensity 700 5G, Octa Core, 2.2 GHz Processor",Dimensity 700 5G,dimensity,Octa Core, 2.2 GHz Processor,"4 GB RAM, 128 GB inbuilt",5000 mAh Battery with 18W Fast Charging,"6.43 inches, 1080 x 2340 px, 90 Hz Display with Punch Hole",48 MP Quad Rear & 13 MP Front Camera,Memory Card Supported,Android v10
767,792,xiaomi,Xiaomi Mi Mix Fold,109990,,"Dual Sim, 3G, 4G, 5G, VoLTE, Wi-Fi, NFC, IR Blaster",True,True,True,"Snapdragon  888 , Octa Core, 2.84 GHz Processor",Snapdragon  888,snapdragon,Octa Core, 2.84 GHz Processor,"12 GB RAM, 256 GB inbuilt",5020 mAh Battery with 67W Fast Charging,"8.01 inches, 1860 x 2480 px, 90 Hz Display",108 MP + 13 MP + 8 MP Triple Rear & 20 MP Front Camera,Memory Card Not Supported,Android v10
768,793,realme,Realme Narzo 30 5G,16999,80.0,"Dual Sim, 3G, 4G, 5G, VoLTE, Wi-Fi, NFC",True,True,False,"Dimensity 700 5G, Octa Core, 2.2 GHz Processor",Dimensity 700 5G,dimensity,Octa Core, 2.2 GHz Processor,"6 GB RAM, 128 GB inbuilt",5000 mAh Battery with 18W Fast Charging,"6.5 inches, 1080 x 2400 px, 90 Hz Display with Punch Hole",48 MP + 2 MP + 2 MP Triple Rear & 16 MP Front Camera,"Memory Card Supported, upto 1 TB",Android v11
769,794,oppo,OPPO A54,12199,70.0,"Dual Sim, 3G, 4G, VoLTE, Wi-Fi",False,False,False,"Helio P35, Octa Core, 2.3 GHz Processor",Helio P35,helio,Octa Core, 2.3 GHz Processor,"4 GB RAM, 64 GB inbuilt",5000 mAh Battery with Fast Charging,"6.51 inches, 1600 x 720 px Display with Punch Hole",13 MP + 2 MP + 2 MP Triple Rear & 16 MP Front Camera,"Memory Card Supported, upto 256 GB",Android v10
770,795,oppo,Oppo A15s (4GB RAM + 128GB),11490,72.0,"Dual Sim, 3G, 4G, VoLTE, Wi-Fi",False,False,False,"Helio P35 , Octa Core, 2.3 GHz Processor",Helio P35,helio,Octa Core, 2.3 GHz Processor,"4 GB RAM, 128 GB inbuilt",4230 mAh Battery,"6.52 inches, 720 x 1600 px Display with Water Drop Notch",13 MP + 2 MP + 2 MP Triple Rear & 8 MP Front Camera,"Memory Card Supported, upto 256 GB",Android v10
771,796,itel,itel A56,5490,,"Dual Sim, 3G, 4G, VoLTE, Wi-Fi",False,False,False,"Quad Core, 1.3 GHz Processor",,quad,Quad Core, 1.3 GHz Processor,"1 GB RAM, 16 GB inbuilt",4000 mAh Battery,"6 inches, 720 x 1600 px Display",8 MP Dual Rear & 5 MP Front Camera,"Memory Card Supported, upto 32 GB",Android v9.0 (Pie)
772,797,xiaomi,Xiaomi Redmi 9 Power,11499,74.0,"Dual Sim, 3G, 4G, VoLTE, Wi-Fi, IR Blaster",False,False,True,"Snapdragon  662 , Octa Core, 2 GHz Processor",Snapdragon  662,snapdragon,Octa Core, 2 GHz Processor,"4 GB RAM, 64 GB inbuilt",6000 mAh Battery with 18W Fast Charging,"6.53 inches, 1080 x 2340 px Display with Water Drop Notch",48 MP Quad Rear & 8 MP Front Camera,"Memory Card Supported, upto 512 GB",Android v10
773,798,samsung,Samsung Galaxy S21 Plus,59450,88.0,"Dual Sim, 3G, 4G, 5G, VoLTE, Wi-Fi, NFC",True,True,False,"Exynos 2100, Octa Core, 2.9 GHz Processor",Exynos 2100,exynos,Octa Core, 2.9 GHz Processor,"8 GB RAM, 128 GB inbuilt",4800 mAh Battery with 25W Fast Charging,"6.7 inches, 1080 x 2400 px, 120 Hz Display with Punch Hole",64 MP + 12 MP + 12 MP Triple Rear & 10 MP Front Camera,Memory Card Not Supported,
774,799,poco,POCO M2 Pro,12799,76.0,"Dual Sim, 3G, 4G, VoLTE, Wi-Fi, IR Blaster",False,False,True,"Snapdragon 720G, Octa Core, 2.3 GHz Processor",Snapdragon 720G,snapdragon,Octa Core, 2.3 GHz Processor,"4 GB RAM, 64 GB inbuilt",5000 mAh Battery with 33W Fast Charging,"6.67 inches, 1080 x 2400 px Display with Punch Hole",48 MP Quad Rear & 16 MP Front Camera,"Memory Card Supported, upto 512 GB",Android v10.0
775,800,samsung,Samsung Galaxy S20 Plus,83000,88.0,"Dual Sim, 3G, 4G, VoLTE, Wi-Fi, NFC",False,True,False,"Exynos 990, Octa Core, 2.73 GHz Processor",Exynos 990,exynos,Octa Core, 2.73 GHz Processor,"8 GB RAM, 128 GB inbuilt",4500 mAh Battery with 25W Fast Charging,"6.7 inches, 1440 x 3200 px, 120 Hz Display with Punch Hole",64 MP Quad Rear & 10 MP Front Camera,"Memory Card (Hybrid), upto 1 TB",Android v10
776,801,realme,Realme 6 Pro,14490,80.0,"Dual Sim, 3G, 4G, VoLTE, Wi-Fi",False,False,False,"Snapdragon 720G, Octa Core, 2.3 GHz Processor",Snapdragon 720G,snapdragon,Octa Core, 2.3 GHz Processor,"6 GB RAM, 64 GB inbuilt",4300 mAh Battery with 30W Fast Charging,"6.6 inches, 1080 x 2400 px, 90 Hz Display with Dual Punch Hole",64 MP Quad Rear & 16 MP + 8 MP Dual Front Camera,"Memory Card Supported, upto 256 GB",Android v10
777,802,huawei,Huawei P40 Pro,82990,,"Dual Sim, 3G, 4G, 5G, VoLTE, Wi-Fi, NFC",True,True,False,"Kirin 990, Octa Core, 2.86 GHz Processor",Kirin 990,kirin,Octa Core, 2.86 GHz Processor,"8 GB RAM, 256 GB inbuilt",4200 mAh Battery with 40W Fast Charging,"6.58 inches, 1200 x 2640 px, 90 Hz Display with Dual Punch Hole",50 MP Quad Rear & 32 MP Dual Front Camera,"Memory Card (Hybrid), upto 256 GB",Android v10.0
778,803,vivo,Vivo Y11 (2019),9490,64.0,"Dual Sim, 3G, 4G, VoLTE, Wi-Fi",False,False,False,"Snapdragon 439, Octa Core, 2 GHz Processor",Snapdragon 439,snapdragon,Octa Core, 2 GHz Processor,"3 GB RAM, 32 GB inbuilt",5000 mAh Battery,"6.35 inches, 720 x 1544 px Display with Water Drop Notch",13 MP + 2 MP Dual Rear & 8 MP Front Camera,"Memory Card Supported, upto 256 GB",Android v9.0 (Pie)
779,804,vivo,Vivo V15 Pro (8GB RAM +128GB),25000,78.0,"Dual Sim, 3G, 4G, VoLTE, Wi-Fi",False,False,False,"Snapdragon 675, Octa Core, 2 GHz Processor",Snapdragon 675,snapdragon,Octa Core, 2 GHz Processor,"8 GB RAM, 128 GB inbuilt",3700 mAh Battery with Fast Charging,"6.39 inches, 1080 x 2316 px Display",48 MP + 8 MP + 5 MP Triple Rear & 32 MP Front Camera,"Memory Card Supported, upto 256 GB",Android v9.0 (Pie)
780,805,vivo,Vivo Y95,15000,65.0,"Dual Sim, 3G, 4G, VoLTE, Wi-Fi",False,False,False,"Snapdragon 439, Octa Core, 1.95 GHz Processor",Snapdragon 439,snapdragon,Octa Core, 1.95 GHz Processor,"4 GB RAM, 64 GB inbuilt",4030 mAh Battery,"6.22 inches, 1520 x 720 px Display with Water Drop Notch",13 MP + 2 MP Dual Rear & 20 MP Front Camera,"Memory Card Supported, upto 256 GB",Android v8.1 (Oreo)
781,806,vivo,Vivo V11i,20990,70.0,"Dual Sim, 3G, 4G, VoLTE, Wi-Fi",False,False,False,"Helio P60, Octa Core, 2 GHz Processor",Helio P60,helio,Octa Core, 2 GHz Processor,"4 GB RAM, 128 GB inbuilt",3315 mAh Battery,"6.3 inches, 1080 x 2280 px Display",16 MP + 5 MP Dual Rear & 25 MP Front Camera,"Memory Card Supported, upto 256 GB",Android v8.1 (Oreo)
782,807,samsung,Samsung Galaxy S9 Plus (128GB),34999,78.0,"Dual Sim, 3G, 4G, VoLTE, Wi-Fi, NFC",False,True,False,"Exynos 9810, Octa Core, 2.8 GHz Processor",Exynos 9810,exynos,Octa Core, 2.8 GHz Processor,"6 GB RAM, 128 GB inbuilt",3500 mAh Battery with Fast Charging,"6.2 inches, 1440 x 2960 px Display",12 MP + 12 MP Dual Rear & 8 MP Front Camera,"Memory Card (Hybrid), upto 512 GB",Android v8.0 (Oreo)
783,808,realme,Realme GT Neo 4T,29999,80.0,"Dual Sim, 3G, 4G, 5G, VoLTE, Vo5G, Wi-Fi",True,False,False,"Snapdragon 8 Gen1, Octa Core, 3 GHz Processor",Snapdragon 8 Gen1,snapdragon,Octa Core, 3 GHz Processor,"8 GB RAM, 128 GB inbuilt",5000 mAh Battery with 120W Fast Charging,"6.73 inches, 1080 x 2400 px, 144 Hz Display with Punch Hole",50 MP + 8 MP + 2 MP Triple Rear & 16 MP Front Camera,Memory Card Not Supported,
784,809,vivo,Vivo Y53t,11999,67.0,"Dual Sim, 3G, 4G, 5G, VoLTE, Wi-Fi",True,False,False,"Dimensity 700, Octa Core, 2 GHz Processor",Dimensity 700,dimensity,Octa Core, 2 GHz Processor,"4 GB RAM, 128 GB inbuilt",6000 mAh Battery with 15W Fast Charging,"6.51 inches, 720 x 1600 px Display with Water Drop Notch",13 MP + 2 MP Dual Rear & 5 MP Front Camera,Memory Card Not Supported,Android v13
785,810,samsung,Samsung Galaxy A04 (4GB RAM + 128GB),12999,72.0,"Dual Sim, 3G, 4G, VoLTE, Wi-Fi",False,False,False,"Helio P35, Octa Core, 2.3 GHz Processor",Helio P35,helio,Octa Core, 2.3 GHz Processor,"4 GB RAM, 128 GB inbuilt",5000 mAh Battery with Fast Charging,"6.5 inches, 720 x 1600 px Display with Water Drop Notch",50 MP + 2 MP Dual Rear & 5 MP Front Camera,"Memory Card Supported, upto 1 TB",Android v12
786,811,leitz,Leitz Phone 2,124990,89.0,"Dual Sim, 3G, 4G, 5G, VoLTE, Wi-Fi, NFC",True,True,False,"Snapdragon  8 Gen1, Octa Core, 3 GHz Processor",Snapdragon  8 Gen1,snapdragon,Octa Core, 3 GHz Processor,"12 GB RAM, 256 GB inbuilt",5000 mAh Battery with Fast Charging,"6.6 inches, 1260 x 2730 px, 240 Hz Display with Punch Hole",47.2 MP + 1.9 MP Dual Rear & 12.6 MP Front Camera,"Memory Card Supported, upto 1 TB",Android v12
787,812,xiaomi,Xiaomi Redmi K60i,28999,85.0,"Dual Sim, 3G, 4G, 5G, VoLTE, Vo5G, Wi-Fi, IR Blaster",True,False,True,"Dimensity  8200, Octa Core, 3.1 GHz Processor",Dimensity  8200,dimensity,Octa Core, 3.1 GHz Processor,"8 GB RAM, 128 GB inbuilt",5080 mAh Battery with 120W Fast Charging,"6.67 inches, 1080 x 2460 px, 120 Hz Display with Punch Hole",50 MP + 13 MP + 2 MP Triple Rear & 32 MP Front Camera,Memory Card Not Supported,
788,813,infinix,Infinix Hot 20S,12999,77.0,"Dual Sim, 3G, 4G, VoLTE, Wi-Fi",False,False,False,"Helio G96, Octa Core, 2.05 GHz Processor",Helio G96,helio,Octa Core, 2.05 GHz Processor,"8 GB RAM, 128 GB inbuilt",5000 mAh Battery with 18W Fast Charging,"6.78 inches, 1080 x 2460 px Display with Water Drop Notch",50 MP + Depth Sensor Dual Rear & 8 MP Front Camera,Memory Card Supported,Android v12
789,814,realme,Realme GT Neo 3T (8GB RAM + 256GB),28499,82.0,"Dual Sim, 3G, 4G, 5G, VoLTE, Wi-Fi",True,False,False,"Snapdragon 870, Octa Core, 3.2 GHz Processor",Snapdragon 870,snapdragon,Octa Core, 3.2 GHz Processor,"8 GB RAM, 256 GB inbuilt",5000 mAh Battery with 80W Fast Charging,"6.62 inches, 1080 x 2400 px, 120 Hz Display with Punch Hole",64 MP + 8 MP + 2 MP Triple Rear & 16 MP Front Camera,Memory Card Not Supported,
790,815,apple,Apple iPhone 14 Plus (512GB),104999,83.0,"Dual Sim, 3G, 4G, 5G, VoLTE, Wi-Fi, NFC",True,True,False,"Bionic A15, Hexa Core, 3.22 GHz Processor",Bionic A15,bionic,Hexa Core, 3.22 GHz Processor,"6 GB RAM, 512 GB inbuilt",4325 mAh Battery with Fast Charging,"6.7 inches, 1284 x 2778 px Display with Small Notch",12 MP + 12 MP Dual Rear & 12 MP Front Camera,Memory Card Not Supported,iOS v16
791,816,apple,Apple iPhone 14 Pro (1TB),172999,77.0,"Dual Sim, 3G, 4G, 5G, VoLTE, Wi-Fi, NFC",True,True,False,"Bionic  A16, Hexa Core Processor",Bionic  A16,bionic,Hexa Core,,"6 GB RAM, 1 TB inbuilt",3200 mAh Battery with Fast Charging,"6.1 inches, 1179 x 2556 px, 120 Hz Display",48 MP + 12 MP + 12 MP Triple Rear & 12 MP Front Camera,Memory Card Not Supported,iOS v16
792,817,xiaomi,Xiaomi Redmi 13 Prime 5G,17990,79.0,"Dual Sim, 3G, 4G, 5G, VoLTE, Wi-Fi, IR Blaster",True,False,True,"Snapdragon 4 Gen 1, Octa Core, 2 GHz Processor",Snapdragon 4 Gen 1,snapdragon,Octa Core, 2 GHz Processor,"6 GB RAM, 128 GB inbuilt",5100 mAh Battery with 18W Fast Charging,"6.73 inches, 1080 x 2408 px, 120 Hz Display with Punch Hole",64 MP + 2 MP Dual Rear & 16 MP Front Camera,"Memory Card Supported, upto 1 TB",Android v13
793,818,xiaomi,Xiaomi Redmi 11 Prime (6GB RAM + 128GB),13774,76.0,"Dual Sim, 3G, 4G, VoLTE, Wi-Fi, IR Blaster",False,False,True,"Helio G99, Octa Core, 2.2 GHz Processor",Helio G99,helio,Octa Core, 2.2 GHz Processor,"6 GB RAM, 128 GB inbuilt",5000 mAh Battery with 18W Fast Charging,"6.58 inches, 1080 x 2400 px, 90 Hz Display with Water Drop Notch",50 MP + 2 MP + 2 MP Triple Rear & 8 MP Front Camera,"Memory Card Supported, upto 512 GB",Android v12
794,820,nokia,Nokia C21 Plus (4GB RAM + 64GB),8999,64.0,"Dual Sim, 3G, 4G, VoLTE, Wi-Fi",False,False,False,"Unisoc  SC9863A, Octa Core, 1.6 GHz Processor",Unisoc  SC9863A,unisoc,Octa Core, 1.6 GHz Processor,"4 GB RAM, 64 GB inbuilt",5050 mAh Battery,"6.52 inches, 720 x 1600 px Display with Water Drop Notch",13 MP + 2 MP Dual Rear & 5 MP Front Camera,Memory Card Supported,Android v11
795,821,oneplus,OnePlus Nord N300,18990,75.0,"Dual Sim, 3G, 4G, 5G, VoLTE, Wi-Fi, NFC",True,True,False,"Dimensity 810 5G, Octa Core, 2.4 GHz Processor",Dimensity 810 5G,dimensity,Octa Core, 2.4 GHz Processor,"4 GB RAM, 64 GB inbuilt",5000 mAh Battery with 33W Fast Charging,"6.56 inches, 720 x 1612 px, 90 Hz Display with Water Drop Notch",48 MP + 2 MP Dual Rear & 16 MP Front Camera,Memory Card Supported,Android v12
796,822,tecno,Tecno Camon 19 Neo,14999,77.0,"Dual Sim, 3G, 4G, VoLTE, Wi-Fi, NFC",False,True,False,"Helio  G85, Octa Core, 2 GHz Processor",Helio  G85,helio,Octa Core, 2 GHz Processor,"6 GB RAM, 128 GB inbuilt",5000 mAh Battery with 18W Fast Charging,"6.8 inches, 1080 x 2400 px, 90 Hz Display with Punch Hole",48 MP + 2 MP Triple Rear & 32 MP Front Camera,Memory Card Not Supported,
797,823,realme,Realme Narzo 50i Prime,7999,61.0,"Dual Sim, 3G, 4G, VoLTE, Wi-Fi",False,False,False,"Tiger T612, Octa Core, 1.82 GHz Processor",Tiger T612,tiger,Octa Core, 1.82 GHz Processor,"3 GB RAM, 32 GB inbuilt",5000 mAh Battery with 10W Fast Charging,"6.5 inches, 720 x 1600 px Display with Water Drop Notch",8 MP Rear & 5 MP Front Camera,"Memory Card Supported, upto 1 TB",Android v11
798,824,xiaomi,Xiaomi Redmi K50 Ultra 5G,39999,85.0,"Dual Sim, 3G, 4G, 5G, VoLTE, Wi-Fi, NFC, IR Blaster",True,True,True,"Snapdragon 8+ Gen1, Octa Core, 3.2 GHz Processor",Snapdragon 8+ Gen1,snapdragon,Octa Core, 3.2 GHz Processor,"8 GB RAM, 128 GB inbuilt",5000 mAh Battery with 120W Fast Charging,"6.67 inches, 1220 x 2712 px, 144 Hz Display with Punch Hole",108 MP + 8 MP + 2 MP Triple Rear & 20 MP Front Camera,Memory Card Not Supported,
799,825,oppo,OPPO A57 4G,11990,67.0,"Dual Sim, 3G, 4G, VoLTE, Wi-Fi",False,False,False,"Helio G35, Octa Core, 2.3 GHz Processor",Helio G35,helio,Octa Core, 2.3 GHz Processor,"3 GB RAM, 64 GB inbuilt",5000 mAh Battery with 33W Fast Charging,"6.56 inches, 720 x 1612 px Display with Water Drop Notch",13 MP + 2 MP Dual Rear & 8 MP Front Camera,Memory Card Supported,Android v12
800,826,infinix,Infinix Note 12 (6GB RAM + 128GB),12999,77.0,"Dual Sim, 3G, 4G, VoLTE, Wi-Fi",False,False,False,"Helio G88, Octa Core, 2 GHz Processor",Helio G88,helio,Octa Core, 2 GHz Processor,"6 GB RAM, 128 GB inbuilt",5000 mAh Battery with 33W Fast Charging,"6.7 inches, 2400 x 1080 px Display with Punch Hole",50 MP + 2 MP Triple Rear & 16 MP Front Camera,"Memory Card Supported, upto 512 GB",Android v11
801,827,samsung,Samsung Galaxy S23 FE 5G,54999,77.0,"Dual Sim, 3G, 4G, 5G, VoLTE, Vo5G, Wi-Fi, NFC",True,True,False,Octa Core Processor,,octa,Octa Core,,"8 GB RAM, 128 GB inbuilt",4500 mAh Battery with Fast Charging,"6.5 inches, 1080 x 2400 px Display with Punch Hole",64 MP Quad Rear & 32 MP Front Camera,Memory Card Not Supported,Android v12
802,828,samsung,Samsung Galaxy M51s 5G,24990,72.0,"Dual Sim, 3G, 4G, 5G, VoLTE, Wi-Fi",True,False,False,Octa Core Processor,,octa,Octa Core,,"6 GB RAM, 128 GB inbuilt",6000 mAh Battery with Fast Charging,"6.7 inches, 1080 x 2400 px Display with Punch Hole",64 MP + 8 MP + 5 MP Triple Rear & 32 MP Front Camera,"Memory Card Supported, upto 1 TB",Android v12
803,829,vivo,Vivo X80 5G (12GB RAM + 256GB),59999,88.0,"Dual Sim, 3G, 4G, 5G, VoLTE, Wi-Fi",True,False,False,"Dimensity  9000, Octa Core, 3.05 GHz Processor",Dimensity  9000,dimensity,Octa Core, 3.05 GHz Processor,"12 GB RAM, 256 GB inbuilt",4500 mAh Battery with 80W Fast Charging,"6.78 inches, 1080 x 2400 px, 120 Hz Display with Punch Hole",50 MP + 12 MP + 12 MP Triple Rear & 32 MP Front Camera,Memory Card Not Supported,Android v12
804,830,poco,Poco X6 Pro 5G,19999,72.0,"Dual Sim, 3G, 4G, 5G, VoLTE, Wi-Fi",True,False,False,"Snapdragon 778G+, Octa Core Processor",Snapdragon 778G+,snapdragon,Octa Core,,"6 GB RAM, 128 GB inbuilt",5000 mAh Battery with Fast Charging,"6.67 inches, 1080 x 2400 px, 120 Hz Display with Punch Hole",64 MP Quad Rear & 32 MP Front Camera,"Memory Card Supported, upto 1 TB",Android v12
805,831,infinix,Infinix Note 12 (G96),16999,79.0,"Dual Sim, 3G, 4G, VoLTE, Wi-Fi",False,False,False,"Helio G96, Octa Core, 2.05 GHz Processor",Helio G96,helio,Octa Core, 2.05 GHz Processor,"8 GB RAM, 128 GB inbuilt",5000 mAh Battery with 33W Fast Charging,"6.7 inches, 1080 x 2400 px Display with Punch Hole",50 MP + 2 MP Triple Rear & 16 MP Front Camera,Memory Card Supported,Android v12
806,832,samsung,Samsung Galaxy M14,14999,60.0,"Dual Sim, 3G, 4G, VoLTE, Wi-Fi",False,False,False,"Exynos 1330, Octa Core Processor",Exynos 1330,exynos,Octa Core,,"4 GB RAM, 64 GB inbuilt",6000 mAh Battery,"6.5 inches, 720 x 1600 px Display with Water Drop Notch",48 MP + 8 MP + 2 MP Triple Rear & 8 MP Front Camera,"Memory Card Supported, upto 512 GB",Android v13
807,833,vivo,Vivo T2 Pro 5G,29990,76.0,"Dual Sim, 3G, 4G, 5G, VoLTE, Wi-Fi",True,False,False,"Snapdragon  778G+, Octa Core Processor",Snapdragon  778G+,snapdragon,Octa Core,,"8 GB RAM, 128 GB inbuilt",4500 mAh Battery with 67W Fast Charging,"6.44 inches, 1080 x 2408 px, 90 Hz Display with Water Drop Notch",50 MP + 8 MP + 2 MP Triple Rear & 16 MP Front Camera,"Memory Card (Hybrid), upto 1 TB",Android v12
808,834,xiaomi,Xiaomi Redmi 10 Prime Plus 5G,13990,69.0,"Dual Sim, 3G, 4G, 5G, VoLTE, Wi-Fi, IR Blaster",True,False,True,"Dimensity 700 5G, Octa Core, 2.2 GHz Processor",Dimensity 700 5G,dimensity,Octa Core, 2.2 GHz Processor,"4 GB RAM, 128 GB inbuilt",5000 mAh Battery with 18W Fast Charging,"6.58 inches, 1080 x 2408 px, 90 Hz Display with Punch Hole",50 MP + 2 MP Dual Rear & 5 MP Front Camera,Memory Card Not Supported,Android v11
809,835,xiaomi,Xiaomi Redmi Note 11 Pro 4G,17999,81.0,"Dual Sim, 3G, 4G, VoLTE, Wi-Fi, IR Blaster",False,False,True,"Helio  G96, Octa Core, 2.05 GHz Processor",Helio  G96,helio,Octa Core, 2.05 GHz Processor,"6 GB RAM, 128 GB inbuilt",5000 mAh Battery with 67W Fast Charging,"6.67 inches, 1080 x 2400 px, 120 Hz Display with Punch Hole",108 MP Quad Rear & 16 MP Front Camera,"Memory Card (Hybrid), upto 1 TB",Android v11
810,836,realme,Realme Narzo 50A Prime,11399,73.0,"Dual Sim, 3G, 4G, VoLTE, Wi-Fi",False,False,False,"Tiger T612, Octa Core, 1.82 GHz Processor",Tiger T612,tiger,Octa Core, 1.82 GHz Processor,"4 GB RAM, 64 GB inbuilt",5000 mAh Battery with 18W Fast Charging,"6.6 inches, 1080 x 2408 px Display with Water Drop Notch",50 MP + 3 MP + 2 MP Triple Rear & 8 MP Front Camera,"Memory Card Supported, upto 1 TB",Android v11
811,838,vivo,Vivo Y55s 5G,19990,79.0,"Dual Sim, 3G, 4G, 5G, VoLTE, Wi-Fi",True,False,False,"Dimensity 700 5G, Octa Core, 2.2 GHz Processor",Dimensity 700 5G,dimensity,Octa Core, 2.2 GHz Processor,"8 GB RAM, 128 GB inbuilt",6000 mAh Battery with 18W Fast Charging,"6.58 inches, 1080 x 2408 px Display with Water Drop Notch",50 MP + 2 MP Dual Rear & 8 MP Front Camera,Memory Card Not Supported,
812,839,vivo,Vivo Y21T,15499,74.0,"Dual Sim, 3G, 4G, VoLTE, Wi-Fi",False,False,False,"Snapdragon 680 , Octa Core, 2.4 GHz Processor",Snapdragon 680,snapdragon,Octa Core, 2.4 GHz Processor,"4 GB RAM, 128 GB inbuilt",5000 mAh Battery with 18W Fast Charging,"6.51 inches, 1600 x 720 px, 90 Hz Display with Water Drop Notch",50 MP + 2 MP + 2 MP Triple Rear & 8 MP Front Camera,"Memory Card Supported, upto 1 TB",Android v11
813,840,gionee,Gionee K10,6999,,"Dual Sim, 3G, 4G, VoLTE, Wi-Fi",False,False,False,"Tiger  T310, Quad Core, 2 GHz Processor",Tiger  T310,tiger,Quad Core, 2 GHz Processor,"3 GB RAM, 32 GB inbuilt",4800 mAh Battery,"6.8 inches, 720 x 1600 px Display with Punch Hole",13 MP Rear & 5 MP Front Camera,Memory Card Supported,Android v10
814,841,xiaomi,Xiaomi Redmi Note 10 Lite (4GB RAM + 128GB),12499,77.0,"Dual Sim, 3G, 4G, VoLTE, Wi-Fi, IR Blaster",False,False,True,"Snapdragon 720G, Octa Core, 2.3 GHz Processor",Snapdragon 720G,snapdragon,Octa Core, 2.3 GHz Processor,"4 GB RAM, 128 GB inbuilt",5020 mAh Battery with 18W Fast Charging,"6.67 inches, 1080 x 2400 px Display with Punch Hole",48 MP Quad Rear & 16 MP Front Camera,"Memory Card Supported, upto 512 GB",Android v10.0
815,842,apple,Apple iPhone 13 (512GB),91999,80.0,"Dual Sim, 3G, 4G, 5G, VoLTE, Wi-Fi, NFC",True,True,False,"Bionic A15, Hexa Core, 3.22 GHz Processor",Bionic A15,bionic,Hexa Core, 3.22 GHz Processor,"4 GB RAM, 512 GB inbuilt",3240 mAh Battery with Fast Charging,"6.1 inches, 1170 x 2532 px Display with Small Notch",12 MP + 12 MP Dual Rear & 12 MP Front Camera,Memory Card Not Supported,iOS v15
816,843,infinix,Infinix Hot 11S,9690,71.0,"Dual Sim, 3G, 4G, VoLTE, Wi-Fi",False,False,False,"Helio G88, Octa Core, 2 GHz Processor",Helio G88,helio,Octa Core, 2 GHz Processor,"4 GB RAM, 64 GB inbuilt",5000 mAh Battery,"6.78 inches, 1080 x 2480 px, 90 Hz Display with Punch Hole",50 MP + 2 MP Triple Rear & 8 MP Front Camera,"Memory Card Supported, upto 256 GB",Android v11
817,844,realme,Realme GT Explorer Master Edition,32990,85.0,"Dual Sim, 3G, 4G, 5G, VoLTE, Wi-Fi, NFC",True,True,False,"Snapdragon  870, Octa Core, 3.2 GHz Processor",Snapdragon  870,snapdragon,Octa Core, 3.2 GHz Processor,"8 GB RAM, 128 GB inbuilt",4500 mAh Battery with 65W Fast Charging,"6.55 inches, 1080 x 2400 px, 120 Hz Display with Punch Hole",50 MP + 13 MP + 2 MP Triple Rear & 32 MP Front Camera,Memory Card Not Supported,
818,845,xiaomi,Xiaomi Mi 12 5G,42990,87.0,"Dual Sim, 3G, 4G, 5G, VoLTE, Wi-Fi, NFC, IR Blaster",True,True,True,"Snapdragon 8 Gen1, Octa Core, 3 GHz Processor",Snapdragon 8 Gen1,snapdragon,Octa Core, 3 GHz Processor,"8 GB RAM, 128 GB inbuilt",4500 mAh Battery with 67W Fast Charging,"6.28 inches, 1080 x 2400 px, 120 Hz Display with Punch Hole",50 MP + 13 MP + 5 MP Triple Rear & 32 MP Front Camera,Memory Card Not Supported,
819,846,cat,CAT S22 Flip,14999,,"Single Sim, 3G, 4G, VoLTE, Wi-Fi",False,False,False,"Qualcomm 215, Quad Core, 1.3 GHz Processor",Qualcomm 215,qualcomm,Quad Core, 1.3 GHz Processor,"2 GB RAM, 16 GB inbuilt",2000 mAh Battery,"4 inches, 480 x 640 px Display",5 MP Rear & 2 MP Front Camera,Memory Card Not Supported,"Memory Card Supported, upto 128 GB"
820,847,xiaomi,Xiaomi Mi 11 Lite (8GB RAM + 128GB),18699,82.0,"Dual Sim, 3G, 4G, VoLTE, Wi-Fi, IR Blaster",False,False,True,"Snapdragon 732G , Octa Core, 2.3 GHz Processor",Snapdragon 732G,snapdragon,Octa Core, 2.3 GHz Processor,"8 GB RAM, 128 GB inbuilt",4250 mAh Battery with 33W Fast Charging,"6.55 inches, 1080 x 2400 px, 90 Hz Display with Punch Hole",64 MP + 8 MP + 5 MP Triple Rear & 16 MP Front Camera,"Memory Card (Hybrid), upto 512 GB",Android v11
821,849,realme,Realme Q3i 5G,10990,76.0,"Dual Sim, 3G, 4G, 5G, VoLTE, Wi-Fi",True,False,False,"Dimensity 700 5G, Octa Core, 2.2 GHz Processor",Dimensity 700 5G,dimensity,Octa Core, 2.2 GHz Processor,"4 GB RAM, 128 GB inbuilt",5000 mAh Battery with 18W Fast Charging,"6.5 inches, 1080 x 2400 px Display with Punch Hole",48 MP + 2 MP + 2 MP Triple Rear & 16 MP Front Camera,Memory Card Supported,Android v11
822,850,xiaomi,Xiaomi Mi 11X Pro,30990,85.0,"Dual Sim, 3G, 4G, 5G, VoLTE, Wi-Fi, IR Blaster",True,False,True,"Snapdragon 888, Octa Core, 2.84 GHz Processor",Snapdragon 888,snapdragon,Octa Core, 2.84 GHz Processor,"8 GB RAM, 128 GB inbuilt",4520 mAh Battery with 33W Fast Charging,"6.67 inches, 1080 x 2400 px, 120 Hz Display with Punch Hole",108 MP + 8 MP + 5 MP Triple Rear & 20 MP Front Camera,Memory Card Not Supported,
823,851,lenovo,Lenovo Legion Pro 2,59999,89.0,"Dual Sim, 3G, 4G, 5G, VoLTE, Wi-Fi, NFC",True,True,False,"Snapdragon  888, Octa Core, 2.84 GHz Processor",Snapdragon  888,snapdragon,Octa Core, 2.84 GHz Processor,"16 GB RAM, 512 GB inbuilt",5000 mAh Battery with 120W Fast Charging,"6.5 inches, 1080 x 2400 px, 144 Hz Display",64 MP + 16 MP Dual Rear & 20 MP Front Camera,Memory Card Not Supported,
824,852,samsung,Samsung Galaxy M62,23999,83.0,"Dual Sim, 3G, 4G, VoLTE, Wi-Fi, NFC",False,True,False,"Exynos 9825, Octa Core, 2.73 GHz Processor",Exynos 9825,exynos,Octa Core, 2.73 GHz Processor,"6 GB RAM, 128 GB inbuilt",7000 mAh Battery with Fast Charging,"6.71 inches, 1080 x 2400 px Display with Punch Hole",64 MP Quad Rear & 32 MP Front Camera,"Memory Card Supported, upto 1 TB",Android v11
825,853,realme,Realme Q2i,9999,69.0,"Dual Sim, 3G, 4G, 5G, VoLTE, Wi-Fi",True,False,False,"Dimensity 720, Octa Core, 2 GHz Processor",Dimensity 720,dimensity,Octa Core, 2 GHz Processor,"4 GB RAM, 128 GB inbuilt",5000 mAh Battery with 18W Fast Charging,"6.5 inches, 720 x 1600 px Display with Water Drop Notch",13 MP + 2 MP + 2 MP Triple Rear & 8 MP Front Camera,Memory Card Not Supported,
826,855,apple,Apple iPhone 12 Pro (256GB),119900,80.0,"Dual Sim, 3G, 4G, 5G, VoLTE, Wi-Fi, NFC",True,True,False,"Bionic A14, Hexa Core, 3.1 GHz Processor",Bionic A14,bionic,Hexa Core, 3.1 GHz Processor,"6 GB RAM, 256 GB inbuilt",,"6.1 inches, 1170 x 2532 px Display with Large Notch",12 MP + 12 MP + 12 MP Triple Rear & 12 MP Front Camera,Memory Card Not Supported,iOS v14.0
827,856,xiaomi,Xiaomi Redmi 9i (4GB RAM + 128GB),9299,67.0,"Dual Sim, 3G, 4G, VoLTE, Wi-Fi",False,False,False,"Helio G25, Octa Core, 2 GHz Processor",Helio G25,helio,Octa Core, 2 GHz Processor,"4 GB RAM, 128 GB inbuilt",5000 mAh Battery with 10W Fast Charging,"6.53 inches, 720 x 1600 px Display with Water Drop Notch",13 MP Rear & 5 MP Front Camera,"Memory Card Supported, upto 512 GB",Android v10
828,857,realme,Realme 6 (6GB RAM + 64GB),12989,77.0,"Dual Sim, 3G, 4G, VoLTE, Wi-Fi",False,False,False,"Helio   G90T , Octa Core, 2.05 GHz Processor",Helio   G90T,helio,Octa Core, 2.05 GHz Processor,"6 GB RAM, 64 GB inbuilt",4300 mAh Battery with 30W Fast Charging,"6.5 inches, 1080 x 2400 px, 90 Hz Display with Punch Hole",64 MP Quad Rear & 16 MP Front Camera,"Memory Card Supported, upto 256 GB",Android v10
829,858,samsung,Samsung Galaxy A01 Core,4999,,"Dual Sim, 3G, 4G, VoLTE, Wi-Fi",False,False,False,"(28 nm), Quad Core, 1.5 GHz Processor",Mediatek MT6739,mediatek,Quad Core, 1.5 GHz Processor,"1 GB RAM, 16 GB inbuilt",3000 mAh Battery,"5.3 inches, 720 x 1480 px Display",8 MP Rear & 5 MP Front Camera,Memory Card Supported,Android v10
830,860,oppo,Oppo Reno 5,29990,83.0,"Dual Sim, 3G, 4G, 5G, VoLTE, Wi-Fi",True,False,False,"Snapdragon  765G , Octa Core, 2.4 GHz Processor",Snapdragon  765G,snapdragon,Octa Core, 2.4 GHz Processor,"8 GB RAM, 128 GB inbuilt",4300 mAh Battery with 65W Fast Charging,"6.43 inches, 1080 x 2400 px Display with Punch Hole",64 MP Quad Rear & 32 MP Front Camera,Memory Card Not Supported,
831,861,oppo,Oppo A31 2020 (6GB RAM + 128GB),12490,72.0,"Dual Sim, 3G, 4G, VoLTE, Wi-Fi",False,False,False,"Helio P35, Octa Core, 2.3 GHz Processor",Helio P35,helio,Octa Core, 2.3 GHz Processor,"6 GB RAM, 128 GB inbuilt",4230 mAh Battery,"6.5 inches, 720 x 1600 px Display with Water Drop Notch",12 MP + 2 MP + 2 MP Triple Rear & 8 MP Front Camera,"Memory Card Supported, upto 256 GB",Android v9.0 (Pie)
832,862,sony,Sony Xperia 10 II,27999,75.0,"Dual Sim, 3G, 4G, VoLTE, Wi-Fi, NFC",False,True,False,"Snapdragon  665, Octa Core, 2 GHz Processor",Snapdragon  665,snapdragon,Octa Core, 2 GHz Processor,"4 GB RAM, 128 GB inbuilt",3600 mAh Battery with 18W Fast Charging,"6 inches, 1080 x 2520 px, 90 Hz Display",12 MP + 8 MP + 8 MP Triple Rear & 8 MP Front Camera,Memory Card (Hybrid),Android v10.0
833,863,vivo,Vivo Y91c,8199,,"Dual Sim, 3G, 4G, VoLTE, Wi-Fi",False,False,False,"Helio P22, Octa Core, 2 GHz Processor",Helio P22,helio,Octa Core, 2 GHz Processor,"2 GB RAM, 32 GB inbuilt",4030 mAh Battery,"6.22 inches, 720 x 1520 px Display with Water Drop Notch",13 MP Rear & 5 MP Front Camera,"Memory Card Supported, upto 256 GB",Android v8.1 (Oreo)
834,864,huawei,Huawei Nova 7i,21990,81.0,"Dual Sim, 3G, 4G, VoLTE, Wi-Fi",False,False,False,"Kirin  810, Octa Core, 2.2 GHz Processor",Kirin  810,kirin,Octa Core, 2.2 GHz Processor,"8 GB RAM, 128 GB inbuilt",4200 mAh Battery with 40W Fast Charging,"6.4 inches, 1080 x 2340 px Display with Punch Hole",48 MP Quad Rear & 16 MP Front Camera,"Memory Card (Hybrid), upto 256 GB",Android v10
835,865,vivo,Vivo Y19,20000,73.0,"Dual Sim, 3G, 4G, VoLTE, Wi-Fi",False,False,False,"Helio  P65 , Octa Core, 2 GHz Processor",Helio  P65,helio,Octa Core, 2 GHz Processor,"4 GB RAM, 128 GB inbuilt",5000 mAh Battery with 18W Fast Charging,"6.53 inches, 1080 x 2340 px Display with Water Drop Notch",16 MP + 8 MP + 2 MP Triple Rear & 16 MP Front Camera,"Memory Card Supported, upto 256 GB",Android v9.0 (Pie)
836,866,vivo,Vivo U3 (6GB RAM + 64GB),11990,74.0,"Dual Sim, 3G, 4G, VoLTE, Wi-Fi",False,False,False,"Snapdragon  675, Octa Core, 2 GHz Processor",Snapdragon  675,snapdragon,Octa Core, 2 GHz Processor,"6 GB RAM, 64 GB inbuilt",5000 mAh Battery with 18W Fast Charging,"6.53 inches, 1080 x 2340 px Display with Water Drop Notch",16 MP + 8 MP + 2 MP Triple Rear & 16 MP Front Camera,"Memory Card Supported, upto 256 GB",Android v9.0 (Pie)
837,867,xiaomi,Xiaomi Redmi Note 9,11989,75.0,"Dual Sim, 3G, 4G, VoLTE, Wi-Fi, IR Blaster",False,False,True,"Helio G85, Octa Core, 2 GHz Processor",Helio G85,helio,Octa Core, 2 GHz Processor,"4 GB RAM, 64 GB inbuilt",5020 mAh Battery with 22.5W Fast Charging,"6.53 inches, 1080 x 2340 px Display with Punch Hole",48 MP Quad Rear & 13 MP Front Camera,"Memory Card Supported, upto 512 GB",Android v10.0
838,868,xiaomi,Xiaomi Redmi 8 (4GB RAM + 64GB),11490,66.0,"Dual Sim, 3G, 4G, VoLTE, Wi-Fi, IR Blaster",False,False,True,"Snapdragon 439, Octa Core, 2 GHz Processor",Snapdragon 439,snapdragon,Octa Core, 2 GHz Processor,"4 GB RAM, 64 GB inbuilt",5000 mAh Battery with 18W Fast Charging,"6.22 inches, 720 x 1520 px Display with Water Drop Notch",12 MP + 2 MP Dual Rear & 8 MP Front Camera,"Memory Card Supported, upto 512 GB",Android v9.0 (Pie)
839,869,motorola,Motorola One Macro,11490,68.0,"Dual Sim, 3G, 4G, VoLTE, Wi-Fi",False,False,False,"Helio P70, Octa Core, 2 GHz Processor",Helio P70,helio,Octa Core, 2 GHz Processor,"4 GB RAM, 64 GB inbuilt",4000 mAh Battery with 10W Fast Charging,"6.2 inches, 720 x 1520 px Display with Water Drop Notch",13 MP + 2 MP + 2 MP Triple Rear & 8 MP Front Camera,"Memory Card (Hybrid), upto 512 GB",Android v9.0 (Pie)
840,870,google,Google Pixel 3a XL,15999,67.0,"Single Sim, 3G, 4G, VoLTE, Wi-Fi, NFC",False,True,False,"Qualcomm Snapdragon 670, Octa Core, 2 GHz Processor",Qualcomm Snapdragon 670,qualcomm,Octa Core, 2 GHz Processor,"4 GB RAM, 64 GB inbuilt",3700 mAh Battery with 18W Fast Charging,"6 inches, 1080 x 2160 px Display",12.2 MP Rear & 8 MP Front Camera,Memory Card Not Supported,
841,871,samsung,Samsung Galaxy A40,17990,69.0,"Dual Sim, 3G, 4G, VoLTE, Wi-Fi",False,False,False,"Samsung Exynos 7885, Octa Core, 2.2 GHz Processor",Samsung Exynos 7885,samsung,Octa Core, 2.2 GHz Processor,"4 GB RAM, 64 GB inbuilt",3100 mAh Battery with 15W Fast Charging,"5.9 inches, 1080 x 2340 px Display with Water Drop Notch",16 MP + 5 MP Dual Rear & 25 MP Front Camera,"Memory Card Supported, upto 512 GB",Android v9.0 (Pie)
842,872,samsung,Samsung Galaxy S10 5G,78990,86.0,"Single Sim, 3G, 4G, 5G, VoLTE, Wi-Fi, NFC",True,True,False,"Exynos 9820, Octa Core, 2.7 GHz Processor",Exynos 9820,exynos,Octa Core, 2.7 GHz Processor,"8 GB RAM, 256 GB inbuilt",4500 mAh Battery with 25W Fast Charging,"6.7 inches, 1440 x 3040 px Display",16 MP + 12 MP + 12 MP Triple Rear & 10 MP Front Camera,"Memory Card (Hybrid), upto 512 GB",Android v9.0 (Pie)
843,873,huawei,Huawei Honor 9N,10949,66.0,"Dual Sim, 3G, 4G, VoLTE, Wi-Fi",False,False,False,"Kirin 659, Octa Core, 2.36 GHz Processor",Kirin 659,kirin,Octa Core, 2.36 GHz Processor,"4 GB RAM, 64 GB inbuilt",3000 mAh Battery,"5.84 inches, 1080 x 2280 px Display with Small Notch",13 MP + 2 MP Dual Rear & 16 MP Front Camera,"Memory Card (Hybrid), upto 256 GB",Android v8.0 (Oreo)
844,874,xiaomi,Xiaomi Redmi Note 4,10300,65.0,"Dual Sim, 3G, 4G, VoLTE, Wi-Fi",False,False,False,"Qualcomm Snapdragon 625, Octa Core, 2 GHz Processor",Qualcomm Snapdragon 625,qualcomm,Octa Core, 2 GHz Processor,"4 GB RAM, 64 GB inbuilt",4100 mAh Battery,"5.5 inches, 1080 x 1920 px Display",13 MP Rear & 5 MP Front Camera,"Memory Card (Hybrid), upto 128 GB",Android v6.0 (Marshmallow)
845,876,doogee,Doogee V Max,45999,88.0,"Dual Sim, 3G, 4G, 5G, VoLTE, Wi-Fi",True,False,False,"Dimensity 1080, Octa Core, 2.6 GHz Processor",Dimensity 1080,dimensity,Octa Core, 2.6 GHz Processor,"12 GB RAM, 256 GB inbuilt",22000 mAh Battery with 33W Fast Charging,"6.58 inches, 1080 x 2408 px, 120 Hz Display with Water Drop Notch",108 MP + 20 MP + 16 MP Triple Rear & 32 MP Front Camera,"Memory Card (Hybrid), upto 2 TB",Android v12
846,877,huawei,Huawei Nova Y61,21990,63.0,"Dual Sim, 3G, 4G, VoLTE, Wi-Fi",False,False,False,Octa Core Processor,,octa,Octa Core,,"4 GB RAM, 64 GB inbuilt",5000 mAh Battery with 22.5W Fast Charging,"6.52 inches, 720 x 1600 px Display with Water Drop Notch",50 MP + 2 MP Triple Rear & 5 MP Front Camera,Memory Card (Hybrid),EMUI v12
847,878,iqoo,iQOO Z9,19990,76.0,"Dual Sim, 3G, 4G, 5G, VoLTE, Wi-Fi",True,False,False,"Snapdragon  7 Gen2, Octa Core Processor",Snapdragon  7 Gen2,snapdragon,Octa Core,,"8 GB RAM, 128 GB inbuilt",5000 mAh Battery with 45W Fast Charging,"6.67 inches, 1080 x 2412 px, 120 Hz Display with Water Drop Notch",64 MP + 8 MP + 2 MP Triple Rear & 16 MP Front Camera,"Memory Card (Hybrid), upto 1 TB",Android v13
848,879,vivo,Vivo V29,32990,84.0,"Dual Sim, 3G, 4G, 5G, VoLTE, Wi-Fi",True,False,False,"Snapdragon  7 Gen1, Octa Core, 2.4 GHz Processor",Snapdragon  7 Gen1,snapdragon,Octa Core, 2.4 GHz Processor,"8 GB RAM, 256 GB inbuilt",5000 mAh Battery with 80W Fast Charging,"6.67 inches, 1080 x 2400 px, 120 Hz Display with Punch Hole",64 MP + 8 MP + 2 MP Triple Rear & 32 MP Front Camera,Memory Card Supported,Android v13
849,880,poco,Poco M5 (6GB RAM + 128GB),14499,77.0,"Dual Sim, 3G, 4G, VoLTE, Wi-Fi, IR Blaster",False,False,True,"Helio G99, Octa Core, 2.2 GHz Processor",Helio G99,helio,Octa Core, 2.2 GHz Processor,"6 GB RAM, 128 GB inbuilt",5000 mAh Battery with 18W Fast Charging,"6.58 inches, 1080 x 2400 px, 90 Hz Display with Water Drop Notch",50 MP + 2 MP + 2 MP Triple Rear & 8 MP Front Camera,"Memory Card Supported, upto 512 GB",Android v12
850,881,nokia,Nokia X30,41990,85.0,"Dual Sim, 3G, 4G, 5G, VoLTE, Wi-Fi, NFC",True,True,False,"Snapdragon  695, Octa Core, 2.2 GHz Processor",Snapdragon  695,snapdragon,Octa Core, 2.2 GHz Processor,"6 GB RAM, 128 GB inbuilt",4200 mAh Battery with 33W Fast Charging,"6.43 inches, 1080 x 2400 px, 90 Hz Display with Punch Hole",50 MP + 13 MP Dual Rear & 16 MP Front Camera,"Memory Card Supported, upto 1 TB",Android v12
851,882,tecno,Tecno Pova Neo 2,13990,67.0,"Dual Sim, 3G, 4G, VoLTE, Wi-Fi",False,False,False,"Helio G85, Octa Core, 2 GHz Processor",Helio G85,helio,Octa Core, 2 GHz Processor,"6 GB RAM, 128 GB inbuilt",7000 mAh Battery,"6.82 inches, 720 x 1600 px, 90 Hz Display with Water Drop Notch",16 MP + 2 MP Dual Rear & 8 MP Front Camera,"Memory Card Supported, upto 512 GB",Android v12
852,885,vivo,Vivo Y15C (3GB RAM + 64GB),10490,67.0,"Dual Sim, 3G, 4G, VoLTE, Wi-Fi",False,False,False,"Helio P35, Octa Core, 2.3 GHz Processor",Helio P35,helio,Octa Core, 2.3 GHz Processor,"3 GB RAM, 64 GB inbuilt",5000 mAh Battery,"6.51 inches, 720 x 1600 px Display with Water Drop Notch",13 MP + 2 MP Dual Rear & 8 MP Front Camera,"Memory Card Supported, upto 1 TB",Android v12
853,886,huawei,Huawei Nova 10,29990,82.0,"Dual Sim, 3G, 4G, Wi-Fi",False,False,False,"Snapdragon 778G, Octa Core, 2.4 GHz Processor",Snapdragon 778G,snapdragon,Octa Core, 2.4 GHz Processor,"8 GB RAM, 128 GB inbuilt",4000 mAh Battery with 66W Fast Charging,"6.67 inches, 1080 x 2400 px, 120 Hz Display with Punch Hole",50 MP + 8 MP + 2 MP Triple Rear & 60 MP Front Camera,Memory Card Not Supported,
854,887,huawei,Huawei Nova Y90,22990,82.0,"Dual Sim, 3G, 4G, VoLTE, Wi-Fi, NFC",False,True,False,"Snapdragon  680, Octa Core, 2.4 GHz Processor",Snapdragon  680,snapdragon,Octa Core, 2.4 GHz Processor,"8 GB RAM, 128 GB inbuilt",5000 mAh Battery with 40W Fast Charging,"6.7 inches, 1080 x 2388 px, 90 Hz Display with Punch Hole",50 MP Quad Rear & 8 MP Front Camera,Memory Card Supported,EMUI v12
855,888,samsung,Samsung Galaxy A92 5G,47990,80.0,"Dual Sim, 3G, 4G, 5G, VoLTE, Wi-Fi",True,False,False,"Dimensity 1300, Octa Core, 3 GHz Processor",Dimensity 1300,dimensity,Octa Core, 3 GHz Processor,"8 GB RAM, 128 GB inbuilt",5000 mAh Battery with Fast Charging,"6.7 inches, 1080 x 2400 px Display with Punch Hole",48 MP + 12 MP + 5 MP Triple Rear & 16 MP Front Camera,Memory Card Not Supported,Android v12
856,889,infinix,Infinix Note 12 VIP,19999,84.0,"Dual Sim, 3G, 4G, VoLTE, Wi-Fi",False,False,False,"Helio  G96, Octa Core, 2.05 GHz Processor",Mediatek MT6739,mediatek,Octa Core, 2.05 GHz Processor,"8 GB RAM, 128 GB inbuilt",4500 mAh Battery with 120W Fast Charging,"6.7 inches, 1080 x 2400 px, 120 Hz Display with Punch Hole",108 MP + 13 MP + 2 MP Triple Rear & 16 MP Front Camera,"Memory Card Supported, upto 256 GB",Android v12
857,890,oneplus,OnePlus Nord 4 5G,29999,83.0,"Dual Sim, 3G, 4G, 5G, VoLTE, Wi-Fi, NFC",True,True,False,"Snapdragon  7 Gen1, Octa Core, 2.36 GHz Processor",Snapdragon  7 Gen1,snapdragon,Octa Core, 2.36 GHz Processor,"8 GB RAM, 128 GB inbuilt",4500 mAh Battery with 80W Fast Charging,"6.43 inches, 1080 x 2412 px, 120 Hz Display with Punch Hole",50 MP + 12 MP + 5 MP Triple Rear & 32 MP Front Camera,Memory Card Not Supported,
858,891,realme,Realme Narzo 50A Prime (4GB RAM + 128GB),11879,74.0,"Dual Sim, 3G, 4G, VoLTE, Wi-Fi",False,False,False,"Tiger T612, Octa Core, 1.82 GHz Processor",Tiger T612,tiger,Octa Core, 1.82 GHz Processor,"4 GB RAM, 128 GB inbuilt",5000 mAh Battery with 18W Fast Charging,"6.6 inches, 1080 x 2408 px Display with Water Drop Notch",50 MP + 2 MP + 2 MP Triple Rear & 8 MP Front Camera,"Memory Card Supported, upto 1 TB",Android v11
859,892,oneplus,OnePlus Ace 5G,28990,84.0,"Dual Sim, 3G, 4G, 5G, VoLTE, Wi-Fi, NFC",True,True,False,"Dimensity 8100 Max, Octa Core, 2.85 GHz Processor",Dimensity 8100 Max,dimensity,Octa Core, 2.85 GHz Processor,"8 GB RAM, 128 GB inbuilt",4500 mAh Battery with 150W Fast Charging,"6.7 inches, 1080 x 2412 px, 120 Hz Display with Punch Hole",50 MP + 8 MP + 2 MP Triple Rear & 16 MP Front Camera,Memory Card Not Supported,
860,893,iqoo,iQOO 9 5G (12GB RAM + 256GB),39990,85.0,"Dual Sim, 3G, 4G, 5G, VoLTE, Wi-Fi",True,False,False,"Snapdragon  888+, Octa Core, 2.9 GHz Processor",Snapdragon  888+,snapdragon,Octa Core, 2.9 GHz Processor,"12 GB RAM, 256 GB inbuilt",4350 mAh Battery with 120W Fast Charging,"6.56 inches, 1080 x 2376 px, 120 Hz Display with Punch Hole",48 MP + 13 MP + 13 MP Triple Rear & 16 MP Front Camera,Memory Card Not Supported,
861,894,xiaomi,Xiaomi Redmi Note 12T 5G,15999,78.0,"Dual Sim, 3G, 4G, 5G, VoLTE, Wi-Fi, IR Blaster",True,False,True,"Dimensity 720, Octa Core, 2 GHz Processor",Dimensity 720,dimensity,Octa Core, 2 GHz Processor,"6 GB RAM, 64 GB inbuilt",5000 mAh Battery with 33W Fast Charging,"6.52 inches, 1080 x 2400 px, 90 Hz Display with Punch Hole",64 MP + 8 MP + 2 MP Triple Rear & 16 MP Front Camera,"Memory Card Supported, upto 512 GB",Android v12
862,895,oppo,Oppo A96 5G,22990,82.0,"Dual Sim, 3G, 4G, 5G, VoLTE, Wi-Fi",True,False,False,"Snapdragon 695 , Octa Core, 2.2 GHz Processor",Snapdragon 695,snapdragon,Octa Core, 2.2 GHz Processor,"8 GB RAM, 256 GB inbuilt",4500 mAh Battery with 33W Fast Charging,"6.43 inches, 1080 x 2400 px Display with Punch Hole",48 MP + 2 MP Dual Rear & 16 MP Front Camera,Memory Card Supported,Android v11
863,896,royole,Royole FlexPai 3 5G,149999,87.0,"Dual Sim, 3G, 4G, 5G, VoLTE, Wi-Fi",True,False,False,"Snapdragon 888, Octa Core, 2.84 GHz Processor",Snapdragon 888,snapdragon,Octa Core, 2.84 GHz Processor,"8 GB RAM, 128 GB inbuilt",3360 mAh Battery,"7.2 inches, 1440 x 1920 px Display",64 MP + 16 MP + 8 MP Triple Rear & 32 MP Front Camera,Memory Card Not Supported,"Memory Card Supported, upto 256 GB"
864,897,tecno,Tecno Camon 18,11499,75.0,"Dual Sim, 3G, 4G, VoLTE, Wi-Fi, NFC",False,True,False,"Helio  G88, Octa Core, 2 GHz Processor",Helio  G88,helio,Octa Core, 2 GHz Processor,"4 GB RAM, 128 GB inbuilt",5000 mAh Battery with 18W Fast Charging,"6.8 inches, 1080 x 2460 px, 90 Hz Display with Punch Hole",48 MP + 2 MP + 2 MP Triple Rear & 16 MP Front Camera,Memory Card Not Supported,
865,898,tecno,Tecno Phantom X Pro,22999,84.0,"Dual Sim, 3G, 4G, VoLTE, Wi-Fi",False,False,False,"Helio G95, Octa Core, 2.05 GHz Processor",Helio G95,helio,Octa Core, 2.05 GHz Processor,"8 GB RAM, 256 GB inbuilt",5000 mAh Battery with 44W Fast Charging,"6.7 inches, 1080 x 2400 px, 120 Hz Display with Punch Hole",50 MP Quad Rear & 48 MP + 8 MP Dual Front Camera,Memory Card Not Supported,
866,899,tecno,Tecno Spark 8T,7999,70.0,"Dual Sim, 3G, 4G, VoLTE, Wi-Fi",False,False,False,"Helio G35, Octa Core, 2.3 GHz Processor",Helio G35,helio,Octa Core, 2.3 GHz Processor,"4 GB RAM, 64 GB inbuilt",5000 mAh Battery,"6.6 inches, 720 x 1600 px Display with Water Drop Notch",50 MP + 2 MP Dual Rear & 8 MP Front Camera,Memory Card Supported,Android v11
867,900,realme,Realme GT Neo2 5G,31999,82.0,"Dual Sim, 3G, 4G, 5G, VoLTE, Wi-Fi, NFC",True,True,False,"Snapdragon 870, Octa Core, 3.2 GHz Processor",Snapdragon 870,snapdragon,Octa Core, 3.2 GHz Processor,"8 GB RAM, 128 GB inbuilt",5000 mAh Battery with 65W Fast Charging,"6.62 inches, 2400 x 1080 px, 120 Hz Display with Punch Hole",64 MP + 8 MP + 2 MP Triple Rear & 16 MP Front Camera,Memory Card Not Supported,
868,901,sony,Sony Xperia 10 III Lite 5G,30990,78.0,"Single Sim, 3G, 4G, 5G, VoLTE, Wi-Fi, NFC",True,True,False,"Snapdragon  690 , Octa Core, 2 GHz Processor",Snapdragon  690,snapdragon,Octa Core, 2 GHz Processor,"6 GB RAM, 64 GB inbuilt",4500 mAh Battery with 30W Fast Charging,"6 inches, 1080 x 2520 px Display",12 MP + 8 MP + 8 MP Triple Rear & 8 MP Front Camera,Memory Card Supported,Android v11
869,902,realme,Realme G1,7999,64.0,"Dual Sim, 3G, 4G, VoLTE, Wi-Fi",False,False,False,"Helio G35, Octa Core, 2.3 GHz Processor",Helio G35,helio,Octa Core, 2.3 GHz Processor,"3 GB RAM, 32 GB inbuilt",6000 mAh Battery,"6.52 inches, 720 x 1600 px Display with Water Drop Notch",13 MP + 2 MP + 2 MP Triple Rear & 5 MP Front Camera,"Memory Card Supported, upto 256 GB",Android v11
870,903,tecno,Tecno Pova 2,10999,74.0,"Dual Sim, 3G, 4G, VoLTE, Wi-Fi",False,False,False,"Helio G85, Octa Core, 2 GHz Processor",Helio G85,helio,Octa Core, 2 GHz Processor,"4 GB RAM, 64 GB inbuilt",7000 mAh Battery with 18W Fast Charging,"6.95 inches, 1080 x 2460 px Display with Punch Hole",48 MP Quad Rear & 8 MP Front Camera,"Memory Card Supported, upto 256 GB",Android v11
871,904,poco,Poco X4,14990,79.0,"Dual Sim, 3G, 4G, 5G, VoLTE, Wi-Fi",True,False,False,"Dimensity 700 5G, Octa Core, 2.2 GHz Processor",Dimensity 700 5G,dimensity,Octa Core, 2.2 GHz Processor,"6 GB RAM, 128 GB inbuilt",5000 mAh Battery with 67W Fast Charging,"6.67 inches, 1080 x 2400 px, 120 Hz Display with Punch Hole",50 MP + 8 MP + 2 MP Triple Rear & 16 MP Front Camera,"Memory Card Supported, upto 1 TB",Android v12
872,905,motorola,Motorola Moto G40 Fusion,14499,77.0,"Dual Sim, 3G, 4G, VoLTE, Wi-Fi",False,False,False,"Snapdragon  732G, Octa Core, 2.3 GHz Processor",Snapdragon  732G,snapdragon,Octa Core, 2.3 GHz Processor,"4 GB RAM, 64 GB inbuilt",6000 mAh Battery with 20W Fast Charging,"6.78 inches, 1080 x 2460 px, 120 Hz Display with Punch Hole",64 MP + 8 MP + 2 MP Triple Rear & 16 MP Front Camera,"Memory Card (Hybrid), upto 256 GB",Android v11
873,906,oneplus,OnePlus 9T,44999,86.0,"Dual Sim, 3G, 4G, 5G, VoLTE, Wi-Fi, NFC",True,True,False,"Snapdragon 888, Octa Core, 2.84 GHz Processor",Snapdragon 888,snapdragon,Octa Core, 2.84 GHz Processor,"8 GB RAM, 128 GB inbuilt",4500 mAh Battery with 65W Fast Charging,"6.55 inches, 1080 x 2400 px, 120 Hz Display with Punch Hole",108 MP Quad Rear & 16 MP Front Camera,Memory Card Not Supported,Android v11
874,907,realme,Realme 8 (8GB RAM + 128GB),17999,83.0,"Dual Sim, 3G, 4G, VoLTE, Wi-Fi",False,False,False,"Helio G95, Octa Core, 2 GHz Processor",Helio G95,helio,Octa Core, 2 GHz Processor,"8 GB RAM, 128 GB inbuilt",5000 mAh Battery with 30W Fast Charging,"6.4 inches, 1080 x 2400 px Display with Punch Hole",64 MP Quad Rear & 16 MP Front Camera,"Memory Card Supported, upto 256 GB",Android v11
875,908,realme,Realme Narzo 30 Pro 5G (8GB RAM +128GB),19999,83.0,"Dual Sim, 3G, 4G, 5G, VoLTE, Wi-Fi",True,False,False,"Dimensity 800U, Octa Core, 2.4 GHz Processor",Dimensity 800U,dimensity,Octa Core, 2.4 GHz Processor,"8 GB RAM, 128 GB inbuilt",5000 mAh Battery with 30W Fast Charging,"6.5 inches, 1080 x 2400 px, 120 Hz Display with Punch Hole",48 MP + 8 MP + 2 MP Triple Rear & 16 MP Front Camera,"Memory Card (Hybrid), upto 256 GB",Android v10
876,909,itel,Itel A23 Pro,3999,,"Dual Sim, 3G, 4G, Wi-Fi",False,False,False,"Spreadtrum  SC9832E , Quad Core, 1.4 GHz Processor",Spreadtrum  SC9832E,spreadtrum,Quad Core, 1.4 GHz Processor,"1 GB RAM, 8 GB inbuilt",2400 mAh Battery,"5 inches, 854 x 480 px Display",5 MP Rear & 2 MP Front Camera,Memory Card Not Supported,
877,910,samsung,Samsung Galaxy S21 Ultra 5G (12GB RAM + 128GB),101999,,"Dual Sim, 3G, 4G, 5G, VoLTE, Wi-Fi, NFC",True,True,False,"Exynos  2100, Octa Core, 2.9 GHz Processor",Exynos  2100,exynos,Octa Core, 2.9 GHz Processor,"12 GB RAM, 128 GB inbuilt",5000 mAh Battery with 25W Fast Charging,"6.8 inches, 1440 x 3200 px, 120 Hz Display with Punch Hole",108 MP Quad Rear & 40 MP Front Camera,Memory Card Not Supported,
878,911,oppo,Oppo Reno 5 Pro 5G,38700,84.0,"Dual Sim, 3G, 4G, 5G, VoLTE, Wi-Fi",True,False,False,"Dimensity 1000+, Octa Core, 2.6 GHz Processor",Dimensity 1000+,dimensity,Octa Core, 2.6 GHz Processor,"8 GB RAM, 128 GB inbuilt",4350 mAh Battery with 65W Fast Charging,"6.53 inches, 1080 x 2400 px, 90 Hz Display with Punch Hole",64 MP Quad Rear & 32 MP Front Camera,Memory Card Not Supported,
879,912,oneplus,OnePlus Nord SE,19999,73.0,"Dual Sim, 3G, 4G, VoLTE, Wi-Fi",False,False,False,"Snapdragon 665, Octa Core, 2 GHz Processor",Snapdragon 665,snapdragon,Octa Core, 2 GHz Processor,"4 GB RAM, 64 GB inbuilt",4500 mAh Battery with 65W Fast Charging,"6.3 inches, 1080 x 2400 px Display with Punch Hole",48 MP Quad Rear & 13 MP Front Camera,"Memory Card Supported, upto 256 GB",Android v10
880,913,samsung,Samsung Galaxy M12,10999,72.0,"Dual Sim, 3G, 4G, VoLTE, Wi-Fi",False,False,False,"Exynos  850, Octa Core, 2 GHz Processor",Exynos  850,exynos,Octa Core, 2 GHz Processor,"4 GB RAM, 64 GB inbuilt",6000 mAh Battery with 15W Fast Charging,"6.5 inches, 720 x 1600 px, 90 Hz Display with Water Drop Notch",48 MP Quad Rear & 8 MP Front Camera,"Memory Card Supported, upto 1 TB",Android v11
881,914,oneplus,OnePlus Nord N100,16990,68.0,"Dual Sim, 3G, 4G, VoLTE, Wi-Fi",False,False,False,"Snapdragon 460, Octa Core, 1.8 GHz Processor",Snapdragon 460,snapdragon,Octa Core, 1.8 GHz Processor,"4 GB RAM, 64 GB inbuilt",5000 mAh Battery with 18W Fast Charging,"6.52 inches, 720 x 1600 px, 90 Hz Display with Punch Hole",13 MP + 2 MP + 2 MP Triple Rear & 8 MP Front Camera,"Memory Card Supported, upto 256 GB",Android v10
882,915,apple,Apple iPhone 12 Mini (256GB),55999,75.0,"Dual Sim, 3G, 4G, 5G, VoLTE, Wi-Fi, NFC",True,True,False,"Bionic A14, Hexa Core, 3.1 GHz Processor",Bionic A14,bionic,Hexa Core, 3.1 GHz Processor,"4 GB RAM, 256 GB inbuilt",,"5.4 inches, 1080 x 2340 px Display",12 MP + 12 MP Dual Rear & 12 MP Front Camera,Memory Card Not Supported,iOS v14
883,916,apple,Apple iPhone 12 (256GB),67999,76.0,"Dual Sim, 3G, 4G, 5G, VoLTE, Wi-Fi, NFC",True,True,False,"Bionic A14, Hexa Core, 3.1 GHz Processor",Bionic A14,bionic,Hexa Core, 3.1 GHz Processor,"4 GB RAM, 256 GB inbuilt",,"6.1 inches, 1170 x 2532 px Display with Large Notch",12 MP + 12 MP Dual Rear & 12 MP Front Camera,Memory Card Not Supported,iOS v14
884,917,oppo,OPPO A15,9999,66.0,"Dual Sim, 3G, 4G, VoLTE, Wi-Fi",False,False,False,"Helio P35, Octa Core, 2.3 GHz Processor",Helio P35,helio,Octa Core, 2.3 GHz Processor,"3 GB RAM, 32 GB inbuilt",4230 mAh Battery,"6.52 inches, 720 x 1600 px Display with Water Drop Notch",13 MP + 2 MP + 2 MP Triple Rear & 5 MP Front Camera,"Memory Card Supported, upto 256 GB",Android v10.0
885,918,xiaomi,Xiaomi Redmi Note 9 Pro (4GB RAM + 128GB),14439,77.0,"Dual Sim, 3G, 4G, VoLTE, Wi-Fi, IR Blaster",False,False,True,"Snapdragon 720G, Octa Core, 2.3 GHz Processor",Snapdragon 720G,snapdragon,Octa Core, 2.3 GHz Processor,"4 GB RAM, 128 GB inbuilt",5020 mAh Battery with 18W Fast Charging,"6.67 inches, 1080 x 2400 px Display with Punch Hole",48 MP Quad Rear & 16 MP Front Camera,"Memory Card Supported, upto 512 GB",Android v10.0
886,920,oppo,Oppo A12,9990,64.0,"Dual Sim, 3G, 4G, VoLTE, Wi-Fi",False,False,False,"Helio P35, Octa Core, 1.8 GHz Processor",Helio P35,helio,Octa Core, 1.8 GHz Processor,"3 GB RAM, 32 GB inbuilt",4230 mAh Battery,"6.22 inches, 1520 x 720 px Display with Water Drop Notch",13 MP + 2 MP Dual Rear & 5 MP Front Camera,"Memory Card Supported, upto 256 GB",Android v9.0 (Pie)
887,921,realme,Realme X50 Pro 5G (8GB RAM + 128GB),24999,85.0,"Dual Sim, 3G, 4G, 5G, VoLTE, Wi-Fi, NFC",True,True,False,"Snapdragon 865, Octa Core, 2.84 GHz Processor",Snapdragon 865,snapdragon,Octa Core, 2.84 GHz Processor,"8 GB RAM, 128 GB inbuilt",4200 mAh Battery with 65W Fast Charging,"6.44 inches, 1080 x 2400 px, 90 Hz Display with Dual Punch Hole",64 MP Quad Rear & 32 MP + 8 MP Dual Front Camera,Memory Card Not Supported,Android v10
888,922,samsung,Samsung Galaxy S20 Plus 5G,85990,,"Dual Sim, 3G, 4G, 5G, VoLTE, Wi-Fi, NFC",True,True,False,"Exynos 990, Octa Core, 2.73 GHz Processor",Exynos 990,exynos,Octa Core, 2.73 GHz Processor,"8 GB RAM, 128 GB inbuilt",4500 mAh Battery with 25W Fast Charging,"6.7 inches, 1440 x 3200 px Display with Punch Hole",64 MP Quad Rear & 10 MP Front Camera,"Memory Card (Hybrid), upto 1 TB",Android v10
889,923,xiaomi,Xiaomi Redmi K20 Pro Signature Edition,480000,88.0,"Dual Sim, 3G, 4G, VoLTE, Wi-Fi, NFC",False,True,False,"Snapdragon  855, Octa Core, 2.8 GHz Processor",Snapdragon  855,snapdragon,Octa Core, 2.8 GHz Processor,"8 GB RAM, 256 GB inbuilt",4000 mAh Battery with 27W Fast Charging,"6.39 inches, 1080 x 2340 px Display",48 MP + 13 MP + 8 MP Triple Rear & 20 MP Front Camera,Memory Card Not Supported,Android v9.0 (Pie)
890,924,xiaomi,Xiaomi Redmi Note 8 Pro,16999,78.0,"Dual Sim, 3G, 4G, VoLTE, Wi-Fi, IR Blaster",False,False,True,"Helio  G90T, Octa Core, 2.05 GHz Processor",Helio  G90T,helio,Octa Core, 2.05 GHz Processor,"6 GB RAM, 64 GB inbuilt",4500 mAh Battery with 18W Fast Charging,"6.53 inches, 1080 x 2340 px Display with Water Drop Notch",64 MP Quad Rear & 20 MP Front Camera,"Memory Card Supported, upto 512 GB",Android v9.0 (Pie)
891,925,realme,Realme A1,8999,,"Dual Sim, 3G, 4G, VoLTE, Wi-Fi",False,False,False,"Helio P70, Octa Core, 2.1 GHz Processor",Helio P70,helio,Octa Core, 2.1 GHz Processor,"2 GB RAM, 16 GB inbuilt",4000 mAh Battery,"6.2 inches, 720 x 1520 px Display with Water Drop Notch",13 MP + 2 MP Dual Rear & 8 MP Front Camera,"Memory Card Supported, upto 256 GB",Android v8.1 (Oreo)
892,926,oppo,OPPO A73,15990,62.0,"Dual Sim, 3G, 4G, VoLTE, Wi-Fi",False,False,False,"Helio P23, Octa Core, 2.5 GHz Processor",Helio P23,helio,Octa Core, 2.5 GHz Processor,"3 GB RAM, 32 GB inbuilt",3200 mAh Battery,"6 inches, 1080 x 2160 px Display",13 MP Rear & 16 MP Front Camera,Memory Card Supported,Android v7.1 (Nougat)
893,928,lyf,Lyf Earth 2,3890,,"Dual Sim, 3G, 4G, VoLTE, Wi-Fi",False,False,False,"Snapdragon MSM8939, Octa Core, 1.5 GHz Processor",Snapdragon MSM8939,snapdragon,Octa Core, 1.5 GHz Processor,"3 GB RAM, 32 GB inbuilt",2500 mAh Battery,"5 inches, 1080 x 1920 px Display",13 MP Rear & 13 MP Front Camera,"Memory Card (Hybrid), upto 64 GB",Android v5.1.1 (Lollipop)
894,930,apple,Apple iPhone 15 Plus,84990,75.0,"Dual Sim, 3G, 4G, 5G, VoLTE, Vo5G, Wi-Fi, NFC",True,True,False,"Bionic A16, Hexa Core Processor",Bionic A16,bionic,Hexa Core,,"8 GB RAM, 128 GB inbuilt",4532 mAh Battery with Fast Charging,"6.71 inches, 1284 x 2778 px, 120 Hz Display with Small Notch",12 MP + 12 MP Dual Rear & 12 MP Front Camera,Memory Card Not Supported,iOS v16
895,931,vivo,Vivo Y55s 2023,21999,78.0,"Dual Sim, 3G, 4G, 5G, VoLTE, Wi-Fi, NFC",True,True,False,"Dimensity 700 5G, Octa Core, 2.2 GHz Processor",Dimensity 700 5G,dimensity,Octa Core, 2.2 GHz Processor,"4 GB RAM, 128 GB inbuilt",5000 mAh Battery with 18W Fast Charging,"6.58 inches, 1080 x 2408 px Display with Water Drop Notch",50 MP + 2 MP + 2 MP Triple Rear & 8 MP Front Camera,Memory Card Supported,Android v12
896,933,lava,Lava Blaze NXT,8999,66.0,"Dual Sim, 3G, 4G, VoLTE, Wi-Fi",False,False,False,"Helio G37, Octa Core, 2.3 GHz Processor",Helio G37,helio,Octa Core, 2.3 GHz Processor,"4 GB RAM, 64 GB inbuilt",5000 mAh Battery,"6.5 inches, 720 x 1600 px Display with Water Drop Notch",13 MP + 2 MP Triple Rear & 8 MP Front Camera,"Memory Card Supported, upto 256 GB",Android v12
897,935,tecno,Tecno Camon 20 Premier,20999,79.0,"Dual Sim, 3G, 4G, 5G, VoLTE, Wi-Fi, NFC",True,True,False,"Dimensity  700 5G, Octa Core, 2.2 GHz Processor",Dimensity  700 5G,dimensity,Octa Core, 2.2 GHz Processor,"6 GB RAM, 128 GB inbuilt",5000 mAh Battery with 33W Fast Charging,"6.83 inches, 1080 x 2460 px, 120 Hz Display with Punch Hole",50 MP + 2 MP + 2 MP Triple Rear & 16 MP Front Camera,Memory Card Not Supported,
898,936,oppo,OPPO Reno 8 House of Dragon Edition,32990,84.0,"Dual Sim, 3G, 4G, 5G, VoLTE, Wi-Fi, NFC",True,True,False,"Dimensity 1300, Octa Core, 3 GHz Processor",Dimensity 1300,dimensity,Octa Core, 3 GHz Processor,"8 GB RAM, 128 GB inbuilt",4500 mAh Battery with 80W Fast Charging,"6.43 inches, 1080 x 2400 px, 90 Hz Display with Punch Hole",50 MP + 8 MP + 2 MP Triple Rear & 32 MP Front Camera,Memory Card Not Supported,
899,937,motorola,Motorola Moto E22s,9022,70.0,"Dual Sim, 3G, 4G, VoLTE, Wi-Fi",False,False,False,"Helio G37, Octa Core, 2.3 GHz Processor",Helio G37,helio,Octa Core, 2.3 GHz Processor,"4 GB RAM, 64 GB inbuilt",5000 mAh Battery with 10W Fast Charging,"6.5 inches, 720 x 1600 px, 90 Hz Display with Punch Hole",16 MP + 2 MP Dual Rear & 8 MP Front Camera,Memory Card Supported,Android v12
900,938,xiaomi,Xiaomi Redmi A1 Plus (3GB RAM + 32GB),8399,61.0,"Dual Sim, 3G, 4G, VoLTE, Wi-Fi",False,False,False,"Helio A22, Quad Core, 2 GHz Processor",Helio A22,helio,Quad Core, 2 GHz Processor,"3 GB RAM, 32 GB inbuilt",5000 mAh Battery with 10W Fast Charging,"6.52 inches, 720 x 1600 px Display with Water Drop Notch",8 MP + 0.3 MP Dual Rear & 5 MP Front Camera,"Memory Card Supported, upto 512 GB",Android v12
901,939,infinix,Infinix Hot 20i,9999,64.0,"Dual Sim, 3G, 4G, VoLTE, Wi-Fi",False,False,False,"Helio G25, Octa Core, 2 GHz Processor",Helio G25,helio,Octa Core, 2 GHz Processor,"3 GB RAM, 64 GB inbuilt",5000 mAh Battery,"6.6 inches, 720 x 1612 px Display with Water Drop Notch",13 MP Dual Rear & 8 MP Front Camera,Memory Card Supported,Android v12
902,940,tecno,Tecno Spark 9 (3GB RAM + 64GB),8390,63.0,"Dual Sim, 3G, 4G, VoLTE, Wi-Fi",False,False,False,"Helio G37, Octa Core, 2.3 GHz Processor",Helio G37,helio,Octa Core, 2.3 GHz Processor,"3 GB RAM, 64 GB inbuilt",5000 mAh Battery,"6.6 inches, 720 x 1600 px, 90 Hz Display with Water Drop Notch",13 MP Dual Rear & 8 MP Front Camera,"Memory Card Supported, upto 256 GB",Android v12
903,941,zte,ZTE Axon 30S,19999,82.0,"Dual Sim, 3G, 4G, 5G, VoLTE, Wi-Fi, NFC",True,True,False,"Snapdragon 870 , Octa Core, 3.2 GHz Processor",Snapdragon 870,snapdragon,Octa Core, 3.2 GHz Processor,"6 GB RAM, 128 GB inbuilt",4200 mAh Battery with 55W Fast Charging,"6.9 inches, 1080 x 2460 px, 120 Hz Display",50 MP Quad Rear & 16 MP Front Camera,Memory Card (Hybrid),Android v12
904,942,honor,Honor X6,13999,71.0,"Dual Sim, 3G, 4G, VoLTE, Wi-Fi",False,False,False,"Helio G25, Octa Core, 2 GHz Processor",Helio G25,helio,Octa Core, 2 GHz Processor,"4 GB RAM, 64 GB inbuilt",5000 mAh Battery with 10W Fast Charging,"6.5 inches, 720 x 1600 px Display with Water Drop Notch",50 MP + 2 MP + 2 MP Triple Rear & 5 MP Front Camera,Memory Card (Hybrid),Android v12
905,943,xiaomi,Xiaomi Civi 2,29999,85.0,"Dual Sim, 3G, 4G, 5G, VoLTE, Wi-Fi, NFC, IR Blaster",True,True,True,"Snapdragon 7 Gen1, Octa Core, 2.4 GHz Processor",Snapdragon 7 Gen1,snapdragon,Octa Core, 2.4 GHz Processor,"8 GB RAM, 128 GB inbuilt",4500 mAh Battery with 67W Fast Charging,"6.55 inches, 1080 x 2400 px, 120 Hz Display with Punch Hole",50 MP + 20 MP + 2 MP Triple Rear & 32 MP + 32 MP Dual Front Camera,Memory Card Not Supported,
906,944,tcl,TCL Ion X,8990,60.0,"Dual Sim, 3G, 4G, VoLTE, Wi-Fi",False,False,False,"Helio G25, Octa Core, 2 GHz Processor",Helio G25,helio,Octa Core, 2 GHz Processor,"3 GB RAM, 32 GB inbuilt",3000 mAh Battery with 10W Fast Charging,"6 inches, 720 x 1440 px Display",13 MP Rear & 5 MP Front Camera,Memory Card (Hybrid),Android
907,945,samsung,Samsung Galaxy Z Fold 4 (12GB RAM + 1TB),163980,,"Dual Sim, 3G, 4G, 5G, VoLTE, Wi-Fi, NFC",True,True,False,"Snapdragon  8+ Gen1, Octa Core, 3.2 GHz Processor",Snapdragon  8+ Gen1,snapdragon,Octa Core, 3.2 GHz Processor,"12 GB RAM, 1 TB inbuilt",4400 mAh Battery with 25W Fast Charging,"7.6 inches, 1812 x 2176 px, 120 Hz Display with Punch Hole",50 MP + 12 MP + 10 MP Triple Rear & 10 MP + 4 MP Dual Front Camera,Memory Card Not Supported,Android v12
908,946,nothing,Nothing Phone 1 Lite,24990,80.0,"Dual Sim, 3G, 4G, 5G, VoLTE, Wi-Fi, NFC",True,True,False,"Snapdragon 778G Plus, Octa Core, 2.5 GHz Processor",Snapdragon 778G Plus,snapdragon,Octa Core, 2.5 GHz Processor,"6 GB RAM, 128 GB inbuilt",5000 mAh Battery with 33W Fast Charging,"6.55 inches, 1080 x 2400 px, 120 Hz Display with Punch Hole",50 MP + 12 MP Dual Rear & 16 MP Front Camera,Memory Card Not Supported,
909,947,motorola,Motorola Moto Edge X30 Pro,59990,,"Dual Sim, 3G, 4G, 5G, VoLTE, Wi-Fi, NFC",True,True,False,"Snapdragon 8+ Gen1, Octa Core, 3.2 GHz Processor",Snapdragon 8+ Gen1,snapdragon,Octa Core, 3.2 GHz Processor,"8 GB RAM, 128 GB inbuilt",4450 mAh Battery with 125W Fast Charging,"6.67 inches, 1080 x 2340 px, 144 Hz Display with Punch Hole",200 MP + 50 MP + 12 MP Triple Rear & 60 MP Front Camera,Memory Card Not Supported,
910,948,oneplus,OnePlus Ace Pro,47990,86.0,"Dual Sim, 3G, 4G, 5G, VoLTE, Wi-Fi, NFC",True,True,False,"Snapdragon 8+ Gen1, Octa Core, 3.2 GHz Processor",Snapdragon 8+ Gen1,snapdragon,Octa Core, 3.2 GHz Processor,"12 GB RAM, 256 GB inbuilt",4800 mAh Battery with 150W Fast Charging,"6.7 inches, 1080 x 2412 px, 120 Hz Display with Punch Hole",50 MP + 8 MP + 2 MP Triple Rear & 16 MP Front Camera,Memory Card Not Supported,
911,949,realme,Realme GT 2 Explorer Master Edition,40990,86.0,"Dual Sim, 3G, 4G, 5G, VoLTE, Wi-Fi, NFC",True,True,False,"Snapdragon 8+ Gen1, Octa Core, 3.2 GHz Processor",Snapdragon 8+ Gen1,snapdragon,Octa Core, 3.2 GHz Processor,"8 GB RAM, 128 GB inbuilt",5000 mAh Battery with 100W Fast Charging,"6.7 inches, 1080 x 2412 px, 120 Hz Display with Punch Hole",50 MP + 50 MP Triple Rear & 16 MP Front Camera,Memory Card Not Supported,
912,950,samsung,Samsung Galaxy M35,22999,74.0,"Dual Sim, 3G, 4G, VoLTE, Wi-Fi, NFC",False,True,False,Octa Core Processor,,octa,Octa Core,,"8 GB RAM, 128 GB inbuilt",6000 mAh Battery with Fast Charging,"6.5 inches, 1080 x 2400 px Display with Water Drop Notch",64 MP + 8 MP + 5 MP Triple Rear & 32 MP Front Camera,"Memory Card Supported, upto 1 TB",Android v12
913,951,samsung,Samsung Galaxy A05,12990,63.0,"Dual Sim, 3G, 4G, VoLTE, Wi-Fi",False,False,False,Octa Core Processor,,octa,Octa Core,,"4 GB RAM, 64 GB inbuilt",5000 mAh Battery with 18W Fast Charging,"6.5 inches, 720 x 1560 px Display with Water Drop Notch",48 MP + 2 MP Dual Rear & 5 MP Front Camera,"Memory Card Supported, upto 1 TB",Android v12
914,952,infinix,Infinix Note 12 Turbo,14999,79.0,"Dual Sim, 3G, 4G, VoLTE, Wi-Fi",False,False,False,"Helio G96, Octa Core, 2 GHz Processor",Helio G96,helio,Octa Core, 2 GHz Processor,"8 GB RAM, 128 GB inbuilt",5000 mAh Battery with 33W Fast Charging,"6.7 inches, 2400 x 1080 px Display with Punch Hole",50 MP + 2 MP Triple Rear & 16 MP Front Camera,"Memory Card Supported, upto 512 GB",Android v12
915,953,poco,POCO F5 GT 5G,42999,86.0,"Dual Sim, 3G, 4G, 5G, VoLTE, Wi-Fi, NFC, IR Blaster",True,True,True,"Dimensity 1300, Octa Core, 3 GHz Processor",Dimensity 1300,dimensity,Octa Core, 3 GHz Processor,"8 GB RAM, 128 GB inbuilt",4500 mAh Battery with 150W Fast Charging,"6.67 inches, 1080 x 2412 px, 120 Hz Display with Punch Hole",64 MP + 8 MP + 2 MP Triple Rear & 20 MP Front Camera,Memory Card Not Supported,Android v12
916,954,iqoo,iQOO Z8 5G,14999,78.0,"Dual Sim, 3G, 4G, 5G, VoLTE, Wi-Fi",True,False,False,"Snapdragon  695 , Octa Core, 2.2 GHz Processor",Snapdragon  695,snapdragon,Octa Core, 2.2 GHz Processor,"4 GB RAM, 128 GB inbuilt",5000 mAh Battery with 18W Fast Charging,"6.58 inches, 1080 x 2412 px, 120 Hz Display with Water Drop Notch",50 MP + 2 MP + 2 MP Triple Rear & 16 MP Front Camera,"Memory Card (Hybrid), upto 1 TB",Android v12
917,955,vivo,Vivo Y55 4G,22990,83.0,"Dual Sim, 3G, 4G, VoLTE, Wi-Fi",False,False,False,"Snapdragon  680, Octa Core, 2.4 GHz Processor",Snapdragon  680,snapdragon,Octa Core, 2.4 GHz Processor,"8 GB RAM, 128 GB inbuilt",5000 mAh Battery with 44W Fast Charging,"6.44 inches, 1080 x 2400 px, 120 Hz Display with Water Drop Notch",50 MP + 2 MP + 2 MP Triple Rear & 16 MP Front Camera,"Memory Card (Hybrid), upto 1 TB",Android v12
918,956,vivo,Vivo X Fold 5G (12GB RAM + 512GB),118990,,"Dual Sim, 3G, 4G, 5G, VoLTE, Wi-Fi, NFC",True,True,False,"Snapdragon 8 Gen1, Octa Core, 3 GHz Processor",Snapdragon 8 Gen1,snapdragon,Octa Core, 3 GHz Processor,"12 GB RAM, 512 GB inbuilt",4600 mAh Battery with 66W Fast Charging,"8.03 inches, 1916 x 2160 px, 120 Hz Display",50 MP Quad Rear & 16 MP Front Camera,Memory Card Not Supported,Android v12
919,957,oppo,Oppo K10 Pro 5G,29990,81.0,"Dual Sim, 3G, 4G, 5G, VoLTE, Wi-Fi",True,False,False,"Snapdragon 888, Octa Core, 2.84 GHz Processor",Snapdragon 888,snapdragon,Octa Core, 2.84 GHz Processor,"8 GB RAM, 128 GB inbuilt",5000 mAh Battery with 80W Fast Charging,"6.62 inches, 1080 x 2400 px, 120 Hz Display with Punch Hole",50 MP + 8 MP + 2 MP Triple Rear & 16 MP Front Camera,Memory Card Not Supported,Android v12
920,958,tecno,Tecno Spark 8C,7399,62.0,"Dual Sim, 3G, 4G, VoLTE, Wi-Fi",False,False,False,"Unisoc  T606, Octa Core, 2 GHz Processor",Unisoc  T606,unisoc,Octa Core, 2 GHz Processor,"3 GB RAM, 64 GB inbuilt",5000 mAh Battery,"6.6 inches, 720 x 1612 px, 90 Hz Display with Water Drop Notch",13 MP Dual Rear & 8 MP Front Camera,"Memory Card Supported, upto 256 GB",Android v11
921,959,iqoo,iQOO Z7 5G,17999,80.0,"Dual Sim, 3G, 4G, 5G, VoLTE, Wi-Fi",True,False,False,"Snapdragon  695, Octa Core, 2.2 GHz Processor",Snapdragon  695,snapdragon,Octa Core, 2.2 GHz Processor,"8 GB RAM, 128 GB inbuilt",4200 mAh Battery with 55W Fast Charging,"6.67 inches, 1080 x 2400 px, 120 Hz Display with Punch Hole",50 MP + 8 MP + 2 MP Triple Rear & 16 MP Front Camera,Memory Card Not Supported,Android v12
922,960,infinix,Infinix Note 11 (6GB RAM + 128GB),12799,77.0,"Dual Sim, 3G, 4G, VoLTE, Wi-Fi",False,False,False,"Helio G88, Octa Core, 2 GHz Processor",Helio G88,helio,Octa Core, 2 GHz Processor,"6 GB RAM, 128 GB inbuilt",5000 mAh Battery with 33W Fast Charging,"6.7 inches, 1080 x 2400 px Display with Water Drop Notch",50 MP + 2 MP Triple Rear & 16 MP Front Camera,Memory Card Supported,Android v11
923,961,xiaomi,Xiaomi 11i HyperCharge 5G (8GB RAM + 128GB),26999,86.0,"Dual Sim, 3G, 4G, 5G, VoLTE, Wi-Fi, IR Blaster",True,False,True,"Dimensity  920 5G, Octa Core, 2.5 GHz Processor",Dimensity  920 5G,dimensity,Octa Core, 2.5 GHz Processor,"8 GB RAM, 128 GB inbuilt",4500 mAh Battery with 120W Fast Charging,"6.67 inches, 2400 x 1080 px, 120 Hz Display with Punch Hole",108 MP + 8 MP + 2 MP Triple Rear & 16 MP Front Camera,"Memory Card (Hybrid), upto 1 TB",Android v11
924,962,samsung,Samsung Galaxy F42 5G (8GB RAM + 128GB),22999,82.0,"Dual Sim, 3G, 4G, 5G, VoLTE, Wi-Fi",True,False,False,"Dimensity 700 5G, Octa Core, 2.2 GHz Processor",Dimensity 700 5G,dimensity,Octa Core, 2.2 GHz Processor,"8 GB RAM, 128 GB inbuilt",5000 mAh Battery with 15W Fast Charging,"6.6 inches, 1080 x 2408 px, 90 Hz Display with Water Drop Notch",64 MP + 5 MP + 2 MP Triple Rear & 8 MP Front Camera,"Memory Card Supported, upto 1 TB",Android v11
925,963,apple,Apple iPhone 13 Pro (1TB),147900,84.0,"Dual Sim, 3G, 4G, 5G, VoLTE, Wi-Fi, NFC",True,True,False,"Bionic A15, Hexa Core, 3.22 GHz Processor",Bionic A15,bionic,Hexa Core, 3.22 GHz Processor,"6 GB RAM, 1 TB inbuilt",3095 mAh Battery with Fast Charging,"6.1 inches, 1170 x 2532 px, 120 Hz Display with Large Notch",12 MP + 12 MP + 12 MP Triple Rear & 12 MP Front Camera,Memory Card Not Supported,iOS v15.0
926,964,nubia,Nubia Red Magic 6S 5G,44999,84.0,"Dual Sim, 3G, 4G, 5G, VoLTE, Wi-Fi, NFC",True,True,False,"Snapdragon 888+, Octa Core, 2.9 GHz Processor",Snapdragon 888+,snapdragon,Octa Core, 2.9 GHz Processor,"8 GB RAM, 128 GB inbuilt",5050 mAh Battery with 30W Fast Charging,"6.8 inches, 1080 x 2400 px, 165 Hz Display",64 MP + 8 MP + 2 MP Triple Rear & 8 MP Front Camera,Memory Card Not Supported,
927,965,micromax,Micromax IN 2B (6GB RAM + 64GB),7790,68.0,"Dual Sim, 3G, 4G, VoLTE, Wi-Fi",False,False,False,"Unisoc  T610, Octa Core, 1.8 GHz Processor",Unisoc  T610,unisoc,Octa Core, 1.8 GHz Processor,"6 GB RAM, 64 GB inbuilt",5000 mAh Battery,"6.52 inches, 720 x 1600 px Display with Water Drop Notch",13 MP + 2 MP Dual Rear & 5 MP Front Camera,"Memory Card Supported, upto 256 GB",Android v11
928,966,nokia,Nokia X60 5G,39990,87.0,"Dual Sim, 3G, 4G, 5G, VoLTE, Wi-Fi",True,False,False,"Snapdragon  870, Octa Core, 3.2 GHz Processor",Snapdragon  870,snapdragon,Octa Core, 3.2 GHz Processor,"6 GB RAM, 128 GB inbuilt",6000 mAh Battery with 33W Fast Charging,"6.51 inches, 1080 x 2400 px, 144 Hz Display with Punch Hole",200 MP Quad Rear & 16 MP Front Camera,Memory Card Supported,Harmony v2.0
929,967,vivo,Vivo Y12a,9999,65.0,"Dual Sim, 3G, 4G, VoLTE, Wi-Fi",False,False,False,"Snapdragon  439 , Octa Core, 2 GHz Processor",Snapdragon  439,snapdragon,Octa Core, 2 GHz Processor,"3 GB RAM, 32 GB inbuilt",5000 mAh Battery,"6.51 inches, 720 x 1600 px Display with Water Drop Notch",13 MP + 2 MP Dual Rear & 8 MP Front Camera,Memory Card Supported,Android v11
930,968,oppo,Oppo Reno 5A,22990,80.0,"Dual Sim, 3G, 4G, 5G, VoLTE, Wi-Fi",True,False,False,"Snapdragon 765G, Octa Core, 2.4 GHz Processor",Snapdragon 765G,snapdragon,Octa Core, 2.4 GHz Processor,"6 GB RAM, 128 GB inbuilt",4000 mAh Battery with 18W Fast Charging,"6.5 inches, 1080 x 2400 px, 90 Hz Display with Punch Hole",64 MP Quad Rear & 16 MP Front Camera,"Memory Card Supported, upto 1 TB",Android v11
931,969,poco,Poco F3 GT,32999,79.0,"Dual Sim, 3G, 4G, 5G, VoLTE, Wi-Fi, IR Blaster",True,False,True,"Dimensity 1200, Octa Core, 3 GHz Processor",Dimensity 1200,dimensity,Octa Core, 3 GHz Processor,"6 GB RAM, 128 GB inbuilt",5065 mAh Battery with 67W Fast Charging,"6.67 inches, 1080 x 2400 px, 120 Hz Display with Punch Hole",64 MP + 8 MP + 2 MP Triple Rear & 16 MP Front Camera,Memory Card Not Supported,
932,970,honor,Honor 50,32990,85.0,"Dual Sim, 3G, 4G, 5G, VoLTE, Wi-Fi, NFC",True,True,False,"Snapdragon 778G, Octa Core, 2.4 GHz Processor",Snapdragon 778G,snapdragon,Octa Core, 2.4 GHz Processor,"6 GB RAM, 128 GB inbuilt",4300 mAh Battery with 66W Fast Charging,"6.57 inches, 1080 x 2340 px, 120 Hz Display with Punch Hole",108 MP Quad Rear & 32 MP Front Camera,Memory Card Not Supported,Android v11
933,971,oppo,OPPO A54 (6GB RAM + 128GB),14999,74.0,"Dual Sim, 3G, 4G, VoLTE, Wi-Fi",False,False,False,"Helio P35, Octa Core, 2.3 GHz Processor",Helio P35,helio,Octa Core, 2.3 GHz Processor,"6 GB RAM, 128 GB inbuilt",5000 mAh Battery with Fast Charging,"6.51 inches, 1600 x 720 px Display with Punch Hole",13 MP + 2 MP + 2 MP Triple Rear & 16 MP Front Camera,"Memory Card Supported, upto 256 GB",Android v10
934,972,realme,Realme 8i,12499,74.0,"Dual Sim, 3G, 4G, VoLTE, Wi-Fi",False,False,False,"Helio G96, Octa Core, 2.05 GHz Processor",Helio G96,helio,Octa Core, 2.05 GHz Processor,"4 GB RAM, 64 GB inbuilt",5000 mAh Battery with 18W Fast Charging,"6.6 inches, 1080 x 2412 px, 120 Hz Display with Punch Hole",50 MP + 2 MP + 2 MP Triple Rear & 16 MP Front Camera,"Memory Card Supported, upto 256 GB",Android v11
935,973,iqoo,iQOO 7 Legend,39990,84.0,"Dual Sim, 3G, 4G, 5G, VoLTE, Wi-Fi, NFC",True,True,False,"Snapdragon  888 , Octa Core, 2.84 GHz Processor",Snapdragon  888,snapdragon,Octa Core, 2.84 GHz Processor,"8 GB RAM, 128 GB inbuilt",4000 mAh Battery with 66W Fast Charging,"6.62 inches, 1080 x 2400 px, 120 Hz Display with Punch Hole",48 MP + 13 MP + 13 MP Triple Rear & 16 MP Front Camera,Memory Card Not Supported,
936,974,realme,Realme C11 2021,6499,61.0,"Dual Sim, 3G, 4G, VoLTE, Wi-Fi",False,False,False,"SC9863A, Octa Core, 1.6 GHz Processor",SC9863A,sc9863a,Octa Core, 1.6 GHz Processor,"2 GB RAM, 32 GB inbuilt",5000 mAh Battery,"6.52 inches, 720 x 1600 px Display with Water Drop Notch",8 MP Rear & 5 MP Front Camera,Memory Card Supported,Android v11
937,975,samsung,Samsung Galaxy A22,18499,76.0,"Dual Sim, 3G, 4G, VoLTE, Wi-Fi",False,False,False,"Helio G80, Octa Core, 2 GHz Processor",Helio G80,helio,Octa Core, 2 GHz Processor,"6 GB RAM, 128 GB inbuilt",5000 mAh Battery with 15W Fast Charging,"6.4 inches, 720 x 1600 px Display with Water Drop Notch",48 MP Quad Rear & 13 MP Front Camera,"Memory Card Supported, upto 1 TB",Android v11
938,976,realme,Realme GT 5G,30994,85.0,"Dual Sim, 3G, 4G, 5G, VoLTE, Wi-Fi, NFC",True,True,False,"Snapdragon  888 , Octa Core, 2.84 GHz Processor",Snapdragon  888,snapdragon,Octa Core, 2.84 GHz Processor,"8 GB RAM, 128 GB inbuilt",4500 mAh Battery with 65W Fast Charging,"6.43 inches, 1080 x 2400 px, 120 Hz Display with Punch Hole",64 MP + 8 MP + 2 MP Triple Rear & 16 MP Front Camera,Memory Card Not Supported,
939,977,google,Google Pixel 5A,32999,78.0,"Single Sim, 3G, 4G, 5G, VoLTE, Wi-Fi, NFC",True,True,False,"Snapdragon 765G, Octa Core, 2.4 GHz Processor",Snapdragon 765G,snapdragon,Octa Core, 2.4 GHz Processor,"6 GB RAM, 128 GB inbuilt",4620 mAh Battery with 18W Fast Charging,"6.34 inches, 1080 x 2400 px Display with Punch Hole",16 MP + 12.2 MP Dual Rear & 8 MP Front Camera,Memory Card Not Supported,
940,978,samsung,Samsung Galaxy F12,10499,73.0,"Dual Sim, 3G, 4G, VoLTE, Wi-Fi",False,False,False,"Exynos 850, Octa Core, 2 GHz Processor",Exynos 850,exynos,Octa Core, 2 GHz Processor,"4 GB RAM, 64 GB inbuilt",6000 mAh Battery with 15W Fast Charging,"6.5 inches, 720 x 1600 px, 90 Hz Display with Water Drop Notch",48 MP Quad Rear & 8 MP Front Camera,"Memory Card Supported, upto 512 GB",Android v11
941,979,samsung,Samsung Galaxy F41 (6GB RAM + 128GB),19999,82.0,"Dual Sim, 3G, 4G, VoLTE, Wi-Fi",False,False,False,"Exynos 9611, Octa Core, 2.3 GHz Processor",Exynos 9611,exynos,Octa Core, 2.3 GHz Processor,"6 GB RAM, 128 GB inbuilt",6000 mAh Battery with 15W Fast Charging,"6.4 inches, 1080 x 2340 px Display with Water Drop Notch",64 MP + 8 MP + 5 MP Triple Rear & 32 MP Front Camera,"Memory Card Supported, upto 512 GB",Android v10.0
942,980,samsung,Samsung Galaxy A21s (6GB RAM + 128GB),17499,75.0,"Dual Sim, 3G, 4G, VoLTE, Wi-Fi",False,False,False,"Exynos 850, Octa Core, 2 GHz Processor",Exynos 850,exynos,Octa Core, 2 GHz Processor,"6 GB RAM, 128 GB inbuilt",5000 mAh Battery,"6.5 inches, 720 x 1600 px Display with Punch Hole",48 MP Quad Rear & 13 MP Front Camera,"Memory Card Supported, upto 512 GB",Android v10
943,981,xiaomi,Xiaomi Redmi 9A (6GB RAM + 128GB),10990,69.0,"Dual Sim, 3G, 4G, VoLTE, Wi-Fi",False,False,False,"Helio G25, Octa Core, 2 GHz Processor",Helio G25,helio,Octa Core, 2 GHz Processor,"6 GB RAM, 128 GB inbuilt",5000 mAh Battery,"6.53 inches, 720 x 1600 px Display with Water Drop Notch",13 MP Rear & 5 MP Front Camera,"Memory Card Supported, upto 512 GB",Android v10
944,982,vivo,Vivo V20 SE,19000,82.0,"Dual Sim, 3G, 4G, VoLTE, Wi-Fi",False,False,False,"Snapdragon  665, Octa Core, 2 GHz Processor",Snapdragon  665,snapdragon,Octa Core, 2 GHz Processor,"8 GB RAM, 128 GB inbuilt",4100 mAh Battery with 33W Fast Charging,"6.44 inches, 1080 x 2400 px Display with Water Drop Notch",48 MP + 8 MP + 2 MP Triple Rear & 32 MP Front Camera,Memory Card Supported,Android v10.0
945,983,oppo,OPPO A53 2020 (6GB RAM + 128GB),13990,70.0,"Dual Sim, 3G, 4G, VoLTE, Wi-Fi",False,False,False,"Snapdragon 460, Octa Core, 1.8 GHz Processor",Snapdragon 460,snapdragon,Octa Core, 1.8 GHz Processor,"6 GB RAM, 128 GB inbuilt",5000 mAh Battery with 18W Fast Charging,"6.5 inches, 1600 x 720 px, 90 Hz Display with Punch Hole",13 MP + 2 MP + 2 MP Triple Rear & 16 MP Front Camera,"Memory Card Supported, upto 256 GB",Android v10
946,984,realme,Realme Narzo 20,10499,72.0,"Dual Sim, 3G, 4G, VoLTE, Wi-Fi",False,False,False,"Helio G85 , Octa Core, 2 GHz Processor",Helio G85,helio,Octa Core, 2 GHz Processor,"4 GB RAM, 64 GB inbuilt",6000 mAh Battery with 18W Fast Charging,"6.5 inches, 720 x 1600 px Display with Water Drop Notch",48 MP + 8 MP + 2 MP Triple Rear & 8 MP Front Camera,"Memory Card Supported, upto 256 GB",Android v10
947,985,itel,itel Vision 1 (3GB RAM + 32GB),5890,,"Dual Sim, 3G, 4G, VoLTE, Wi-Fi",False,False,False,"Unisoc  A55, Octa Core, 1.6 GHz Processor",Unisoc  A55,unisoc,Octa Core, 1.6 GHz Processor,"3 GB RAM, 32 GB inbuilt",4000 mAh Battery,"6.09 inches, 1520 x 720 px Display with Water Drop Notch",8 MP + 0.3 MP Dual Rear & 5 MP Front Camera,"Memory Card Supported, upto 128 GB",Android v9 (Pie)
948,986,realme,Realme C11,6490,61.0,"Dual Sim, 3G, 4G, VoLTE, Wi-Fi",False,False,False,"Helio G35, Octa Core, 2.3 GHz Processor",Helio G35,helio,Octa Core, 2.3 GHz Processor,"2 GB RAM, 32 GB inbuilt",5000 mAh Battery,"6.5 inches, 720 x 1600 px Display with Water Drop Notch",13 MP + 2 MP Dual Rear & 5 MP Front Camera,"Memory Card Supported, upto 256 GB",Android v10
949,987,xiaomi,Xiaomi Mi 10 5G (8GB RAM + 256GB),54999,88.0,"Dual Sim, 3G, 4G, 5G, VoLTE, Wi-Fi, NFC, IR Blaster",True,True,True,"Snapdragon  865 , Octa Core, 2.84 GHz Processor",Snapdragon  865,snapdragon,Octa Core, 2.84 GHz Processor,"8 GB RAM, 256 GB inbuilt",4780 mAh Battery with 30W Fast Charging,"6.67 inches, 1080 x 2340 px, 90 Hz Display with Punch Hole",108 MP Quad Rear & 20 MP Front Camera,Memory Card Not Supported,Android v10.0
950,988,vivo,Vivo Y21 (2020),9990,65.0,"Dual Sim, 3G, 4G, VoLTE, Wi-Fi",False,False,False,"Snapdragon 450, Octa Core, 1.8 GHz Processor",Snapdragon 450,snapdragon,Octa Core, 1.8 GHz Processor,"4 GB RAM, 64 GB inbuilt",5000 mAh Battery,"6.5 inches, 720 x 1544 px Display with Water Drop Notch",13 MP + 2 MP Dual Rear & 13 MP Front Camera,"Memory Card Supported, upto 256 GB",Android v10
951,989,oneplus,OnePlus Z,24999,79.0,"Dual Sim, 3G, 4G, VoLTE, Wi-Fi",False,False,False,"Snapdragon 765G, Octa Core, 2.4 GHz Processor",Snapdragon 765G,snapdragon,Octa Core, 2.4 GHz Processor,"8 GB RAM, 128 GB inbuilt",4300 mAh Battery with 30W Fast Charging,"6.55 inches, 1080 x 2400 px, 90 Hz Display with Punch Hole",64 MP + 16 MP + 2 MP Triple Rear & 16 MP Front Camera,Memory Card Not Supported,Android v10
952,991,sharp,Sharp Aquos R5G,59990,88.0,"Dual Sim, 3G, 4G, VoLTE, Wi-Fi, NFC",False,True,False,"Snapdragon 865, Octa Core, 2.84 GHz Processor",Snapdragon 865,snapdragon,Octa Core, 2.84 GHz Processor,"12 GB RAM, 256 GB inbuilt",3730 mAh Battery with Fast Charging,"6.5 inches, 1440 x 3168 px Display with Water Drop Notch",48 MP + 12.2 MP + 12.2 MP Triple Rear & 16 MP Front Camera,"Memory Card (Hybrid), upto 1 TB",Android v10
953,992,huawei,Huawei Mate 30 RS Porsche Design,214990,,"Dual Sim, 3G, 4G, 5G, VoLTE, Wi-Fi, NFC, IR Blaster",True,True,True,"Kirin  990, Octa Core, 2.86 GHz Processor",Kirin  990,kirin,Octa Core, 2.86 GHz Processor,"12 GB RAM, 512 GB inbuilt",4500 mAh Battery with Fast Charging,"6.53 inches, 1176 x 2400 px Display with Large Notch",40 MP Quad Rear & 32 MP Dual Front Camera,"Memory Card (Hybrid), upto 256 GB",Android v10
954,993,samsung,Samsung Galaxy A11,9990,63.0,"Dual Sim, 3G, 4G, VoLTE, Wi-Fi",False,False,False,"Octa Core, 1.8 GHz Processor",,octa,Octa Core, 1.8 GHz Processor,"2 GB RAM, 32 GB inbuilt",4000 mAh Battery with 15W Fast Charging,"6.4 inches, 720 x 1560 px Display with Punch Hole",13 MP + 5 MP + 2 MP Triple Rear & 8 MP Front Camera,"Memory Card Supported, upto 512 GB",Android v10
955,994,realme,Realme C2,6999,,"Dual Sim, 3G, 4G, VoLTE, Wi-Fi",False,False,False,"Helio P22, Octa Core, 2 GHz Processor",Helio P22,helio,Octa Core, 2 GHz Processor,"2 GB RAM, 16 GB inbuilt",4000 mAh Battery,"6.1 inches, 1560 x 720 px Display with Water Drop Notch",13 MP + 2 MP Dual Rear & 5 MP Front Camera,"Memory Card Supported, upto 256 GB",Android v9.0 (Pie)
956,995,huawei,Huawei Mate X,169000,,"Dual Sim, 3G, 4G, 5G, VoLTE, Wi-Fi, NFC, IR Blaster",True,True,True,"Kirin  990, Octa Core, 2.86 GHz Processor",Kirin  990,kirin,Octa Core, 2.86 GHz Processor,"8 GB RAM, 512 GB inbuilt",4500 mAh Battery with 55W Fast Charging,"8 inches, 2200 x 2480 px Display",48 MP Quad Rear Camera,Memory Card Not Supported,"Memory Card (Hybrid), upto 256 GB"
957,996,samsung,Samsung Galaxy A9 Pro (2019),39990,78.0,"Dual Sim, 3G, 4G, VoLTE, Wi-Fi, NFC",False,True,False,"Snapdragon 710, Octa Core, 2.2 GHz Processor",Snapdragon 710,snapdragon,Octa Core, 2.2 GHz Processor,"6 GB RAM, 128 GB inbuilt",3400 mAh Battery with Fast Charging,"6.4 inches, 1080 x 2340 px Display with Punch Hole",24 MP + 10 MP + 5 MP Triple Rear & 24 MP Front Camera,"Memory Card Supported, upto 512 GB",Android v9.0 (Pie)
958,997,samsung,Samsung Galaxy A7 (2018),21490,70.0,"Dual Sim, 3G, 4G, VoLTE, Wi-Fi",False,False,False,"Exynos 7885, Octa Core, 2.2 GHz Processor",Exynos 7885,exynos,Octa Core, 2.2 GHz Processor,"4 GB RAM, 64 GB inbuilt",3300 mAh Battery,"6 inches, 2220 x 1080 px Display",24 MP + 8 MP + 5 MP Triple Rear & 24 MP Front Camera,"Memory Card Supported, upto 512 GB",Android v8.0 (Oreo)
959,998,vivo,Vivo Y55S,13490,,"Dual Sim, 3G, 4G, VoLTE, Wi-Fi",False,False,False,"Snapdragon 425, Quad Core, 1.2 GHz Processor",Snapdragon 425,snapdragon,Quad Core, 1.2 GHz Processor,"3 GB RAM, 16 GB inbuilt",2730 mAh Battery,"5.2 inches, 720 x 1280 px Display",13 MP Rear & 5 MP Front Camera,Memory Card Supported,Android v6.0 (Marshmallow)
960,999,poco,Poco C55,7999,70.0,"Dual Sim, 3G, 4G, VoLTE, Wi-Fi",False,False,False,"Helio  G85, Octa Core, 2 GHz Processor",Helio  G85,helio,Octa Core, 2 GHz Processor,"4 GB RAM, 64 GB inbuilt",5000 mAh Battery,"6.71 inches, 720 x 1650 px Display with Water Drop Notch",50 MP + Depth Sensor Dual Rear & 5 MP Front Camera,"Memory Card Supported, upto 512 GB",Android v12
961,1000,blackview,Blackview BV5200 Pro,8990,67.0,"Dual Sim, 3G, 4G, 5G, VoLTE, Wi-Fi, NFC",True,True,False,"Helio G35, Octa Core, 2.3 GHz Processor",Helio G35,helio,Octa Core, 2.3 GHz Processor,"4 GB RAM, 64 GB inbuilt",5180 mAh Battery with 10W Fast Charging,"6.1 inches, 720 x 1560 px Display with Punch Hole",13 MP Dual Rear & 8 MP Front Camera,Memory Card Supported,Android v12
962,1001,honor,Honor X7a,13999,75.0,"Dual Sim, 3G, 4G, VoLTE, Wi-Fi",False,False,False,"Helio G37, Octa Core, 2.3 GHz Processor",Helio G37,helio,Octa Core, 2.3 GHz Processor,"6 GB RAM, 128 GB inbuilt",5000 mAh Battery with 22.5W Fast Charging,"6.75 inches, 720 x 1600 px, 90 Hz Display with Water Drop Notch",50 MP Quad Rear & 8 MP Front Camera,Memory Card Supported,Android v12
963,1003,oppo,OPPO A58x,13990,72.0,"Dual Sim, 3G, 4G, 5G, VoLTE, Wi-Fi",True,False,False,"Dimensity 700 5G, Octa Core, 2.2 GHz Processor",Dimensity 700 5G,dimensity,Octa Core, 2.2 GHz Processor,"6 GB RAM, 128 GB inbuilt",5000 mAh Battery with 10W Fast Charging,"6.56 inches, 720 x 1612 px, 90 Hz Display with Water Drop Notch",13 MP + 2 MP Dual Rear & 8 MP Front Camera,"Memory Card Supported, upto 1 TB",Android v12
964,1004,doogee,Doogee S99,14999,84.0,"Dual Sim, 3G, 4G, VoLTE, Wi-Fi, NFC",False,True,False,"Helio G96, Octa Core, 2.05 GHz Processor",Helio G96,helio,Octa Core, 2.05 GHz Processor,"8 GB RAM, 128 GB inbuilt",6000 mAh Battery with 33W Fast Charging,"6.3 inches, 1080 x 2340 px Display with Water Drop Notch",108 MP + 64 MP + 16 MP Triple Rear & 32 MP Front Camera,"Memory Card Supported, upto 1 TB",Android v12
965,1005,lava,Lava X3,6999,,"Dual Sim, 3G, 4G, VoLTE, Wi-Fi",False,False,False,"Helio A22, Quad Core, 2 GHz Processor",Helio A22,helio,Quad Core, 2 GHz Processor,"3 GB RAM, 32 GB inbuilt",4000 mAh Battery,"6.5 inches, 1600 x 720 px Display with Water Drop Notch",8 MP Dual Rear & 5 MP Front Camera,"Memory Card (Hybrid), upto 512 GB",Android v12
966,1006,motorola,Motorola Edge 40 Fusion,42990,87.0,"Dual Sim, 3G, 4G, 5G, VoLTE, Wi-Fi, NFC",True,True,False,"Snapdragon 8+ Gen1, Octa Core, 3.2 GHz Processor",Snapdragon 8+ Gen1,snapdragon,Octa Core, 3.2 GHz Processor,"8 GB RAM, 128 GB inbuilt",4500 mAh Battery with 68W Fast Charging,"6.67 inches, 1080 x 2400 px, 144 Hz Display with Punch Hole",50 MP + 13 MP + 2 MP Triple Rear & 32 MP Front Camera,Memory Card Not Supported,Android v13
967,1007,ikall,iKall Z18,6799,61.0,"Dual Sim, 3G, 4G, VoLTE, Wi-Fi",False,False,False,"Quad Core, 1.3 GHz Processor",,quad,Quad Core, 1.3 GHz Processor,"4 GB RAM, 64 GB inbuilt",5000 mAh Battery,"6.82 inches, 720 x 1560 px Display with Punch Hole",20 MP Rear & 13 MP Front Camera,"Memory Card (Hybrid), upto 64 GB",Android v10.0
968,1008,oukitel,Oukitel WP9,25899,72.0,"Dual Sim, 3G, 4G, Wi-Fi, NFC",False,True,False,"Helio P60, Octa Core, 2 GHz Processor",Helio P60,helio,Octa Core, 2 GHz Processor,"6 GB RAM, 128 GB inbuilt",8000 mAh Battery,"5.86 inches, 720 x 1520 px Display with Large Notch",16 MP + 13 MP + 13 MP Triple Rear & 8 MP Front Camera,Memory Card Supported,Android v10
969,1009,xiaomi,Xiaomi 14,54999,89.0,"Dual Sim, 3G, 4G, 5G, VoLTE, Vo5G, Wi-Fi, NFC, IR Blaster",True,True,True,"Snapdragon 8 Gen2, Octa Core, 3.2 GHz Processor",Snapdragon 8 Gen2,snapdragon,Octa Core, 3.2 GHz Processor,"12 GB RAM, 256 GB inbuilt",5000 mAh Battery with 67W Fast Charging,"6.43 inches, 1440 x 3200 px, 120 Hz Display with Punch Hole",50 MP + 50 MP + 50 MP Triple Rear & 32 MP Front Camera,Memory Card Not Supported,
970,1010,motorola,Motorola ThinkPhone,49990,89.0,"Dual Sim, 3G, 4G, 5G, VoLTE, Vo5G, Wi-Fi, NFC",True,True,False,"Snapdragon 8+ Gen1, Octa Core, 3.2 GHz Processor",Snapdragon 8+ Gen1,snapdragon,Octa Core, 3.2 GHz Processor,"8 GB RAM, 128 GB inbuilt",5000 mAh Battery with 68W Fast Charging,"6.6 inches, 1080 x 2400 px, 144 Hz Display",50 MP + 13 MP + 2 MP Triple Rear & 32 MP + 16 MP Dual Front Camera,Memory Card Not Supported,
971,1011,xiaomi,Xiaomi Civi 3,32990,86.0,"Dual Sim, 3G, 4G, 5G, VoLTE, Wi-Fi, NFC, IR Blaster",True,True,True,"Dimensity 8200, Octa Core, 3.1 GHz Processor",Dimensity 8200,dimensity,Octa Core, 3.1 GHz Processor,"8 GB RAM, 256 GB inbuilt",5000 mAh Battery with 80W Fast Charging,"6.7 inches, 1080 x 2400 px, 120 Hz Display with Punch Hole",64 MP + 20 MP + 2 MP Triple Rear & 32 MP + 32 MP Dual Front Camera,Memory Card Not Supported,
972,1012,realme,Realme Narzo 50i Prime (4GB RAM + 64GB),8720,64.0,"Dual Sim, 3G, 4G, VoLTE, Wi-Fi",False,False,False,"Tiger T612, Octa Core, 1.82 GHz Processor",Tiger T612,tiger,Octa Core, 1.82 GHz Processor,"4 GB RAM, 64 GB inbuilt",5000 mAh Battery with 10W Fast Charging,"6.5 inches, 720 x 1600 px Display with Water Drop Notch",8 MP Rear & 5 MP Front Camera,"Memory Card Supported, upto 1 TB",Android v11
973,1013,oppo,Oppo Find X6,69990,89.0,"Dual Sim, 3G, 4G, 5G, VoLTE, Wi-Fi, NFC",True,True,False,"Snapdragon 8 Gen2, Octa Core, 3.2 GHz Processor",Snapdragon 8 Gen2,snapdragon,Octa Core, 3.2 GHz Processor,"8 GB RAM, 256 GB inbuilt",4700 mAh Battery with 120W Fast Charging,"6.73 inches, 1080 x 2400 px, 120 Hz Display with Punch Hole",50 MP + 48 MP + 32 MP Triple Rear & 32 MP Front Camera,Memory Card Not Supported,
974,1014,itel,itel A23s,4787,,"Dual Sim, 3G, 4G, Wi-Fi",False,False,False,"Spreadtrum  SC9832E, Quad Core, 1.4 GHz Processor",Spreadtrum  SC9832E,spreadtrum,Quad Core, 1.4 GHz Processor,"2 GB RAM, 32 GB inbuilt",3020 mAh Battery,"5 inches, 854 x 480 px Display",2 MP Rear Camera,Memory Card Not Supported,
975,1015,google,Google Pixel 8 Pro,70990,80.0,"Dual Sim, 3G, 4G, 5G, VoLTE, Wi-Fi, NFC",True,True,False,"Google  Tensor 3, Octa Core Processor",Google  Tensor 3,google,Octa Core,,"12 GB RAM, 256 GB inbuilt",5000 mAh Battery with 67W Fast Charging,"6.73 inches, 1440 x 3120 px, 120 Hz Display with Punch Hole",50 MP + 50 MP + 50 MP Triple Rear & 12 MP Front Camera,Memory Card Not Supported,
976,1016,vivo,Vivo X Fold 2,119990,,"Dual Sim, 3G, 4G, 5G, VoLTE, Wi-Fi, NFC",True,True,False,"Snapdragon 8 Gen2, Octa Core, 3.2 GHz Processor",Snapdragon 8 Gen2,snapdragon,Octa Core, 3.2 GHz Processor,"12 GB RAM, 256 GB inbuilt",4800 mAh Battery with 66W Fast Charging,"8.03 inches, 1916 x 2160 px, 120 Hz Display",50 MP + 50 MP + 10 MP Triple Rear & 32 MP Front Camera,Memory Card Not Supported,Android v12
977,1017,motorola,Motorola Moto Edge S30 Pro,34990,83.0,"Dual Sim, 3G, 4G, 5G, VoLTE, Wi-Fi",True,False,False,"Snapdragon 8 Gen1, Octa Core, 3 GHz Processor",Snapdragon 8 Gen1,snapdragon,Octa Core, 3 GHz Processor,"8 GB RAM, 128 GB inbuilt",5000 mAh Battery with 68.2W Fast Charging,"6.67 inches, 1080 x 2460 px, 120 Hz Display with Punch Hole",64 MP + 8 MP + 2 MP Triple Rear & 16 MP Front Camera,Memory Card Not Supported,
978,1018,honor,Honor X8 5G,14990,75.0,"Dual Sim, 3G, 4G, 5G, VoLTE, Wi-Fi",True,False,False,"Snapdragon  480+, Octa Core, 2.2 GHz Processor",Snapdragon  480+,snapdragon,Octa Core, 2.2 GHz Processor,"6 GB RAM, 128 GB inbuilt",5000 mAh Battery with 22.5W Fast Charging,"6.5 inches, 720 x 1600 px Display with Water Drop Notch",48 MP + 2 MP + Depth Sensor Triple Rear & 8 MP Front Camera,"Memory Card Supported, upto 1 TB",Android v11
979,1019,poco,POCO X4 GT 5G (8GB RAM + 256GB),28990,85.0,"Dual Sim, 3G, 4G, 5G, VoLTE, Wi-Fi, NFC, IR Blaster",True,True,True,"Dimensity 8100, Octa Core, 2.85 GHz Processor",Dimensity 8100,dimensity,Octa Core, 2.85 GHz Processor,"8 GB RAM, 256 GB inbuilt",5080 mAh Battery with 67W Fast Charging,"6.6 inches, 1080 x 2460 px, 144 Hz Display with Punch Hole",64 MP + 8 MP + 2 MP Triple Rear & 16 MP Front Camera,Memory Card Not Supported,Android v12
980,1020,motorola,Motorola Moto G91 5G,19990,80.0,"Dual Sim, 3G, 4G, 5G, VoLTE, Wi-Fi, NFC",True,True,False,"Snapdragon 695, Octa Core, 2.2 GHz Processor",Snapdragon 695,snapdragon,Octa Core, 2.2 GHz Processor,"6 GB RAM, 128 GB inbuilt",5000 mAh Battery with Fast Charging,"6.8 inches, 1080 x 2400 px Display with Punch Hole",108 MP + 8 MP + 2 MP Triple Rear & 32 MP Front Camera,"Memory Card Supported, upto 1 TB",Android v12
981,1021,samsung,Samsung Galaxy M52s 5G,24990,74.0,"Dual Sim, 3G, 4G, 5G, VoLTE, Wi-Fi",True,False,False,Octa Core Processor,,octa,Octa Core,,"8 GB RAM, 128 GB inbuilt",5000 mAh Battery with Fast Charging,"6.5 inches, 1080 x 2400 px Display with Water Drop Notch",64 MP + 8 MP + 5 MP Triple Rear & 32 MP Front Camera,"Memory Card Supported, upto 1 TB",Android v12
